3.56,-2.397,1.163
-3.748,2.371,-1.378
-6.484,5.737,-0.747
-5.087,6.707,1.62
1.328,1.117,2.445
12.956,-10.291,2.665
-0.32,-0.288,-0.608
-4.076,4.347,0.271
0.064,1.336,1.4
6.832,-6.868,-0.037
-14.635,14.588,-0.046
3.235,1.069,4.304
6.499,-3.55,2.948
3.836,-3.966,-0.129
0.901,3.066,3.967
5.01,-3.008,2.002
4.19,-3.484,0.707
-6.6,11.74,5.14
3.088,-1.7,1.388
9.236,-8.498,0.738
-10.881,14.095,3.213
-6.515,4.897,-1.618
4.404,-4.08,0.325
7.043,-4.61,2.433
4.344,-3.942,0.402
0.282,-0.295,-0.013
8.868,-9.085,-0.217
-7.856,9.99,2.135
5.329,-7.135,-1.805
1.418,-2.183,-0.765
15.582,-14.232,1.35
-8.87,10.869,1.999
8.306,-5.409,2.897
1.0790000000000002,1.2160000000000002,2.295
-1.367,2.22,0.853
-2.917,1.699,-1.218
4.231,-4.269,-0.038
-9.104,11.269,2.165
-3.008,0.91,-2.098
7.495,-8.428,-0.934
5.57,-5.555,0.015
8.852,-7.657,1.194
3.368,-5.483,-2.115
-20.315,21.153,0.838
2.647,-3.776,-1.129
-1.487,-2.222,-3.709
6.586,-5.737,0.849
15.593,-18.689,-3.095
-13.465,11.96,-1.505
-0.547,1.893,1.346
4.022,-3.934,0.089
-1.465,-3.266,-4.732
10.826,-9.643,1.183
1.874,-1.187,0.687
10.938,-10.903,0.035
0.678,1.064,1.741
6.048,-7.645,-1.596
-4.868,3.506,-1.362
-2.608,2.513,-0.095
0.742,0.225,0.967
-3.143,6.223,3.081
6.595,-5.904,0.691
6.517,-3.967,2.55
12.689,-11.714,0.975
1.037,-0.968,0.069
-0.679,0.091,-0.588
9.102,-11.774,-2.671
-7.849,8.706,0.857
-11.261,12.76,1.499
9.789,-8.057,1.732
5.077,-5.223,-0.146
1.41,-1.725,-0.314
17.706,-16.919,0.787
-1.905,1.895,-0.01
2.879,-1.116,1.763
5.467,-5.13,0.337
0.813,-0.641,0.172
-7.903,9.686,1.783
-0.103,0.968,0.865
-0.909,1.169,0.259
3.238,-2.298,0.939
9.82,-10.675,-0.855
5.954,-6.6,-0.645
0.871,3.945,4.816
-5.214,6.535,1.322
-7.516,6.548,-0.968
9.746,-6.489,3.258
2.725,-3.049,-0.324
2.125,-1.891,0.234
5.602,-7.917,-2.315
4.571,-0.666,3.904
-3.659,1.006,-2.653
-3.988,5.152,1.164
7.191,-3.565,3.626
-11.202,12.341,1.139
-6.028,5.378,-0.65
6.313,-5.199,1.113
1.44,-4.57,-3.131
-0.467,-1.322,-1.789
1.387,-1.238,0.15
-0.286,1.343,1.057
6.922000000000001,-8.4155,-1.494
-9.017,11.828,2.811
3.028,-1.875,1.153
-6.736,4.85,-1.886
-0.842,-0.518,-1.36
4.398,1.354,5.753
-1.835,0.407,-1.428
6.651,-6.479,0.172
-2.833,2.278,-0.555
4.992,-4.336,0.657
0.987,0.983,1.971
0.448,-2.324,-1.876
16.298,-15.633,0.665
4.502,-8.568,-4.066
-13.29,9.948,-3.342
0.505,-1.72,-1.215
3.019,-6.054,-3.035
-2.402,1.686,-0.717
1.207,-0.034,1.173
5.316,-4.471,0.844
4.809,-1.556,3.253
12.6,-13.599,-1.0
11.341,-14.467,-3.127
2.877,-1.663,1.214
-3.062,6.866,3.804
8.141,-7.901,0.241
2.655,-2.205,0.451
10.143,-12.19,-2.047
-7.379,7.472,0.094
1.206,-1.585,-0.378
-4.245,5.253,1.008
3.545,-2.319,1.226
6.033,-5.265,0.767
5.642,-3.686,1.956
-9.803,12.676,2.873
-6.003,6.555,0.552
2.163,-5.204,-3.041
-4.235,1.342,-2.893
0.778,1.935,2.713
-6.339,5.32,-1.019
-6.731,7.506,0.775
1.139,-1.003,0.136
-7.239,7.227,-0.011
6.952,-8.652,-1.7
-3.892,4.421,0.529
-8.708,9.304,0.596
-6.375,4.599,-1.776
-6.129,8.421,2.292
-11.799,10.673,-1.126
2.221,0.414,2.634
-4.538,5.453,0.915
1.148,-3.622,-2.473
0.914,3.11,4.024
3.042,-0.989,2.053
3.01,-5.315,-2.305
0.874,-1.742,-0.868
10.858,-10.094,0.764
-21.371,18.333,-3.039
8.966,-10.567,-1.601
5.186,-4.331,0.855
5.351,-6.905,-1.554
3.323,-1.597,1.725
1.003,-1.985,-0.982
-8.159,5.044,-3.115
-0.042,-2.102,-2.144
3.013,-4.317,-1.304
4.237,-0.938,3.299
5.935,-8.223,-2.288
0.705,-0.631,0.075
-3.806,2.228,-1.578
-11.799,10.673,-1.126
6.875,-6.16,0.716
10.671,-11.039,-0.368
7.102,-4.155,2.947
8.881,-6.276,2.605
-4.711,4.058,-0.653
4.515,-4.407,0.108
-2.839,3.263,0.424
20.402,-18.106,2.296
11.028,-10.494,0.534
-2.324,2.007,-0.317
-12.232,10.204,-2.028
-16.32,15.653,-0.667
-8.406,7.388,-1.018
-1.912,2.741,0.829
-7.668,6.289,-1.379
7.738,-5.22,2.518
7.248,-6.779,0.469
-6.391,5.69,-0.701
7.254,-7.937,-0.683
14.713,-17.841,-3.128
0.758,2.683,3.44
-8.468,7.786,-0.682
-11.991,13.648,1.657
0.867,2.214,3.08
0.329,-2.916,-2.588
-0.071,0.163,0.093
-4.452,6.844,2.393
1.042,-1.288,-0.246
-5.063,4.181,-0.882
-13.495,14.761,1.266
-6.486,5.109,-1.377
-12.008,11.109,-0.899
-10.293,6.76,-3.534
-1.645,0.316,-1.329
3.301,-1.454,1.847
0.46,-0.784,-0.324
-4.949,3.384,-1.565
7.034,-3.909,3.125
-14.704,18.286,3.582
-4.502,3.672,-0.83
-6.391,5.69,-0.701
-1.523,0.367,-1.157
-4.056,2.755,-1.301
-1.006,1.849,0.843
-7.293,6.059,-1.234
2.879,-1.116,1.763
-7.481,6.645,-0.835
2.051,-3.201,-1.15
2.72,-4.025,-1.305
0.999,0.124,1.123
-8.993,10.653,1.66
-4.148,4.873,0.725
-0.912,1.201,0.289
-7.974,4.773,-3.2
-5.97,9.105,3.136
15.337,-12.696,2.641
-2.128,1.201,-0.927
6.091,-8.172,-2.081
-0.697,0.692,-0.005
8.477,-6.226,2.251
-2.211,4.04,1.828
-22.172,21.265,-0.907
-2.008,3.675,1.667
6.53,-8.378,-1.848
-7.467,6.521,-0.945
2.484,-4.346,-1.862
5.189,-4.894,0.295
0.043,1.889,1.932
-4.367,4.194,-0.173
2.461,-3.151,-0.69
7.833,-7.842,-0.009
7.241,-4.627,2.615
11.582,-12.164,-0.583
-3.18,2.444,-0.736
5.114,-7.214,-2.1
-5.886,6.067,0.18
-5.089,5.593,0.505
4.059,-4.402,-0.343
10.469,-13.284,-2.815
-10.318,8.432,-1.887
-7.711,6.369,-1.342
-1.082,4.603,3.521
2.639,-1.661,0.978
3.373,-3.954,-0.581
-3.777,6.24,2.463
-1.043,-0.283,-1.326
8.004,-5.119,2.885
-3.988,5.243,1.254
-3.848,4.061,0.213
6.717,-7.894,-1.177
2.391,-2.813,-0.421
-9.883,10.983,1.1
-4.99,6.436,1.446
-0.483,2.558,2.075
6.6475,-6.3785,0.269
-2.024,2.713,0.689
-9.281,8.51,-0.771
5.867,-5.159,0.708
-2.286,2.385,0.099
9.875,-9.812,0.063
5.847,-4.366,1.481
7.325,-6.191,1.135
6.815,-1.605,5.211
7.63,-10.318,-2.689
-2.174,0.152,-2.022
18.029,-16.734,1.295
-11.162,12.909,1.747
-3.941,4.001,0.059
-9.103,8.994,-0.109
9.579,-12.137,-2.558
-1.001,3.025,2.024
1.589,-2.622,-1.033
-2.869,3.877,1.008
10.383,-9.211,1.172
-5.145,5.252,0.107
-6.339,5.32,-1.019
5.024,-4.869,0.155
2.053,-0.18,1.874
8.418,-7.084,1.334
-3.343,4.304,0.962
-12.869,11.272,-1.597
-0.535,-0.306,-0.841
-5.473,3.807,-1.666
1.43,-0.334,1.096
1.354,0.657,2.012
-3.939,5.809,1.87
2.731,-2.715,0.017
-15.535,18.575,3.039
-0.125,1.337,1.213
4.213,-3.283,0.93
-8.348,9.895,1.547
3.341,-5.518,-2.177
-1.275,1.828,0.553
-4.569,5.568,0.999
6.364,-8.414,-2.05
3.998,-4.083,-0.084
-1.13,2.524,1.394
1.028,1.079,2.107
-4.266,4.306,0.04
4.04,-2.084,1.956
4.91,-3.967,0.943
4.159,-4.278,-0.119
-1.143,-1.452,-2.595
-3.382,2.032,-1.349
-5.679,5.203,-0.476
16.687,-17.556,-0.869
-4.831,3.854,-0.978
3.521,-5.659,-2.138
-3.047,4.16,1.112
5.968,-5.274,0.695
-1.751,1.849,0.097
1.087,0.767,1.855
4.484,-3.926,0.558
4.212,-5.299,-1.086
-6.625,8.179,1.554
3.402,-5.686,-2.284
1.521,1.26,2.781
10.299,-9.574,0.724
4.916,-4.363,0.554
8.966,-10.567,-1.601
-5.664,6.176,0.512
-2.645,-0.546,-3.191
-5.436,6.123,0.688
5.896,-4.006,1.89
-4.674,4.952,0.278
-13.215,13.388,0.173
8.851,-11.283,-2.432
6.476,-1.709,4.767
-1.943,4.799,2.856
2.343,-4.298,-1.955
-7.183,4.205,-2.978
1.59,-1.054,0.535
-6.493,3.083,-3.41
-0.214,3.943,3.729
2.428,-0.947,1.482
0.704,-0.401,0.303
7.0,-5.553,1.447
-1.163,2.825,1.662
5.464,-4.282,1.182
-0.55,-0.287,-0.838
-0.741,2.309,1.567
4.141,-3.863,0.278
-3.884,2.196,-1.688
-0.783,-0.91,-1.694
5.534,-5.957,-0.424
0.067,0.111,0.179
8.122,-6.575,1.547
-6.213,7.119,0.907
3.971,-1.912,2.059
4.09,-2.373,1.716
9.055,-6.442,2.614
-10.248,7.123,-3.125
-3.813,5.173,1.36
-14.151,13.784,-0.367
-7.526,8.685,1.158
-14.437,15.349,0.912
-2.174,0.152,-2.022
-5.92,5.991,0.071
-5.982,7.235,1.253
-4.364,2.639,-1.725
10.869,-11.026,-0.157
-3.892,3.622,-0.27
-8.018,10.221,2.202
1.174,-1.074,0.1
6.934,-2.67,4.264
-4.079,4.513,0.435
3.563,-2.187,1.376
-1.096,5.685,4.589
2.701,-0.784,1.917
1.009,-0.669,0.34
5.475,-5.036,0.44
-12.345,12.982,0.637
-7.849,7.206,-0.643
-16.67,19.026,2.356
1.882,-3.685,-1.804
4.573,-5.657,-1.084
9.467,-10.495,-1.028
-8.704,9.448,0.744
-11.698,12.443,0.745
-13.382,10.492,-2.89
-4.36,2.9,-1.46
6.654,-5.157,1.497
1.319,-0.997,0.322
-15.954,15.421,-0.533
-4.835,4.1,-0.734
-8.887,11.724,2.837
-1.296,0.225,-1.07
0.637,0.93,1.567
8.573,-10.137,-1.564
-1.528,-3.199,-4.727
-1.55,0.901,-0.65
1.925,0.783,2.708
-3.666,3.999,0.333
0.504,-0.868,-0.364
-8.028,8.489,0.46
-8.27,6.058,-2.212
-2.667,5.172,2.506
13.095,-12.497,0.598
10.945,-6.639,4.306
9.271,-7.479,1.793
-3.149,-1.597,-4.745
-1.278,1.02,-0.258
-0.405,0.671,0.266
11.224,-13.179,-1.955
13.968,-14.63,-0.662
2.364,0.385,2.748
-5.411,5.679,0.268
-4.911,7.606,2.695
6.257,-7.624,-1.367
-5.158,7.647,2.488
-0.252,0.964,0.712
3.373,-3.954,-0.581
2.927,-1.697,1.23
4.848,-4.18,0.668
3.468,-1.055,2.413
1.569,-1.639,-0.07
-1.187,0.997,-0.19
2.021,-2.57,-0.549
2.642,-4.45,-1.808
-8.86,7.676,-1.184
7.894,-9.351,-1.457
6.4035,-7.2725,-0.869
4.568,-3.572,0.996
3.089,-1.861,1.228
4.19,-3.484,0.707
10.552,-12.383,-1.831
-8.096,9.258,1.162
8.962,-6.822,2.14
-6.818,7.418,0.601
8.948,-7.97,0.979
9.527,-9.77,-0.243
-1.449,1.494,0.044
2.582,-4.415,-1.833
4.912,-4.407,0.506
-12.681,10.756,-1.925
-3.81,7.74,3.93
-7.961,6.437,-1.523
-9.643,7.771,-1.872
9.466,-6.449,3.016
-5.204,4.172,-1.032
2.623,-3.075,-0.452
-8.62,10.234,1.614
0.87,-0.536,0.334
17.453,-14.409,3.044
3.697,-2.84,0.857
-11.009,7.99,-3.019
3.656,-3.437,0.219
2.138,0.49,2.629
5.292,-5.653,-0.361
-7.196,6.586,-0.609
8.611,-9.76,-1.148
4.384,-3.719,0.665
5.491,-5.613,-0.122
-4.716,3.402,-1.314
6.151,-8.396,-2.245
1.538,1.457,2.996
6.959,-6.851,0.108
-3.045,3.98,0.935
7.093,-6.113,0.98
4.589,-3.869,0.72
-9.472,9.903,0.431
-1.76,3.122,1.362
9.357,-9.703,-0.346
-1.178,1.035,-0.143
-10.65,12.148,1.498
-2.17,1.735,-0.435
-10.945,10.422,-0.522
-13.89,14.41,0.521
-4.003,2.655,-1.348
1.194,-0.193,1.001
-1.042,-2.4,-3.442
-4.52,5.738,1.217
4.987,-5.368,-0.381
-6.278,8.586,2.308
-9.301,5.287,-4.014
7.894,-9.351,-1.457
9.813,-8.737,1.076
-4.718,2.553,-2.165
-9.281,8.279,-1.002
6.442,-8.988,-2.546
-12.915,17.236,4.321
12.325,-8.646,3.68
-4.592,6.996,2.403
-6.257,7.508,1.251
0.488,-3.04,-2.553
-1.149,-0.586,-1.735
-3.801,3.671,-0.13
21.02,-23.935,-2.915
-3.911,3.816,-0.095
13.312,-14.006,-0.695
6.819,-6.455,0.364
1.578,-4.212,-2.635
15.287,-11.905,3.381
-5.354,6.15,0.797
4.182,-2.785,1.397
-7.212,8.0,0.788
0.757,-0.557,0.2
-3.348,9.767,6.419
-5.021,4.78,-0.241
-15.011,20.563,5.553
-12.083,12.292,0.209
-1.677,4.037,2.361
-9.594,7.995,-1.599
-1.907,3.68,1.773
-10.179,9.486,-0.693
-15.229,16.434,1.205
2.068,-1.971,0.097
-12.576,10.558,-2.018
1.349,-0.069,1.28
6.956,-6.508,0.447
5.458,-5.624,-0.167
6.478,-6.908,-0.43
-16.263,14.159,-2.104
-8.841,7.775,-1.066
11.645,-11.951,-0.306
-0.166,3.644,3.478
4.167,-4.205,-0.038
-2.707,1.739,-0.968
5.934,-0.034,5.901
9.028,-7.172,1.856
-1.206,0.591,-0.615
-5.869,5.372,-0.497
3.995,-2.637,1.358
-8.005,7.656,-0.349
-3.838,4.873,1.035
-9.506,10.147,0.641
-12.252,7.225,-5.027
2.182,-0.294,1.888
8.122,-6.575,1.547
-5.527,8.35,2.823
5.938,-5.378,0.56
6.376,-1.405,4.971
5.491,-6.028,-0.537
-4.376,6.336,1.961
14.803,-15.679,-0.877
-6.569,3.547,-3.022
-9.655,10.111,0.455
5.769,-7.582,-1.814
2.814,-0.661,2.153
-6.558,8.539,1.981
-13.049,9.351,-3.698
3.899,-3.303,0.596
-0.775,0.413,-0.362
-0.99,4.727,3.737
0.672,1.052,1.724
15.065,-15.722,-0.657
-3.383,2.29,-1.093
-0.659,1.949,1.291
-6.447,10.061,3.614
-2.203,3.391,1.188
-5.909,3.593,-2.316
10.985,-12.356,-1.371
2.694,-2.896,-0.202
-2.3,2.702,0.402
-2.4,3.177,0.777
-3.708,5.865,2.158
0.422,-0.537,-0.115
-3.924,3.412,-0.513
-3.822,7.515,3.693
-0.29,1.906,1.616
3.68,-2.984,0.696
9.705,-8.203,1.502
-3.136,3.461,0.325
-6.896,3.156,-3.74
2.01,-0.607,1.404
-1.974,0.311,-1.663
-8.305,9.157,0.852
8.008,-7.852,0.157
-3.464,4.804,1.34
5.291,-6.453,-1.162
-4.58,4.363,-0.217
8.986,-10.234,-1.247
4.346,-4.159,0.187
5.616,-3.854,1.762
-2.228,2.963,0.735
-2.355,3.378,1.023
-7.034,5.342,-1.692
4.141,-6.064,-1.923
-4.502,5.531,1.028
6.622,-6.532,0.09
1.608,-2.608,-1.0
0.017,0.799,0.816
0.41,1.789,2.199
-8.436,7.76,-0.676
5.904,-6.42,-0.516
-4.273,2.497,-1.775
5.923,-10.808,-4.885
-4.024,3.982,-0.042
-1.358,1.195,-0.162
17.452,-18.158,-0.706
12.689,-11.714,0.975
21.884,-20.962,0.921
5.348,-3.706,1.642
-2.574,2.971,0.397
-1.784,1.651,-0.132
-4.743,6.919,2.176
-6.793,4.615,-2.178
-10.715,12.127,1.412
9.113,-10.604,-1.491
-0.797,3.041,2.243
6.902,-4.267,2.635
13.86,-14.102,-0.242
0.329,1.219,1.548
2.26,-4.898,-2.639
1.878,-2.546,-0.668
7.741,-3.841,3.9
2.025,-2.889,-0.864
7.718,-7.244,0.474
-9.121,11.719,2.598
-6.906,5.551,-1.355
1.246,1.269,2.515
6.669,-7.543,-0.875
6.533,-7.827,-1.294
3.205,-5.237,-2.032
-2.6,5.502,2.903
5.074,-7.146,-2.072
-3.908,1.037,-2.872
-0.407,2.622,2.215
6.286,-7.497,-1.211
-0.046,-2.731,-2.777
-9.968,8.493,-1.475
1.254,-2.141,-0.887
3.815,-2.455,1.36
2.83,-1.513,1.317
7.893,-8.363,-0.47
-9.5,9.038,-0.462
-1.187,1.625,0.438
-7.319,8.74,1.421
-4.939,5.789,0.849
1.21,0.354,1.564
9.248,-9.188,0.061
-3.867,5.794,1.927
1.243,-1.51,-0.267
-4.274,5.865,1.591
9.013,-7.64,1.373
-14.417,14.581,0.164
-3.445,5.966,2.521
2.083,-0.556,1.528
-9.983,8.69,-1.293
4.231,-4.269,-0.038
11.949,-11.691,0.258
4.643,-2.616,2.027
14.004,-6.346,7.659
1.348,0.184,1.532
-2.662,1.928,-0.734
-3.692,3.789,0.096
11.218,-12.82,-1.601
4.819,-5.886,-1.068
-0.058,1.765,1.707
-5.45,4.928,-0.522
-3.54,5.469,1.93
-9.948,8.422,-1.526
-5.534,2.923,-2.611
5.567,-3.675,1.891
11.451,-9.426,2.025
1.332,0.362,1.694
-2.659,5.764,3.105
0.122,0.809,0.931
0.301,1.464,1.765
5.985,-3.491,2.495
-0.198,2.299,2.101
1.459,-3.122,-1.663
-6.124,7.631,1.508
10.881,-7.346,3.535
1.429,-1.365,0.064
5.186,-6.26,-1.074
6.175,-5.937,0.238
2.852,-1.114,1.737
2.799,-1.872,0.927
2.548,-0.721,1.827
2.09,-3.37,-1.28
-19.321,18.62,-0.701
2.133,-2.812,-0.679
4.407,-4.905,-0.498
0.271,-0.312,-0.041
9.092,-9.083,0.01
-10.768,10.71,-0.058
7.554,-7.319,0.234
-4.237,0.85,-3.387
-4.463,3.001,-1.462
2.639,-1.661,0.978
2.221,-3.226,-1.005
-5.206,5.922,0.715
4.785,-3.804,0.981
1.88,0.441,2.321
10.44,-10.949,-0.509
9.726,-10.397,-0.671
-3.25,1.781,-1.469
2.685,-4.836,-2.151
2.601,1.017,3.618
4.451,-3.926,0.525
-11.464,11.553,0.089
-10.763,11.055,0.293
-10.518,14.173,3.655
-0.659,1.949,1.291
-5.994,7.63,1.636
-0.788,1.924,1.136
-8.85,9.17,0.32
-6.14,6.012,-0.128
-0.614,0.561,-0.053
0.045,0.473,0.518
13.877,-12.563,1.314
-3.944,2.447,-1.497
3.707,-5.112,-1.406
-7.73,7.047,-0.683
1.718,-2.24,-0.522
-2.703,4.719,2.016
-1.491,0.584,-0.907
8.356,-7.329,1.027
0.293,0.326,0.618
1.783,-1.486,0.297
22.924,-21.206,1.718
-7.725,7.331,-0.395
11.758,-9.489,2.269
0.162,0.576,0.738
-4.276,5.212,0.936
12.086,-12.702,-0.616
-1.87,2.739,0.869
3.401,-4.498,-1.097
-15.196,14.253,-0.943
8.342,-4.434,3.909
-4.201,6.383,2.182
-6.308,3.633,-2.674
-12.654,14.891,2.237
-1.796,1.577,-0.218
6.318,-5.684,0.634
7.034,-3.909,3.125
0.943,0.279,1.221
-8.898,10.062,1.164
2.723,-3.075,-0.352
4.573,-3.044,1.528
8.161,-7.521,0.641
2.983,-1.669,1.314
-14.212,16.07,1.857
2.467,-1.183,1.284
9.27,-9.513,-0.243
3.873,-3.708,0.165
-9.636,9.18,-0.457
-4.531,5.484,0.953
-1.769,2.212,0.444
-0.169,1.737,1.568
1.581,-0.7,0.881
0.787,-1.62,-0.833
-0.125,-3.743,-3.867
3.825,-3.468,0.357
3.213,-6.324,-3.112
-7.348,8.429,1.081
2.882,-3.975,-1.093
8.338,-5.626,2.712
-1.276,0.287,-0.989
-3.586,4.924,1.337
15.226,-18.093,-2.866
-7.273,10.104,2.831
13.694,-13.248,0.446
16.096,-15.611,0.485
7.329,-8.098,-0.77
-1.002,-0.736,-1.738
-2.257,1.753,-0.504
-7.6,7.429,-0.17
7.858,-5.861,1.997
-1.581,1.473,-0.108
-4.048,2.795,-1.252
-3.57,3.374,-0.196
-6.736,5.832,-0.904
0.309,-5.08,-4.772
-5.88,11.261,5.381
-2.079,2.454,0.375
4.467,-2.808,1.659
1.291,-0.493,0.798
8.185,-5.516,2.669
8.007,-6.522,1.484
-0.716,1.688,0.971
0.687,-1.772,-1.085
-3.664,3.459,-0.206
-2.742,4.986,2.244
4.013,-2.849,1.165
0.296,-0.713,-0.418
-0.963,2.173,1.21
9.562,-11.239,-1.677
-4.857,5.795,0.938
-2.677,-0.004,-2.681
4.596,-6.591,-1.995
3.913,-4.29,-0.377
17.796,-20.621,-2.826
-10.358,10.635,0.276
-3.227,5.627,2.401
-6.411,8.746,2.335
8.045,-4.948,3.098
-3.316,3.643,0.327
-3.819,2.348,-1.471
-6.596,5.424,-1.172
-7.971,7.984,0.014
-0.568,1.763,1.196
-1.729,1.174,-0.555
-1.907,0.341,-1.566
-5.211,6.911,1.7
-0.058,1.765,1.707
4.506,-3.19,1.317
1.714,0.08,1.793
-6.841,7.977,1.136
1.245,2.175,3.42
-6.253,7.271,1.017
1.037,-0.968,0.069
-4.798,4.316,-0.482
-0.204,0.974,0.77
-11.572,10.18,-1.392
1.352,-1.053,0.299
-4.931,7.346,2.416
-3.406,5.232,1.826
-3.894,4.438,0.544
0.668,-0.332,0.336
-3.311,1.829,-1.482
-17.112,17.424,0.311
13.178,-13.122,0.057
6.781,-7.202,-0.421
4.136,-4.867,-0.73
-5.74,3.715,-2.025
0.537,-2.082,-1.545
-10.607,11.74,1.133
-3.06,1.603,-1.458
-11.736,12.092,0.356
5.89,-7.017,-1.128
-0.714,2.404,1.69
0.787,-2.19,-1.403
5.278,-4.843,0.435
-4.436,4.632,0.196
-5.978,7.162,1.184
-0.095,1.509,1.413
-9.453,10.63,1.177
-10.107,12.304,2.197
5.539,-6.417,-0.878
-10.245,8.783,-1.462
-7.008,5.135,-1.873
-4.383,2.779,-1.604
2.228,-1.625,0.603
2.579,-1.117,1.462
5.482,-8.108,-2.625
7.86,-3.842,4.018
16.492,-16.896,-0.404
3.41,-2.748,0.662
-3.027,6.16,3.133
-5.054,2.639,-2.415
-1.942,3.476,1.535
12.138,-10.351,1.786
7.251,-8.366,-1.115
-4.604,3.988,-0.616
4.232,-1.976,2.256
8.263,-5.115,3.148
0.0,0.965,0.965
5.188,-3.482,1.705
16.21,-15.543,0.667
0.91,2.061,2.97
-12.355,12.572,0.217
6.648,-4.48,2.167
6.364,-8.414,-2.05
0.981,-0.231,0.75
-0.177,0.281,0.104
-9.286,7.107,-2.178
-1.967,6.433,4.467
-6.556,5.578,-0.978
-4.989,2.349,-2.64
12.119,-11.954,0.166
12.295,-12.832,-0.537
9.245,-10.571,-1.326
-3.371,2.552,-0.818
-1.386,3.484,2.098
23.722,-23.705,0.017
1.612,-0.034,1.578
-3.452,0.93,-2.522
5.517,-1.66,3.856
5.905,-3.132,2.773
-0.243,-0.698,-0.941
-3.684,4.407,0.724
1.916,-1.755,0.161
-6.842,5.275,-1.567
-8.222,8.48,0.258
-4.944,5.851,0.906
-2.809,2.093,-0.715
-0.748,0.838,0.09
-3.202,2.972,-0.231
10.668,-10.561,0.107
-4.199,4.915,0.716
0.042,-1.889,-1.848
3.739,-4.507,-0.768
5.349,-3.181,2.168
8.381,-7.645,0.737
-2.011,-0.69,-2.701
6.069,-8.02,-1.951
-7.406,7.607,0.201
-4.462,4.966,0.505
-1.437,1.233,-0.203
1.192,0.336,1.528
5.906,-3.08,2.827
3.331,-3.816,-0.485
18.004,-12.43,5.573
2.839,-0.026,2.812
-5.762,9.296,3.534
1.301,-0.45,0.851
-2.82,2.273,-0.547
-1.691,1.919,0.229
3.463,-3.566,-0.103
-2.642,5.607,2.965
3.444,-0.227,3.217
12.681,-12.472,0.209
-10.768,10.71,-0.058
1.455,0.445,1.9
2.791,-3.954,-1.164
9.751,-7.304,2.447
-0.241,2.604,2.363
12.109,-11.344,0.765
-4.251,5.775,1.524
-5.755,6.428,0.673
5.906,-4.958,0.948
-7.514,7.143,-0.371
11.197,-15.257,-4.06
13.737,-14.067,-0.33
6.355,-7.631,-1.277
2.686,-2.373,0.313
-2.661,5.377,2.716
-7.343,6.946,-0.398
-1.033,-0.363,-1.396
-14.414,13.908,-0.506
-0.232,-0.743,-0.976
13.801,-14.412,-0.611
5.952,-4.778,1.174
0.749,-0.603,0.146
9.724,-9.561,0.164
3.769,-1.827,1.942
9.605,-8.354,1.251
-4.836,4.167,-0.669
-15.355,15.406,0.05
3.42,-3.475,-0.055
-4.335,5.483,1.148
-6.87,4.153,-2.717
3.841,-2.002,1.839
-10.881,9.467,-1.414
9.761,-8.101,1.66
-10.922,13.459,2.537
-4.031,4.729,0.698
-13.561,13.035,-0.526
6.458,-6.008,0.45
-3.08,4.582,1.502
-14.212,16.07,1.857
-0.727,0.785,0.058
7.608,-5.374,2.234
-9.74,10.785,1.046
-3.253,3.274,0.021
9.018,-8.303,0.714
-5.915,6.828,0.913
8.097,-8.962,-0.865
-18.339,18.048,-0.291
-13.86,15.997,2.137
-1.835,0.407,-1.428
-1.27,3.412,2.142
12.99,-10.227,2.763
5.65,-5.584,0.066
-16.658,15.486,-1.172
-2.572,0.616,-1.956
-2.772,5.982,3.21
-5.768,10.002,4.234
5.867,-5.159,0.708
7.075,-4.694,2.38
-14.084,12.978,-1.106
3.675,-3.684,-0.01
-0.375,-1.382,-1.757
-4.678,5.489,0.811
2.064,-0.805,1.258
-3.845,4.829,0.984
4.793,-6.98,-2.188
15.385,-15.306,0.079
-1.319,-0.171,-1.49
-11.537,11.036,-0.501
-1.271,-0.953,-2.225
1.718,-2.24,-0.522
4.058,-5.549,-1.491
0.744,0.979,1.723
-1.934,2.576,0.642
10.984,-5.955,5.029
-0.058,1.765,1.707
6.377,-7.325,-0.948
14.424,-13.979,0.444
6.933,-11.243,-4.311
-9.559,8.126,-1.433
4.727,-0.177,4.55
-5.133,6.88,1.747
4.09,-2.373,1.716
3.657,-3.781,-0.125
7.453,-7.474,-0.021
-1.035,1.407,0.372
5.713,-8.159,-2.446
-3.615,4.251,0.636
8.93,-11.901,-2.971
-3.684,4.401,0.717
0.754,-3.727,-2.973
11.744,-10.779,0.965
-1.481,2.737,1.256
3.27,-2.524,0.746
6.296,-6.562,-0.265
-2.087,3.267,1.181
-2.74,2.709,-0.031
-1.596,2.993,1.397
12.352,-12.096,0.256
1.108,-0.438,0.669
-4.367,4.194,-0.173
-9.63,9.015,-0.615
-0.189,1.053,0.864
-7.076,11.581,4.506
2.485,-3.435,-0.951
-6.558,3.33,-3.228
3.621,-2.189,1.433
-1.285,3.848,2.562
-2.01,3.578,1.568
1.258,-3.086,-1.828
11.167,-11.472,-0.305
5.544,-3.992,1.552
8.395,-10.181,-1.786
-0.438,0.443,0.005
-10.689,12.462,1.774
0.272,-2.955,-2.683
1.791,-0.568,1.223
-6.3,3.893,-2.407
4.657,-6.819,-2.162
-3.736,6.875,3.139
-1.128,4.394,3.265
4.916,-2.853,2.064
3.034,-5.609,-2.575
-12.138,12.572,0.435
-12.898,14.603,1.706
-19.321,18.62,-0.701
5.895,-5.57,0.325
-12.053,9.73,-2.323
1.243,-1.51,-0.267
-2.391,3.585,1.194
9.356,-6.942,2.414
-20.666,20.586,-0.08
-4.801,3.97,-0.831
1.534,-1.408,0.126
-3.685,3.412,-0.273
2.8,-3.442,-0.642
19.929,-18.432,1.497
4.42,-5.163,-0.743
1.123,-0.164,0.959
-8.777,11.375,2.598
3.24,-1.97,1.271
5.026,-3.441,1.585
-10.156,8.518,-1.639
-12.898,14.603,1.706
10.219,-9.08,1.139
3.723,-0.377,3.346
-2.041,6.571,4.529
-4.437,1.01,-3.427
-7.955,9.2,1.245
-13.104,10.942,-2.162
1.97,-0.698,1.272
-5.146,6.605,1.459
4.41,-7.063,-2.652
-3.64,4.017,0.377
5.283,-5.522,-0.239
-1.083,5.585,4.503
15.097,-14.532,0.565
14.41,-13.503,0.907
2.986,-0.78,2.206
-4.199,4.915,0.716
12.815,-13.261,-0.447
3.147,-2.379,0.768
0.493,-1.504,-1.011
7.77,-8.964,-1.194
5.906,-4.958,0.948
14.202,-13.752,0.45
-5.228,6.798,1.571
-2.1,0.407,-1.693
-3.681,5.388,1.706
-2.316,2.121,-0.195
10.068,-9.319,0.749
6.199,-6.31,-0.111
7.579,-5.954,1.626
-5.889,4.519,-1.369
-13.907,13.078,-0.83
-5.692,7.946,2.254
11.381,-9.33,2.051
-0.218,-2.458,-2.676
13.492,-13.14,0.351
4.99,-2.921,2.069
-1.08,0.847,-0.233
-0.018,2.541,2.523
1.329,-1.202,0.127
5.516,-7.435,-1.919
8.941,-4.227,4.713
0.412,2.584,2.996
-7.051,7.278,0.228
11.391,-9.594,1.796
13.492,-13.14,0.351
3.671,-3.545,0.126
10.811,-13.936,-3.125
13.129,-12.21,0.92
-1.699,3.513,1.815
8.945,-11.134,-2.19
-3.806,2.228,-1.578
2.307,-2.206,0.101
-4.638,3.936,-0.702
8.7,-9.315,-0.615
-3.075,-0.65,-3.725
-16.029,13.039,-2.99
-11.434,13.515,2.08
5.174,-6.193,-1.02
12.813,-14.983,-2.17
6.033,-5.265,0.767
-5.31,6.429,1.119
1.418,-2.183,-0.765
-5.42,7.683,2.262
-0.165,1.704,1.539
4.263,-4.476,-0.213
-9.318,11.832,2.514
4.351,-2.393,1.958
4.206,-2.66,1.547
7.093,-4.972,2.121
-4.37,2.359,-2.012
-1.039,1.862,0.823
8.944,-11.059,-2.115
4.888,-3.265,1.622
14.411,-12.462,1.949
-15.44,13.313,-2.127
-10.835,8.108,-2.727
-1.332,-1.886,-3.218
7.329,-8.098,-0.77
-4.839,3.507,-1.332
-8.85,9.17,0.32
4.807,-3.797,1.01
-2.362,6.183,3.821
4.73,-5.095,-0.365
-8.604,6.89,-1.714
1.029,-3.389,-2.36
-11.004,14.14,3.136
8.962,-6.822,2.14
-16.432,19.419,2.986
-3.82,6.034,2.214
-0.265,4.376,4.111
12.997,-10.254,2.743
-12.501,9.734,-2.767
-1.03,2.883,1.853
4.29,-5.851,-1.56
7.907,-6.409,1.497
0.874,-1.857,-0.983
2.893,-0.279,2.615
2.195,-3.075,-0.879
-14.473,11.506,-2.967
3.279,-3.572,-0.293
-3.023,1.244,-1.78
9.092,-9.568,-0.476
-0.625,0.766,0.141
-5.232,4.465,-0.767
-1.21,0.893,-0.318
-3.482,5.777,2.295
-4.16,5.672,1.512
-0.567,0.158,-0.409
-12.989,10.694,-2.295
-13.375,12.229,-1.146
8.234,-7.454,0.78
-3.869,2.414,-1.455
4.886,-4.249,0.637
6.779,-2.693,4.087
-10.14,11.018,0.877
0.914,-3.089,-2.175
-5.576,3.998,-1.578
8.347,-6.056,2.291
-0.653,2.517,1.864
-8.806,5.827,-2.979
-4.18,1.385,-2.795
-0.198,0.144,-0.054
-9.014,8.344,-0.67
-13.15,15.391,2.241
11.385,-9.412,1.973
11.11,-10.787,0.322
-1.964,0.348,-1.616
-1.765,-0.692,-2.457
-3.049,6.277,3.229
4.7,-2.378,2.322
-4.292,4.64,0.349
-12.38,9.435,-2.945
6.838,-6.58,0.259
2.026,0.068,2.094
-11.537,11.036,-0.501
-7.748,5.577,-2.172
3.653,-2.939,0.714
-3.436,4.151,0.715
-1.219,3.304,2.085
6.142,-5.532,0.609
5.138,-5.47,-0.331
1.258,-2.931,-1.673
4.16,-7.164,-3.004
-13.187,13.112,-0.076
1.558,0.764,2.322
9.772,-9.753,0.019
7.872,-7.24,0.632
0.369,0.152,0.521
-11.166,11.087,-0.08
4.139,-4.983,-0.844
-7.016,6.594,-0.423
0.288,3.364,3.653
-4.664,5.836,1.172
5.125,-3.376,1.749
6.612,-5.919,0.694
11.019,-10.045,0.974
-2.324,3.046,0.722
5.732,-5.181,0.551
16.82,-17.309,-0.488
6.055,-5.05,1.005
-8.543,8.063,-0.48
4.252,0.423,4.674
-4.522,2.247,-2.275
9.761,-7.562,2.199
18.518,-18.379,0.14
-15.648,18.217,2.568
8.253,-8.506,-0.252
4.975,-2.589,2.386
-8.681,6.502,-2.179
-1.852,1.78,-0.072
1.81,-0.316,1.495
-4.303,3.724,-0.579
6.116,-2.999,3.117
0.232,1.545,1.778
1.295,-2.695,-1.4
15.245,-14.544,0.701
-6.557,7.722,1.166
-9.733,11.968,2.235
1.426,-3.431,-2.005
-4.664,5.836,1.172
7.783,-6.714,1.069
-2.704,2.488,-0.216
-3.209,2.669,-0.54
-5.122,4.303,-0.819
-9.194,7.532,-1.662
3.22,-6.75,-3.53
12.478,-11.517,0.961
-0.897,1.546,0.649
-7.856,10.623,2.768
7.126,-6.691,0.436
-1.307,1.787,0.48
-3.813,4.265,0.452
8.774,-6.838,1.936
-13.495,14.761,1.266
-2.523,5.045,2.522
-0.024,-1.63,-1.654
5.635,-4.415,1.22
0.466,-1.152,-0.686
-13.72,11.966,-1.754
1.262,-2.331,-1.069
8.877,-7.554,1.323
-6.683,8.148,1.466
3.028,-1.875,1.153
2.461,-3.151,-0.69
-1.987,0.792,-1.195
-4.327,0.995,-3.332
-0.465,0.128,-0.337
-9.309,7.55,-1.759
-1.703,1.402,-0.301
0.788,0.47,1.258
17.109,-17.49,-0.382
7.046,-5.781,1.265
5.411,-7.006,-1.595
13.171,-12.787,0.385
-7.997,9.268,1.271
-2.908,4.162,1.254
-11.284,8.665,-2.62
3.474,-4.302,-0.827
2.736,-0.447,2.288
-12.805,8.217,-4.588
-9.787,10.435,0.649
0.665,0.582,1.247
0.312,1.148,1.46
3.543,-1.845,1.698
-4.918,5.308,0.391
6.711,-4.479,2.232
6.434,-6.282,0.152
13.392,-16.237,-2.845
-13.922,13.466,-0.456
-1.987,5.661,3.674
0.968,1.454,2.422
2.271,0.783,3.054
1.992,-3.484,-1.491
-1.332,0.233,-1.099
2.068,-0.766,1.302
2.447,-3.936,-1.489
9.739,-8.373,1.366
-3.283,1.354,-1.929
2.834,-3.639,-0.806
-12.458,14.008,1.551
-6.391,6.839,0.447
18.399,-18.14,0.259
10.118,-7.091,3.027
2.01,-0.607,1.404
7.329,-8.098,-0.77
7.478,-7.073,0.405
5.618,-4.079,1.539
4.227,-4.395,-0.168
-2.279,3.745,1.467
1.664,-2.391,-0.727
-2.703,3.87,1.167
7.552,-4.972,2.58
-11.192,14.938,3.746
2.428,-0.947,1.482
-3.406,5.232,1.826
1.421,-2.146,-0.724
3.193,-2.056,1.137
-11.33,8.728,-2.602
-10.947,13.373,2.426
-3.382,2.032,-1.349
11.624,-11.273,0.35
-1.883,1.768,-0.115
-8.155,5.652,-2.502
-4.697,4.587,-0.11
-2.639,4.194,1.555
6.136,-5.37,0.766
4.512,-2.78,1.732
5.547,-6.244,-0.697
0.834,4.403,5.237
3.114,-3.175,-0.061
0.674,1.918,2.592
9.708,-7.489,2.219
4.271,-3.519,0.751
-4.931,7.346,2.416
11.385,-9.412,1.973
3.54,-7.272,-3.732
-8.302,7.17,-1.131
8.403,-5.823,2.581
-12.16,10.825,-1.335
6.165,-6.105,0.061
0.745,1.87,2.615
-3.231,2.845,-0.386
-5.254,3.6,-1.654
-14.054,14.416,0.362
6.108,-6.882,-0.774
3.402,-1.552,1.85
13.795,-11.631,2.165
-7.703,7.659,-0.045
5.822,-5.37,0.452
11.253,-11.612,-0.359
-0.018,0.119,0.101
0.053,3.037,3.09
-3.871,6.864,2.994
-5.25,5.137,-0.112
-0.092,-0.362,-0.454
1.727,-5.252,-3.525
-10.755,12.621,1.865
0.505,-1.72,-1.215
-3.206,1.844,-1.362
-0.833,-1.222,-2.055
-8.957,6.388,-2.569
-13.251,15.436,2.185
4.636,-4.63,0.006
3.252,-2.565,0.687
0.124,1.596,1.719
8.735,-9.576,-0.842
1.527,-0.885,0.642
-0.708,0.508,-0.2
7.259,-7.225,0.034
2.16,-4.813,-2.653
2.105,-3.995,-1.89
-5.762,4.362,-1.4
-5.284,5.05,-0.234
-8.573,6.229,-2.344
-5.104,4.347,-0.756
-1.905,1.895,-0.01
-9.366,7.558,-1.807
8.807,-8.537,0.27
-15.098,10.593,-4.504
0.562,1.011,1.573
7.909,-6.178,1.731
4.26,-4.056,0.203
4.468,-4.296,0.172
-13.088,14.406,1.318
-1.549,1.817,0.268
3.015,-3.707,-0.692
0.119,-1.464,-1.346
-2.982,5.961,2.979
3.372,-6.318,-2.946
-4.068,4.3335,0.266
9.47,-8.67,0.801
6.89,-9.647,-2.757
8.963,-7.699,1.264
3.302,-2.308,0.994
-3.446,5.184,1.738
5.046,-4.46,0.587
0.006,-1.752,-1.746
-1.836,2.974,1.138
1.787,-3.409,-1.622
13.029,-13.507,-0.478
-18.142,19.169,1.027
-7.051,7.278,0.228
3.465,-2.405,1.06
6.452,-4.852,1.601
-7.756,7.941,0.184
-5.902,5.841,-0.062
-5.735,7.555,1.82
-8.824,9.798,0.974
-8.819,7.297,-1.522
2.583,0.577,3.16
4.744,-5.11,-0.366
-14.208,15.848,1.641
-2.698,4.516,1.817
2.562,-1.521,1.041
6.875,-6.16,0.716
14.575,-10.944,3.632
0.124,1.596,1.719
9.13,-11.185,-2.055
1.216,-3.548,-2.332
4.004,-6.303,-2.299
0.755,0.808,1.563
5.088,-3.366,1.722
-7.267,8.794,1.527
-16.043,14.955,-1.088
8.004,-8.048,-0.044
3.316,-2.728,0.588
-5.762,4.362,-1.4
13.48,-11.918,1.562
5.168,-4.855,0.314
2.947,-2.297,0.65
-1.434,-2.126,-3.56
6.007,-6.114,-0.107
5.567,-6.373,-0.806
0.209,1.22,1.429
3.439,-1.282,2.157
1.156,-1.799,-0.643
3.8275,-2.843,0.985
7.227,-7.994,-0.768
12.277,-10.23,2.047
12.375,-9.83,2.545
4.73,-5.095,-0.365
-8.799,10.834,2.034
-1.73,2.71,0.98
7.436,-5.707,1.729
8.086,-10.17,-2.084
-1.966,4.177,2.211
10.615,-10.707,-0.092
0.269,-1.672,-1.403
0.159,-1.915,-1.757
-8.161,13.415,5.254
5.212,-7.485,-2.272
-1.577,0.639,-0.938
13.042,-11.141,1.901
-4.218,2.667,-1.551
0.224,4.058,4.281
1.275,-2.436,-1.161
-11.64,12.285,0.645
-4.149,3.915,-0.234
4.048,-5.301,-1.253
-5.533,2.016,-3.516
-4.305,7.791,3.486
-10.156,8.518,-1.639
9.424,-6.316,3.108
13.222,-12.224,0.998
-0.478,3.756,3.279
4.118,-3.388,0.73
14.388,-12.822,1.566
1.416,0.202,1.618
0.729,1.257,1.986
1.636,-3.413,-1.777
2.655,-2.205,0.451
4.073,-6.327,-2.254
-3.149,1.875,-1.274
-9.418,9.193,-0.225
4.384,-3.719,0.665
-3.663,3.317,-0.346
-10.301,10.899,0.598
1.422,-0.037,1.386
2.895,-1.915,0.98
6.797,-7.199,-0.403
10.442,-11.032,-0.59
6.035,-8.663,-2.628
-2.661,2.602,-0.06
0.315,2.773,3.088
0.064,-0.402,-0.337
12.027,-13.666,-1.639
14.461,-14.875,-0.415
-4.686,7.885,3.199
5.802,-4.938,0.864
7.36,-6.906,0.455
5.936,-5.787,0.149
2.216,0.347,2.563
1.162,-2.194,-1.031
-3.739,1.678,-2.061
1.099,-0.758,0.341
2.401,-3.073,-0.672
13.883,-13.0,0.883
-9.34,8.332,-1.008
-7.033,6.133,-0.9
10.865,-9.959,0.906
3.456,-3.783,-0.327
12.03,-9.935,2.095
-5.609,7.568,1.96
0.571,-0.02,0.55
-2.25,1.163,-1.086
-8.24,8.906,0.666
-5.558,7.349,1.791
14.384,-10.336,4.048
3.845,-3.044,0.801
-5.709,8.385,2.676
3.621,-2.189,1.433
2.058,-3.761,-1.703
5.369,-4.71,0.659
-12.168,12.201,0.033
2.953,-6.028,-3.075
1.537,-1.124,0.413
0.622,-0.593,0.029
13.766,-13.826,-0.06
-1.1295000000000006,2.8529999999999998,1.723
-1.539,2.167,0.628
0.184,4.922,5.105
-9.124,8.609,-0.515
-1.092,3.869,2.777
1.661,-0.477,1.183
9.038,-7.036,2.002
-0.428,1.873,1.446
-4.233,3.477,-0.756
-1.924,0.337,-1.587
0.222,3.711,3.933
0.228,0.812,1.04
-4.462,4.966,0.505
0.064,-2.118,-2.054
-5.232,4.465,-0.767
11.144,-11.428,-0.284
15.272,-15.062,0.21
11.583,-11.744,-0.161
-1.972,5.443,3.471
1.143,2.469,3.612
0.048,2.56,2.608
7.214,-8.463,-1.249
-11.629,12.069,0.44
4.751,-2.603,2.147
9.13,-11.185,-2.055
-9.231,7.99,-1.24
-5.228,7.235,2.007
1.449,-1.087,0.362
-2.169,-0.099,-2.268
1.178,2.408,3.586
1.449,-1.087,0.362
-3.463,5.1,1.637
11.554,-8.874,2.68
1.288,0.048,1.336
-0.834,-0.559,-1.392
0.419,0.61,1.029
1.657,-1.112,0.545
-13.721,11.966,-1.755
-1.989,3.31,1.321
-1.234,1.019,-0.215
-4.074,3.727,-0.348
-1.767,2.087,0.321
4.407,-4.905,-0.498
10.787,-9.807,0.98
-7.312,5.91,-1.402
9.564,-12.843,-3.278
1.856,-4.132,-2.275
-3.42,2.131,-1.289
10.083,-6.103,3.98
-3.573,3.257,-0.316
1.759,-2.512,-0.753
-4.237,6.903,2.666
2.419,-0.343,2.076
4.469,-6.85,-2.382
-0.954,-2.142,-3.097
4.515,-4.407,0.108
6.175,-5.937,0.238
5.211,-5.32,-0.108
1.403,-2.185,-0.782
-2.04,0.836,-1.205
-1.009,-0.127,-1.136
2.039,-1.178,0.86
-2.872,3.583,0.711
1.898,-1.677,0.221
-11.697,12.825,1.128
7.668,-5.841,1.828
-5.961,5.223,-0.738
2.814,-3.92,-1.106
8.312,-8.168,0.143
-0.739,0.72,-0.019
-11.071,8.599,-2.472
3.349,-4.516,-1.167
0.604,0.919,1.523
4.167,-4.205,-0.038
-1.959,5.283,3.324
5.851,-2.174,3.677
2.461,0.113,2.574
-2.885,4.752,1.867
6.683,-9.896,-3.213
-0.082,1.616,1.534
0.22,0.294,0.514
-4.765,6.612,1.847
12.942,-13.363,-0.421
8.868,-9.085,-0.217
-3.691,4.393,0.702
-0.805,1.076,0.271
1.071,-1.626,-0.555
-0.339,2.384,2.046
-12.661,11.189,-1.472
-3.348,3.696,0.347
-10.832,11.65,0.818
2.061,-2.44,-0.38
11.425,-14.821,-3.396
3.432,0.683,4.115
-0.504,1.855,1.351
1.545,-2.987,-1.442
1.1575,0.5185,1.676
-13.877,17.037,3.16
0.725,-1.705,-0.98
-7.481,8.128,0.647
1.185,-1.217,-0.032
2.927,-1.697,1.23
4.7,-3.226,1.474
-3.061,0.02,-3.041
-11.693,10.906,-0.787
5.38,-3.83,1.549
-3.394,4.771,1.377
-6.612,8.628,2.016
-14.172,17.971,3.799
-13.848,12.34,-1.508
-0.86,2.059,1.198
-1.885,1.335,-0.55
-2.024,2.713,0.689
-9.366,7.558,-1.807
-7.748,5.577,-2.172
-3.567,6.601,3.034
1.954,-1.518,0.436
8.974,-9.706,-0.732
-4.771,3.743,-1.028
-6.497,6.821,0.323
3.621,-2.653,0.968
6.612,-5.919,0.694
5.049,-3.317,1.732
0.057,0.276,0.334
-1.958,2.105,0.147
-7.51,3.062,-4.447
-2.516,3.445,0.93
7.055,-4.782,2.273
-3.49,1.79,-1.699
6.829,-4.843,1.985
5.54,-5.816,-0.275
-5.927,4.713,-1.214
9.773,-11.013,-1.24
11.936,-11.485,0.452
-5.803,4.686,-1.117
6.406,-5.517,0.889
-0.445,4.969,4.524
0.687,-1.397,-0.71
2.053,-2.116,-0.063
-12.147,10.025,-2.122
-8.695,8.92,0.225
3.166,-2.693,0.473
-5.167,9.449,4.282
0.871,1.619,2.49
1.569,-1.639,-0.07
-4.703,7.589,2.886
-6.359,4.881,-1.478
-9.775,11.166,1.391
-3.476,3.659,0.183
11.249,-10.456,0.793
-4.423,4.974,0.551
0.871,1.653,2.524
8.645,-9.194,-0.55
2.799,-1.872,0.927
-6.34,6.15,-0.19
6.366,-7.377,-1.011
1.266,-1.218,0.047
7.053,-7.591,-0.538
1.797,-1.025,0.771
-0.581,1.077,0.497
-6.839,6.752,-0.087
1.447,-2.323,-0.876
-1.203,1.236,0.033
-13.086,13.432,0.346
-2.287,0.212,-2.074
3.012,-0.729,2.283
-1.986,0.804,-1.182
-6.215,5.99,-0.225
-1.577,1.807,0.23
1.612,-0.034,1.578
0.301,0.017,0.318
5.292,-5.612,-0.321
0.462,0.397,0.86
0.604,2.155,2.759
14.519,-12.212,2.307
-9.361,10.854,1.494
-0.189,2.435,2.246
-7.921,8.9,0.979
-7.588,10.736,3.149
-13.156,13.228,0.072
-0.298,0.58,0.282
11.506,-12.513,-1.007
4.348,-3.845,0.503
3.671,-3.545,0.126
5.759,-4.811,0.948
13.933,-10.232,3.701
7.182,-8.577,-1.395
5.899,-6.271,-0.372
-1.613,1.588,-0.025
-8.499,8.402,-0.097
-8.719,10.431,1.712
3.519,-3.135,0.384
-0.429,1.365,0.936
2.206,-1.029,1.176
-1.383,3.193,1.81
-6.544,6.237,-0.307
0.964,-2.539,-1.575
8.813,-8.884,-0.071
6.358,-6.626,-0.268
-1.377,1.542,0.164
-7.661,7.527,-0.134
12.569,-13.484,-0.915
10.483,-10.356,0.128
-1.015,0.655,-0.36
1.455,0.445,1.9
13.39,-14.045,-0.656
9.092,-9.083,0.01
6.366,-4.579,1.787
-1.164,1.614,0.45
-10.709,10.011,-0.699
-6.595,5.532,-1.063
4.503,-6.008,-1.505
-4.937,6.65,1.713
16.889,-19.564,-2.675
-3.751,5.232,1.481
0.328,-0.154,0.174
-6.352,5.191,-1.161
-3.651,3.818,0.167
-5.904,5.619,-0.285
10.361,-10.279,0.082
-2.336,2.107,-0.229
1.126,-3.537,-2.411
6.683,-9.896,-3.213
8.787,-7.612,1.174
10.593,-5.109,5.483
-2.657,2.389,-0.268
2.009,0.939,2.949
-0.166,-0.723,-0.888
10.746,-10.317,0.429
4.319,-5.453,-1.134
-4.738,6.324,1.587
-1.397,3.882,2.485
1.471,0.418,1.888
-10.097,9.004,-1.093
-1.529,0.536,-0.994
-1.092,3.869,2.777
12.331,-11.082,1.249
-2.333,5.255,2.922
8.411,-6.438,1.973
9.931,-8.583,1.348
2.631,-2.841,-0.211
-11.698,12.443,0.745
-5.449,5.766,0.317
-5.789,7.068,1.279
-13.599,16.909,3.31
-8.159,7.529,-0.631
-4.872,5.029,0.157
3.748,-3.07,0.678
0.772,-1.133,-0.361
3.328,-2.856,0.472
-8.421,9.139,0.718
-4.125,1.042,-3.083
4.235,0.228,4.463
-11.481,10.911,-0.57
-7.269,3.905,-3.364
-2.324,3.046,0.722
14.839,-13.935,0.903
-13.12,14.815,1.694
-5.765,8.054,2.289
12.506,-11.757,0.749
-0.33,-1.204,-1.535
0.819,-1.137,-0.318
-0.029,-1.751,-1.78
0.445,0.638,1.083
5.12,-3.462,1.658
2.895,-1.601,1.294
8.804,-8.658,0.146
-3.923,2.39,-1.533
-7.585,8.16,0.575
5.065,-3.508,1.558
-3.772,2.933,-0.839
-4.721,5.149,0.427
2.58,1.482,4.062
-2.953,3.004,0.051
-4.611,3.79,-0.821
-1.435,-0.324,-1.76
8.19,-7.836,0.354
-0.336,3.127,2.79
4.73,-5.095,-0.365
8.623,-9.457,-0.835
-4.12,6.498,2.378
-9.316,8.291,-1.024
-7.191,5.722,-1.469
6.929,-2.207,4.721
4.225,-3.06,1.165
-3.556,4.558,1.003
-5.499,5.323,-0.176
-1.6,2.767,1.167
1.172,-0.837,0.336
-10.187,13.304,3.117
12.255,-10.776,1.479
-16.45,17.064,0.614
0.476,-0.779,-0.303
5.89,-7.017,-1.128
9.051,-8.136,0.915
-8.612,9.339,0.726
7.706,-10.661,-2.954
1.365,1.038,2.404
2.725,-3.049,-0.324
4.206,-2.66,1.547
-12.168,12.201,0.033
-0.619,4.464,3.845
8.62,-9.76,-1.139
-10.92,8.167,-2.753
-3.91,4.378,0.468
-1.626,1.871,0.246
-9.223,7.209,-2.014
-1.872,5.961,4.09
11.253,-11.612,-0.359
-1.119,4.079,2.959
2.005,-2.877,-0.872
8.335,-8.538,-0.203
-1.919,1.117,-0.802
4.278,-0.735,3.543
5.562,-5.055,0.507
2.67,-2.914,-0.244
0.228,-2.017,-1.789
-1.191,-0.076,-1.267
0.16,2.898,3.057
1.236,-0.947,0.289
-13.94,14.527,0.586
-0.288,0.127,-0.161
-6.267,5.318,-0.949
9.311,-7.676,1.634
-3.509,7.281,3.773
-1.766,3.571,1.805
-0.775,0.413,-0.362
10.876,-10.168,0.708
-2.638,4.6,1.963
0.745,0.092,0.838
-5.725,5.902,0.177
-0.926,1.143,0.217
7.601,-7.723,-0.122
14.181,-10.424,3.758
9.659,-10.746,-1.087
-6.958,1.663,-5.295
-2.704,2.488,-0.216
5.62,-2.43,3.19
-3.57,3.112,-0.459
3.302,-2.308,0.994
6.73,-5.008,1.723
5.304,-5.34,-0.036
1.43,-3.612,-2.182
-3.684,4.401,0.717
12.216,-11.089,1.127
-0.975,1.482,0.507
-9.421,6.634,-2.787
-10.08,10.375,0.295
-2.554,5.393,2.839
2.985,-3.172,-0.187
-0.774,1.669,0.895
5.585,-8.328,-2.743
-4.237,6.903,2.666
3.282,-1.524,1.758
9.968,-7.145,2.823
9.843,-8.006,1.837
3.126,-3.607,-0.481
-8.038,6.693,-1.345
1.217,-0.697,0.52
-8.398,7.729,-0.669
-7.461,9.154,1.693
-6.594,5.177,-1.417
3.137,-1.681,1.455
3.275,-3.638,-0.363
0.913,-1.414,-0.501
2.591,-2.557,0.034
1.534,-1.408,0.126
-7.718,6.538,-1.18
-9.439,9.258,-0.181
-3.463,2.132,-1.33
0.578,-2.367,-1.789
5.039,-1.551,3.488
-3.074,3.917,0.843
-4.417,2.837,-1.58
2.637,-1.584,1.053
5.173,-4.916,0.257
9.199,-9.685,-0.487
8.167,-8.034,0.133
2.034,-3.997,-1.963
10.295,-7.606,2.689
3.086,-1.803,1.284
8.956,-4.516,4.44
-0.053,2.234,2.181
5.25,-3.87,1.38
5.489,-6.779,-1.291
1.771,-7.359,-5.588
-2.9,3.593,0.694
13.675,-11.382,2.293
-5.067,3.34,-1.727
-2.336,1.538,-0.798
2.144,1.923,4.066
-4.891,4.16,-0.73
-10.038,6.66,-3.378
11.291,-9.137,2.154
5.834,-3.217,2.617
-1.258,0.648,-0.61
14.046,-14.643,-0.598
5.119,-4.812,0.307
5.317,-2.51,2.806
-11.231,8.596,-2.635
4.141,-4.543,-0.401
-0.441,2.589,2.148
2.959,-5.756,-2.797
-4.644,5.415,0.771
2.368,1.667,4.035
5.823,-1.813,4.01
-3.668,5.787,2.119
10.362,-7.941,2.421
5.347,-3.789,1.558
-5.242,3.959,-1.283
0.675,0.866,1.541
0.232,1.545,1.778
-0.602,1.622,1.02
-3.252,4.203,0.951
-21.816,21.19,-0.626
-9.822,7.698,-2.124
-0.653,2.517,1.864
-11.004,14.14,3.136
11.367,-8.06,3.307
-11.956,8.998,-2.958
10.665,-15.085,-4.42
-0.883,-2.203,-3.086
-4.593,4.13,-0.462
5.989,-2.791,3.197
10.352,-9.487,0.865
12.345,-9.389,2.956
8.995,-10.481,-1.486
-2.093,-2.045,-4.138
4.508,-3.743,0.765
17.641,-16.374,1.267
7.105,-7.273,-0.168
4.921,-6.935,-2.015
1.333,-2.084,-0.751
-8.363,4.013,-4.35
-8.916,6.016,-2.9
5.32,-3.191,2.13
1.236,-1.425,-0.189
-7.751,7.245,-0.506
14.596,-15.514,-0.918
10.657,-12.239,-1.582
6.2,-4.814,1.387
-0.024,-1.888,-1.912
-4.872,5.029,0.157
1.309,1.948,3.256
-3.81,2.612,-1.198
17.485,-18.91,-1.425
-4.508,4.068,-0.44
4.271,-4.943,-0.672
-0.435,3.219,2.784
-2.516,3.445,0.93
-18.092,17.777,-0.315
4.742,-6.735,-1.992
1.423,-3.045,-1.623
6.336,-7.572,-1.235
-4.339,3.014,-1.324
14.41,-13.503,0.907
2.105,-3.995,-1.89
-3.227,5.627,2.401
-11.107,13.38,2.273
8.714,-9.793,-1.079
4.988,-7.489,-2.501
-5.948,6.161,0.213
-9.379,7.905,-1.474
-3.044,1.674,-1.37
3.524,-7.821,-4.297
7.56,-6.636,0.924
-5.411,5.679,0.268
6.201,-5.664,0.536
10.312,-8.22,2.092
-3.694,3.742,0.048
-16.114,17.059,0.945
10.013,-7.628,2.385
-1.047,2.066,1.019
0.182,0.962,1.143
6.057,-6.009,0.047
3.423,-4.056,-0.633
-15.472,12.365,-3.107
-2.524,4.528,2.004
11.949,-11.691,0.258
-3.484,4.032,0.548
-2.063,-0.865,-2.928
-8.34,7.134,-1.206
5.618,-5.351,0.267
-1.863,-0.609,-2.472
3.873,-3.708,0.165
-0.419,-0.122,-0.541
4.76,-3.267,1.493
-0.619,0.374,-0.245
-3.459,2.061,-1.399
0.568,-0.259,0.309
-3.546,2.753,-0.793
-1.539,2.482,0.943
-1.853,0.285,-1.568
0.663,0.292,0.956
-10.791,12.128,1.337
2.287,-3.354,-1.067
-2.278,2.064,-0.214
-3.914,4.458,0.544
1.011,0.731,1.742
17.137,-16.008,1.129
-8.02,4.815,-3.205
-1.565,3.71,2.146
-0.001,-1.264,-1.265
2.4,-3.078,-0.678
-16.711,17.657,0.946
-2.986,4.805,1.819
-5.346,1.684,-3.661
-0.677,0.841,0.164
-0.604,-1.055,-1.66
2.144,1.923,4.066
7.318,-5.496,1.822
0.345,0.594,0.938
-0.724,-1.371,-2.096
10.934,-10.713,0.221
1.874,0.415,2.289
-8.953,12.254,3.302
-4.059,3.934,-0.125
-10.904,11.758,0.854
13.093,-13.291,-0.198
-8.02,8.444,0.424
-5.543,5.024,-0.519
-6.83,4.851,-1.979
-2.571,-0.068,-2.638
1.79,-1.67,0.12
4.163,-3.38,0.783
-11.776,13.771,1.995
10.448,-8.702,1.746
-5.737,6.999,1.262
0.619,-2.187,-1.568
5.904,-5.865,0.039
1.876,-2.548,-0.672
-1.62,1.304,-0.317
0.648,0.232,0.88
9.53,-10.585,-1.055
7.957,-7.56,0.398
-0.081,2.304,2.223
4.819,-5.886,-1.068
-3.507,3.292,-0.215
4.573,-3.738,0.834
-18.224,15.684,-2.54
-3.693,6.281,2.588
-0.947,3.854,2.908
7.46,-6.455,1.005
12.064,-7.002,5.062
-0.323,4.415,4.092
-0.357,-0.697,-1.054
-0.684,1.035,0.351
1.421,-2.146,-0.724
-3.175,0.881,-2.294
-11.015,13.203,2.188
-10.907,9.641,-1.266
-0.53,-2.03,-2.56
-5.501,6.384,0.883
-0.351,2.009,1.658
-4.94,7.564,2.624
16.94,-18.608,-1.668
4.465,-1.64,2.825
-3.185,3.771,0.586
-2.355,3.378,1.023
11.793,-11.987,-0.194
-3.975,1.258,-2.716
2.277,-0.936,1.341
-6.821,6.651,-0.17
7.961,-5.559,2.403
3.991,-2.682,1.309
-16.176,15.571,-0.605
-1.9,0.005,-1.895
16.267,-18.871,-2.604
1.042,-0.016,1.026
3.147,-1.819,1.327
3.876,-3.537,0.339
-2.17,1.735,-0.435
2.051,-3.201,-1.15
-1.355,1.564,0.209
-1.668,0.841,-0.827
1.55,-2.504,-0.953
-1.577,0.639,-0.938
-6.376,8.172,1.796
-4.378,7.482,3.104
6.797,-8.527,-1.73
-3.446,-1.214,-4.659
0.738,1.759,2.497
1.06,0.646,1.706
-1.777,3.316,1.539
4.718,-2.987,1.731
1.81,-0.206,1.604
6.519,-10.888,-4.37
-8.747,10.038,1.291
-1.11,-1.474,-2.584
1.669,-3.232,-1.563
9.821,-7.487,2.333
-16.883,15.438,-1.445
3.546,-4.817,-1.272
1.678,-5.591,-3.913
-1.986,1.192,-0.794
3.138,-6.005,-2.867
2.306,0.868,3.174
3.023,-1.448,1.575
-1.84,4.785,2.945
-2.623,5.276,2.653
11.669,-10.96,0.709
3.702,-3.943,-0.241
-5.922,4.082,-1.841
9.235,-8.968,0.267
1.415,-0.688,0.726
0.356,0.461,0.817
-0.281,-0.43,-0.711
3.846,-5.965,-2.119
3.423,-4.056,-0.633
3.162,-2.08,1.082
7.574,-8.083,-0.509
4.275,-2.879,1.396
4.295,-4.228,0.067
8.744,-7.582,1.163
-1.872,5.359,3.486
2.168,-1.684,0.484
-0.677,0.841,0.164
-3.923,3.571,-0.352
-0.465,3.416,2.95
-6.544,6.237,-0.307
-15.475,16.825,1.35
-3.65,6.902,3.252
5.131,-7.365,-2.233
5.669,-4.552,1.118
-3.998,1.526,-2.472
-14.619,11.713,-2.906
-1.664,-0.052,-1.716
-6.612,5.171,-1.441
4.76,-3.267,1.493
0.691,-4.286,-3.595
0.21,-0.155,0.054
-0.783,1.097,0.314
5.518,-5.261,0.257
5.464,-4.282,1.182
-3.175,5.181,2.006
7.627,-8.214,-0.587
5.964,-6.505,-0.541
-17.266,19.284,2.018
2.088,-4.581,-2.493
-4.66,4.168,-0.491
-4.097,5.484,1.387
11.949,-11.691,0.258
11.939,-12.158,-0.22
-10.882,12.826,1.944
-6.457,7.515,1.058
8.448,-9.995,-1.547
2.895,-1.601,1.294
-1.466,0.887,-0.579
0.695,1.322,2.016
-15.574,13.028,-2.546
0.839,-0.726,0.113
4.972,-2.875,2.097
-2.387,2.157,-0.229
-1.067,3.537,2.47
7.034,-6.455,0.579
-1.391,2.327,0.936
12.662,-13.228,-0.566
-13.254,10.618,-2.636
11.87,-10.394,1.476
1.705,-2.723,-1.018
-3.663,3.317,-0.346
4.785,-3.804,0.981
-6.391,5.69,-0.701
2.159,0.119,2.279
10.659,-11.074,-0.415
3.424,-1.977,1.447
4.791,-4.815,-0.025
-11.537,11.036,-0.501
-4.031,5.486,1.456
16.203,-15.089,1.114
4.051,-6.016,-1.966
0.064,1.336,1.4
8.507,-7.585,0.922
0.579,-1.576,-0.998
-1.483,-2.038,-3.52
3.423,-4.056,-0.633
14.628,-13.422,1.206
-7.508,5.095,-2.414
-2.64,5.415,2.775
3.194,-1.423,1.772
-6.556,5.578,-0.978
-1.149,-0.586,-1.735
-13.376,14.955,1.579
-11.222,6.418,-4.804
18.196,-13.78,4.416
1.675,-3.39,-1.715
8.917,-9.642,-0.724
3.023,-4.895,-1.871
6.119,-5.723,0.396
-1.106,-0.481,-1.587
-4.711,4.058,-0.653
1.385,-0.537,0.848
-14.968,15.527,0.56
7.111,-6.255,0.856
0.905,0.199,1.104
1.695,1.659,3.355
9.789,-12.887,-3.098
1.23,0.538,1.768
-0.504,1.855,1.351
9.908,-12.21,-2.302
-7.795,7.004,-0.791
1.442,-2.396,-0.954
-5.131,8.596,3.465
-4.781,4.127,-0.654
-1.347,3.003,1.656
-4.484,3.636,-0.848
13.129,-12.21,0.92
4.12,-3.037,1.083
-1.654,0.657,-0.997
-8.304,9.648,1.344
-10.551,9.34,-1.211
8.894,-12.255,-3.361
-3.848,4.061,0.213
3.547,-4.953,-1.406
19.17,-20.544,-1.374
1.062,0.84,1.903
10.264,-9.543,0.722
-6.976,9.201,2.226
8.016,-5.227,2.789
10.497,-7.101,3.396
-5.516,5.247,-0.268
-0.385,1.062,0.677
4.636,-4.63,0.006
8.839,-6.397,2.442
4.145,-6.584,-2.438
1.29,-2.303,-1.013
-3.674,5.611,1.937
10.529,-10.929,-0.4
-3.79,6.736,2.946
1.527,-0.684,0.843
1.944,-0.61,1.334
3.93,-4.284,-0.354
-11.098,10.979,-0.119
-2.129,0.483,-1.647
9.492,-8.081,1.411
12.825,-9.737,3.088
-0.684,1.035,0.351
-2.556,2.386,-0.17
4.891,-0.599,4.292
-12.991,10.92,-2.071
2.174,-1.811,0.364
-1.51,1.084,-0.426
7.522,-7.217,0.305
-6.19,7.341,1.151
-8.165,9.512,1.347
5.926,-0.892,5.034
5.845,-6.935,-1.089
-1.791,1.34,-0.451
-6.557,7.722,1.166
-8.145,9.167,1.022
1.697,-3.158,-1.461
-0.88,-1.421,-2.301
-2.224,5.291,3.067
-6.856,6.727,-0.129
3.767,-6.171,-2.404
-8.727,8.819,0.092
-5.339,4.91,-0.43
-1.321,0.193,-1.128
-5.015,6.828,1.812
1.151,0.595,1.747
-6.809,8.151,1.342
-11.972,10.413,-1.559
2.598,-1.833,0.766
-5.657,7.253,1.596
2.472,-4.319,-1.847
4.937,-5.162,-0.225
7.861,-5.977,1.884
-0.347,3.116,2.768
-2.013,4.579,2.567
-1.787,5.251,3.464
-5.747,9.084,3.337
4.907,-4.23,0.678
-3.894,4.438,0.544
1.254,-2.141,-0.887
2.924,-0.91,2.014
1.172,-0.837,0.336
-13.253,13.802,0.549
-1.802,1.398,-0.404
2.661,-4.364,-1.703
1.45,0.167,1.618
10.657,-10.812,-0.155
8.86,-7.608,1.252
-11.352,8.769,-2.584
-9.665,8.687,-0.978
-5.247,2.444,-2.803
9.21,-10.774,-1.564
-16.991,18.792,1.801
8.807,-8.537,0.27
-1.87,2.739,0.869
3.897,-4.665,-0.768
9.117,-8.525,0.592
6.257,-7.783,-1.526
6.43,-4.481,1.949
-6.798,9.202,2.404
13.487,-14.05,-0.563
15.531,-18.763,-3.232
10.745,-10.268,0.477
1.581,-0.127,1.454
1.109,0.232,1.342
0.268,2.237,2.505
16.254,-16.987,-0.733
-8.556,7.972,-0.584
0.663,-1.786,-1.123
-5.414,2.943,-2.472
-9.89,12.248,2.358
-0.548,0.187,-0.361
-5.052,6.02,0.968
-7.135,7.171,0.036
4.699,-2.817,1.882
0.952,2.705,3.657
-20.081,17.89,-2.19
-5.365,4.332,-1.033
-11.693,10.906,-0.787
-11.539,13.086,1.547
-0.587,0.406,-0.181
-0.324,-0.21,-0.534
-8.076,9.521,1.445
-6.058,6.404,0.346
-2.568,4.1,1.532
-3.501,1.524,-1.978
-4.456,2.879,-1.577
-2.475,2.932,0.458
-2.757,2.778,0.021
18.221,-17.519,0.702
-7.353,5.113,-2.241
7.184,-6.374,0.81
5.119,-4.812,0.307
-7.215,7.202,-0.013
9.486,-6.635,2.851
-3.81,3.652,-0.158
-0.984,2.057,1.074
-5.262,6.04,0.778
0.773,0.478,1.25
5.285,-6.139,-0.854
1.222,-0.788,0.435
-0.359,4.903,4.543
8.183,-6.572,1.611
1.554,-2.482,-0.929
-2.687,1.058,-1.628
-4.588,4.692,0.105
16.017,-16.384,-0.367
8.015,-9.053,-1.038
0.153,-0.728,-0.575
0.843,-2.507,-1.664
14.555,-14.481,0.074
-1.971,2.778,0.807
-0.927,2.776,1.849
-2.416,1.692,-0.724
-5.812,2.77,-3.042
-1.015,0.655,-0.36
8.379,-6.762,1.617
-6.557,4.096,-2.461
-11.639,10.555,-1.084
-0.284,0.736,0.451
-2.041,0.227,-1.814
-16.976,13.139,-3.838
-3.849,2.326,-1.523
6.498,-4.357,2.141
-7.097,9.534,2.436
-6.186,4.512,-1.674
7.77,-5.881,1.889
-2.348,-0.841,-3.189
1.287,1.274,2.562
-2.376,1.673,-0.703
18.514,-17.095,1.42
-7.135,7.171,0.036
9.929,-8.36,1.568
-9.685,7.455,-2.23
1.692,-0.832,0.86
0.285,-1.661,-1.375
-1.777,3.316,1.539
10.034,-12.185,-2.151
-2.158,0.587,-1.571
5.822,-5.37,0.452
2.815,-3.419,-0.604
0.057,0.276,0.334
-6.806,7.597,0.792
6.892,-8.124,-1.232
-0.275,1.366,1.091
15.585,-12.96,2.625
-3.995,3.045,-0.95
1.992,-3.484,-1.491
5.085,-2.922,2.163
3.024,-3.944,-0.92
-12.613,13.554,0.942
-3.886,4.796,0.91
-1.462,-1.13,-2.592
-1.391,1.994,0.603
-2.733,3.854,1.121
5.63,-5.545,0.086
0.019,-0.576,-0.557
5.085,-2.922,2.163
12.521,-12.533,-0.012
-0.127,2.574,2.447
-2.554,5.393,2.839
-0.072,1.288,1.216
-7.24,5.734,-1.506
-8.854,8.524,-0.33
-1.093,-1.493,-2.587
14.35,-12.749,1.601
-0.138,-1.85,-1.988
-2.113,3.471,1.357
13.26,-11.63,1.631
-0.357,1.977,1.62
5.356,-4.283,1.074
-2.01,3.578,1.568
-5.479,5.975,0.497
1.149,-2.326,-1.177
-2.925,1.201,-1.724
-1.255,3.39,2.135
-5.179,4.016,-1.163
-8.509,10.734,2.225
-10.427,10.735,0.308
5.571,-3.531,2.041
-9.793,11.41,1.617
-7.164,4.772,-2.392
0.504,-0.119,0.385
-6.801,7.17,0.369
0.357,-1.725,-1.368
-5.881,8.315,2.434
-17.872,21.223,3.351
-2.786,1.545,-1.241
8.554,-9.119,-0.566
4.228,-6.978,-2.751
2.799,-1.872,0.927
-2.555,1.873,-0.682
-13.991,14.774,0.783
-1.16,-0.385,-1.545
-5.158,7.647,2.488
4.525,-6.14,-1.615
-0.999,0.1,-0.898
3.318,0.044,3.362
5.429,-3.636,1.793
-9.904,10.677,0.773
2.246,1.418,3.664
0.395,-2.866,-2.471
1.939,-2.45,-0.51
-0.831,1.283,0.452
-3.78,-0.044,-3.824
-4.604,3.988,-0.616
9.069,-6.994,2.075
6.25,-4.567,1.683
13.042,-11.141,1.901
7.552,-6.301,1.251
-3.124,6.668,3.544
-9.71,10.6,0.89
-8.318,8.982,0.664
0.481,2.161,2.642
14.134,-16.217,-2.083
4.886,-4.249,0.637
1.597,-2.945,-1.348
-2.885,4.752,1.867
4.643,-2.616,2.027
-3.304,2.37,-0.934
0.46,-0.139,0.321
-11.283,14.198,2.914
-3.805,5.309,1.503
-1.861,3.52,1.659
-9.587,7.961,-1.625
1.799,0.273,2.072
5.298,-4.391,0.908
0.711,-1.536,-0.825
0.31,-2.35,-2.04
-7.591,8.624,1.033
0.418,-2.706,-2.288
3.717,-0.794,2.923
-2.204,-0.135,-2.339
-1.786,5.346,3.56
-5.249,7.089,1.841
-7.448,6.405,-1.043
-12.255,12.205,-0.05
-9.199,6.778,-2.421
-13.852,12.026,-1.826
-12.707,14.666,1.959
3.836,-2.607,1.228
0.077,0.171,0.248
-0.021,2.052,2.03
5.537,-6.792,-1.255
-1.01,0.447,-0.563
6.88,-8.032,-1.151
-3.738,3.805,0.067
1.527,-0.061,1.466
1.049,-4.473,-3.424
-18.008,18.149,0.141
-6.391,6.665,0.274
-0.912,3.187,2.275
-12.593,13.01,0.417
17.452,-18.158,-0.706
-2.193,2.388,0.195
-2.686,2.822,0.137
6.086,-6.437,-0.351
2.349,-2.691,-0.342
4.439,-8.774,-4.335
-15.574,13.434,-2.141
9.244,-7.504,1.74
8.152,-4.788,3.364
-3.408,3.169,-0.239
1.972,-2.709,-0.737
-6.06,6.173,0.113
0.292,-0.83,-0.538
-1.67,0.649,-1.021
5.572,-5.318,0.254
0.312,1.148,1.46
6.106,-4.067,2.039
0.343,1.447,1.79
8.62,-4.438,4.183
3.028,-2.042,0.985
-3.025,2.523,-0.502
1.37,-4.259,-2.889
3.136,-3.235,-0.099
-5.166,4.084,-1.082
-7.607,9.002,1.396
2.247,-3.7,-1.453
1.676,1.623,3.299
-5.641,9.109,3.468
-0.469,-0.283,-0.752
1.798,-2.522,-0.724
3.873,-4.237,-0.364
-7.6,7.429,-0.17
2.782,-2.548,0.233
9.543,-8.05,1.493
7.985,-6.663,1.322
-1.276,1.979,0.703
6.837,-9.396,-2.559
13.447,-13.295,0.152
10.349,-10.277,0.072
-1.864,4.646,2.782
1.856,0.859,2.715
-2.681,1.287,-1.393
2.592,-4.418,-1.826
9.741,-10.536,-0.796
4.847,-2.818,2.029
-6.689,5.627,-1.062
0.758,-2.298,-1.54
-8.668,9.754,1.086
1.886,0.559,2.445
4.149,-2.732,1.417
1.052,-1.928,-0.876
-0.312,0.752,0.44
5.08,-8.751,-3.671
-2.74,2.709,-0.031
4.158,-3.425,0.733
-2.561,3.241,0.68
-2.445,3.852,1.408
0.101,0.642,0.742
2.534,-1.111,1.423
-11.306,11.221,-0.085
2.83,-1.513,1.317
-9.044,6.429,-2.615
-5.437,5.196,-0.241
-8.231,10.335,2.104
8.661,-11.188,-2.527
11.298,-11.83,-0.532
-1.105,1.329,0.224
11.027,-11.072,-0.044
-4.665,3.407,-1.257
-7.518,5.271,-2.247
1.728,-1.629,0.1
-6.846,7.791,0.946
11.436,-10.061,1.375
-4.647,4.302,-0.345
3.439,-1.993,1.446
16.017,-14.4,1.617
-0.46,-1.708,-2.168
3.414,-4.307,-0.893
8.442,-7.511,0.931
-8.867,11.079,2.212
1.293,-3.848,-2.555
11.774,-11.846,-0.072
6.542,-6.683,-0.141
0.217,-0.634,-0.417
-0.866,-0.537,-1.402
5.845,-6.935,-1.089
0.905,0.199,1.104
-1.815,1.253,-0.562
-1.711,0.833,-0.878
5.373,-1.713,3.66
-7.826,5.45,-2.376
-1.789,1.855,0.066
-4.835,4.1,-0.734
-7.513,8.42,0.907
-0.303,-0.985,-1.288
1.993,-0.019,1.974
0.271,0.367,0.638
8.354,-5.831,2.523
4.151,-6.378,-2.226
-1.142,0.64,-0.502
-4.219,2.399,-1.82
-0.804,-0.802,-1.606
-3.801,3.663,-0.139
2.817,-0.869,1.949
1.482,-0.818,0.665
9.029,-7.945,1.085
-5.159,5.39,0.231
-0.546,-0.191,-0.736
13.07,-13.36,-0.29
-6.93,7.237,0.308
-0.646,-3.654,-4.3
-4.83,5.181,0.351
-7.618,4.695,-2.923
2.907,-2.805,0.103
-0.184,-1.206,-1.389
-9.154,11.183,2.029
5.838,-6.828,-0.99
6.18,-9.573,-3.393
1.884,-2.231,-0.347
-3.489,1.854,-1.635
1.331,-0.086,1.245
-7.567,6.969,-0.598
9.199,-9.685,-0.487
7.567,-8.436,-0.869
-3.663,3.317,-0.346
-6.964,2.639,-4.325
1.131,-1.149,-0.019
-2.295,0.853,-1.442
2.199,-3.427,-1.229
5.669,-7.22,-1.552
-15.958,17.699,1.741
-1.713,6.657,4.945
-2.956,3.733,0.777
-6.705,6.683,-0.022
3.296,-4.429,-1.133
1.497,-0.452,1.045
3.868,-1.318,2.551
-9.559,8.126,-1.433
-3.389,4.835,1.446
-2.282,0.357,-1.924
7.122,-4.617,2.505
-6.501,8.126,1.625
5.273,-4.193,1.08
8.638,-11.538,-2.9
-7.514,7.143,-0.371
3.286,-2.752,0.534
1.232,-3.868,-2.636
0.144,0.898,1.042
-7.095,7.449,0.354
-6.93,4.514,-2.416
-0.6,0.405,-0.195
-1.116,5.964,4.848
6.964,-6.311,0.654
-4.101,6.546,2.445
-8.556,7.972,-0.584
8.09,-7.595,0.495
2.657,-2.135,0.522
7.563,-6.701,0.862
-23.432,24.643,1.212
6.498,-5.134,1.363
-1.359,3.695,2.336
10.24,-6.401,3.839
-8.538,6.943,-1.596
7.81,-9.079,-1.27
3.944,-1.491,2.454
-4.682,1.542,-3.14
9.809,-9.427,0.381
-10.137,11.877,1.74
-2.584,5.389,2.805
13.694,-13.248,0.446
1.298,-3.159,-1.861
-6.607,8.451,1.843
3.979,-5.193,-1.214
12.343,-11.65,0.693
-11.755,12.103,0.347
-3.013,4.389,1.376
6.608,-1.756,4.852
7.249,-3.476,3.773
-4.955,5.981,1.025
1.411,0.109,1.52
6.365,-6.926,-0.561
-21.52,22.019,0.499
-7.428,9.449,2.021
-3.745,3.371,-0.374
0.292,-0.83,-0.538
-1.772,1.978,0.206
-10.089,10.57,0.48
7.105,-7.273,-0.168
-7.055,3.607,-3.448
8.659,-10.149,-1.49
2.791,-1.066,1.725
-1.59,1.069,-0.521
-0.85,1.3,0.45
-5.872,5.297,-0.576
-7.498,8.484,0.986
2.489,-1.094,1.394
5.47,-4.523,0.947
9.237,-9.441,-0.204
5.802,-4.938,0.864
-10.278,11.408,1.13
4.921,-6.935,-2.015
-11.579,8.13,-3.449
4.831,-4.973,-0.142
8.664,-12.147,-3.483
13.766,-13.826,-0.06
8.412,-5.349,3.063
2.995,-6.555,-3.56
9.82,-10.675,-0.855
3.337,-1.333,2.004
-6.362,7.615,1.252
-3.217,-0.527,-3.744
1.97,-0.698,1.272
5.309,-4.259,1.05
1.663,-3.917,-2.253
-0.158,-0.821,-0.979
2.149,-0.073,2.076
-5.517,4.4,-1.117
-5.274,4.496,-0.778
-8.256,9.207,0.951
-5.55,6.969,1.419
0.768,0.187,0.956
5.551,-4.263,1.288
8.17,-6.113,2.057
2.658,0.434,3.092
-3.787,1.606,-2.181
-0.768,0.413,-0.356
2.928,-4.911,-1.982
1.447,-0.037,1.41
-3.764,3.72,-0.043
1.376,-4.434,-3.058
-5.628,7.389,1.762
-6.767,5.951,-0.816
-6.015,6.122,0.107
2.251,-2.706,-0.455
-1.173,2.016,0.843
-18.554,16.706,-1.848
11.264,-13.056,-1.792
-4.167,5.258,1.092
10.42,-13.701,-3.281
11.027,-10.172,0.855
1.02,0.052,1.072
12.599,-11.085,1.514
4.79,-6.811,-2.021
10.098,-10.694,-0.596
3.121,0.656,3.777
-1.165,3.408,2.242
-8.964,8.953,-0.011
-0.092,-0.362,-0.454
-12.221,12.864,0.643
18.598,-18.65,-0.052
-5.516,5.247,-0.268
-0.779,-0.171,-0.95
-7.053,7.539,0.486
-3.314,5.199,1.886
6.6,-7.958,-1.358
6.187,-5.11,1.077
-20.666,20.586,-0.08
-11.799,10.673,-1.126
13.606,-16.007,-2.401
2.983,-1.669,1.314
2.928,-4.911,-1.982
3.717,0.602,4.319
-3.247,5.518,2.27
9.548,-11.632,-2.084
2.603,-0.683,1.92
8.354,-9.828,-1.474
8.509,-5.358,3.151
1.087,0.02,1.108
4.861,-4.803,0.057
-4.809,3.539,-1.27
3.717,-0.794,2.923
2.703,-1.206,1.497
-4.569,6.15,1.581
-0.788,1.924,1.136
12.352,-12.096,0.256
-5.749,5.556,-0.193
11.494,-7.276,4.218
0.692,-2.361,-1.669
-5.184,7.942,2.758
-4.459,6.162,1.703
-4.839,5.188,0.349
-2.869,3.877,1.008
-7.144,7.407,0.264
0.128,0.413,0.541
-6.535,4.774,-1.761
13.39,-14.759,-1.369
2.082,-0.774,1.307
-4.503,2.843,-1.66
16.94,-18.608,-1.668
-3.099,5.853,2.754
2.358,-5.016,-2.659
-10.997,9.799,-1.197
14.424,-13.979,0.444
-16.689,14.312,-2.377
-9.24,9.495,0.256
-3.239,5.89,2.652
1.149,-0.665,0.484
5.133,-3.785,1.348
-5.033,4.629,-0.404
10.835,-14.174,-3.338
-14.163,10.449,-3.714
-13.156,15.727,2.571
-3.715,0.109,-3.606
4.013,-2.849,1.165
-5.771,6.184,0.413
10.916,-8.906,2.01
5.931,-5.203,0.727
3.939,-2.561,1.378
11.008,-11.34,-0.332
-3.823,3.577,-0.246
5.179,-4.016,1.163
3.968,-2.587,1.382
-5.526,5.878,0.352
-1.521,4.645,3.124
11.808,-12.335,-0.527
0.047,0.391,0.438
0.14,1.673,1.813
5.795,-8.267,-2.472
3.152,-3.906,-0.753
4.655,-5.247,-0.592
-14.342,13.355,-0.988
-6.799,8.461,1.662
-8.675,11.217,2.542
12.671,-9.205,3.466
-17.768,15.14,-2.628
3.995,-2.637,1.358
13.824,-11.9,1.924
-12.49,9.924,-2.566
6.033,-5.265,0.767
-10.791,12.128,1.337
-1.6,2.767,1.167
5.673,-2.346,3.328
0.985,-3.173,-2.188
-5.781,7.057,1.276
10.982,-11.47,-0.489
19.834,-17.164,2.67
-8.695,8.92,0.225
-1.639,-0.253,-1.892
2.817,-0.869,1.949
0.735,-1.235,-0.501
-5.022,4.228,-0.794
7.671,-6.153,1.517
0.24,0.825,1.066
-6.809,8.151,1.342
-0.605,0.418,-0.188
-7.526,8.685,1.158
-1.84,4.785,2.945
9.63,-9.889,-0.258
-2.685,3.629,0.944
2.75,-2.783,-0.033
-3.101,6.006,2.905
5.596,-4.875,0.721
-5.888,2.079,-3.809
0.885,-1.39,-0.505
18.497,-17.114,1.383
8.512,-8.389,0.123
-7.313,9.063,1.75
0.942,-0.325,0.618
6.144,-5.417,0.727
-1.496,-1.887,-3.383
3.394,-3.529,-0.135
14.689,-15.677,-0.988
-6.14,5.5,-0.64
-6.189,4.462,-1.727
0.176,-1.984,-1.807
-5.641,6.647,1.006
7.724,-5.534,2.189
9.844,-9.79,0.055
11.941,-12.999,-1.058
-1.513,-0.379,-1.891
2.47,-0.084,2.386
14.654,-16.156,-1.503
-6.015,6.122,0.107
0.925,-3.878,-2.952
-7.188,6.17,-1.018
-13.256,15.593,2.338
-5.437,5.196,-0.241
3.854,1.282,5.136
-4.061,4.056,-0.005
4.616,-9.185,-4.569
-4.37,2.359,-2.012
8.985,-8.16,0.825
-0.912,1.201,0.289
-0.171,2.651,2.48
-9.067,9.007,-0.059
13.263,-14.481,-1.218
11.277,-12.667,-1.391
-10.108,9.413,-0.694
0.435,1.437,1.872
-0.576,0.367,-0.209
4.018,-5.208,-1.19
9.0,-7.755,1.245
-1.258,0.648,-0.61
16.746,-16.464,0.282
-8.159,7.529,-0.631
2.827,-1.576,1.251
2.16,-4.813,-2.653
6.832,-6.862,-0.03
4.718,-3.921,0.797
0.928,1.418,2.345
-6.997,6.345,-0.652
-0.084,1.496,1.413
6.065,-5.43,0.635
11.805,-7.827,3.978
7.833,-7.842,-0.009
-0.125,1.337,1.213
7.453,-7.474,-0.021
-7.794,7.841,0.047
11.949,-11.691,0.258
0.953,-0.591,0.363
9.669,-8.04,1.629
15.245,-14.544,0.701
-5.689,3.97,-1.719
-3.083,2.646,-0.437
7.588,-4.374,3.214
-7.756,7.941,0.184
4.118,-3.388,0.73
5.7,-6.535,-0.835
-4.292,4.135,-0.157
7.093,-6.113,0.98
6.42,-5.7,0.72
-4.116,4.582,0.467
6.776,-4.477,2.299
14.205,-15.064,-0.859
-3.935,1.498,-2.437
-13.31,13.335,0.026
7.776,-4.221,3.555
4.482,-2.49,1.992
17.796,-20.621,-2.826
-9.418,9.817,0.399
0.453,-0.526,-0.073
9.743,-14.802,-5.06
4.02,-4.893,-0.873
6.815,-5.274,1.541
5.239,-5.413,-0.174
1.464,1.076,2.54
-3.785,2.887,-0.898
6.33,-7.211,-0.881
6.135,-3.806,2.329
-6.767,5.951,-0.816
7.229,-4.456,2.772
3.525,-3.32,0.205
0.087,1.961,2.048
-9.498,8.918,-0.58
9.492,-8.081,1.411
-7.851,10.975,3.124
-3.373,3.988,0.614
-1.189,1.794,0.606
-12.208,14.548,2.34
-5.543,5.024,-0.519
4.41,-2.67,1.739
-1.628,-0.004,-1.632
0.357,-1.219,-0.862
-2.016,2.13,0.114
4.212,-5.299,-1.086
-11.649,17.712,6.063
-0.576,-1.846,-2.421
8.82,-8.74,0.08
-11.583,10.27,-1.313
4.99,-2.921,2.069
-0.187,2.957,2.771
-14.095,14.315,0.22
-0.762,-0.537,-1.299
-5.843,7.639,1.796
1.21,0.354,1.564
0.331,-1.367,-1.036
4.381,-3.42,0.962
5.223,-3.421,1.802
8.154,-5.073,3.081
-1.149,-0.586,-1.735
0.42,-2.211,-1.791
-0.907,3.43,2.523
6.646,-5.2,1.446
3.712,-3.225,0.486
-9.062,11.84,2.778
-17.626,19.524,1.898
6.233,-6.832,-0.6
-9.103,8.994,-0.109
-6.943,7.518,0.575
-7.402,12.061,4.659
-1.391,1.994,0.603
-4.232,7.338,3.106
4.213,-3.283,0.93
1.236,-1.425,-0.189
-4.14,4.225,0.085
3.732,-0.374,3.359
-3.055,3.999,0.944
4.348,-4.857,-0.51
16.023,-14.848,1.174
4.655,-2.288,2.367
8.541,-3.966,4.575
-6.432,6.031,-0.401
-4.825,4.485,-0.34
3.381,-2.66,0.721
-17.69,17.937,0.247
5.879,-3.068,2.811
2.08,-1.596,0.484
-2.953,3.004,0.051
-1.186,0.736,-0.449
2.547,-2.472,0.075
-5.167,6.097,0.929
-2.921,4.087,1.166
-15.005,11.475,-3.529
11.032,-12.8,-1.768
-12.593,13.01,0.417
0.204,2.464,2.668
-3.42,3.231,-0.189
1.109,0.232,1.342
6.075,-5.507,0.568
-6.096,7.588,1.493
-6.308,3.799,-2.509
-3.54,7.477,3.937
12.701,-14.195,-1.494
6.675,-8.212,-1.536
-3.706,2.736,-0.971
-17.287,18.212,0.924
-13.992,15.662,1.669
-15.868,14.132,-1.736
3.657,-3.781,-0.125
0.094,-0.864,-0.77
-3.083,1.68,-1.403
0.61,1.088,1.698
8.327,-8.781,-0.454
-7.884,11.471,3.587
2.425,-4.367,-1.941
-0.508,0.899,0.391
9.139,-10.3,-1.16
-4.504,5.329,0.824
7.937,-6.489,1.448
-6.351,8.54,2.189
0.377,2.286,2.663
-2.262,2.574,0.313
-1.174,1.706,0.533
-9.646,9.149,-0.497
4.372,-2.951,1.421
-6.052,5.382,-0.67
14.135,-13.094,1.041
7.097,-5.726,1.371
-6.136,7.281,1.145
5.292,-5.653,-0.361
-3.206,0.689,-2.517
9.85,-10.84,-0.99
0.219,-1.237,-1.018
4.622,-3.625,0.997
-1.509,4.123,2.614
2.897,-4.723,-1.826
12.065,-10.554,1.511
8.253,-8.506,-0.252
4.378,-4.043,0.335
0.984,-3.179,-2.195
6.842,-5.324,1.518
-6.14,6.012,-0.128
-7.06,7.401,0.341
-3.043,3.386,0.343
0.575,1.017,1.592
12.567,-10.946,1.62
9.682,-8.985,0.697
5.059,-4.863,0.196
5.63,-5.545,0.086
-12.087,13.293,1.206
-3.7,7.495,3.795
-5.044,4.404,-0.64
-1.156,1.501,0.345
7.0,-5.553,1.447
-13.922,13.466,-0.456
7.025,-6.986,0.039
-2.281,1.166,-1.114
7.826,-8.337,-0.511
11.522,-11.454,0.069
-1.452,1.009,-0.443
6.073,-5.811,0.262
2.859,-0.843,2.016
-7.239,7.227,-0.011
15.349,-13.074,2.275
-1.77,2.434,0.664
6.641,-4.054,2.587
-3.95,1.96,-1.99
0.321,0.216,0.537
4.273,-1.807,2.466
-5.535,2.116,-3.419
-2.178,1.617,-0.561
-3.42,3.231,-0.189
-4.611,6.968,2.357
3.337,-1.333,2.004
5.863,-6.125,-0.263
5.44,-6.918,-1.478
0.367,0.926,1.293
5.618,-5.351,0.267
4.123,-2.355,1.767
-9.334,10.383,1.049
-1.74,4.092,2.352
-9.684,11.166,1.481
16.009,-13.365,2.645
13.422,-10.552,2.871
9.648,-6.631,3.017
-3.194,4.719,1.525
-1.082,0.393,-0.69
4.573,-3.738,0.834
13.345,-11.959,1.387
-3.372,5.692,2.319
-12.664,11.247,-1.417
-10.138,11.546,1.408
-4.939,0.354,-4.585
2.949,-1.588,1.36
-0.426,0.359,-0.067
-0.349,2.201,1.852
-6.35,7.06,0.71
-6.544,6.237,-0.307
-5.92,5.991,0.071
1.172,-0.837,0.336
-11.748,10.866,-0.882
-2.074,4.89,2.817
6.358,-7.188,-0.83
8.876,-9.178,-0.302
-13.605,14.22,0.616
-1.34,0.921,-0.419
8.111,-9.604,-1.494
-1.768,5.065,3.296
-3.074,3.917,0.843
-7.317,4.938,-2.379
9.844,-9.79,0.055
15.027,-14.91,0.117
1.426,-3.568,-2.142
-4.149,3.915,-0.234
-2.097,2.132,0.035
-0.051,-0.506,-0.557
7.567,-8.436,-0.869
1.035,-0.224,0.811
-3.67,5.238,1.567
6.22,-5.332,0.887
-13.907,13.078,-0.83
3.846,-1.072,2.774
1.148,0.034,1.183
7.627,-8.214,-0.587
-4.959,4.625,-0.334
-0.59,0.238,-0.352
-2.129,2.308,0.179
-1.056,0.029,-1.027
-7.787,10.638,2.851
-9.295,7.441,-1.853
16.165,-14.01,2.155
-1.796,1.577,-0.218
-2.176,2.159,-0.017
-2.203,3.391,1.188
-1.934,2.576,0.642
-6.62,6.768,0.147
-11.071,10.365,-0.706
-4.876,8.837,3.962
-4.365,1.983,-2.382
-7.069,8.692,1.623
-0.969,1.335,0.366
7.407,-6.188,1.219
9.474,-8.796,0.678
-11.076,11.719,0.642
3.207,-4.939,-1.732
7.295,-4.487,2.808
-3.434,4.785,1.35
2.548,-1.689,0.859
9.068,-10.045,-0.977
-8.142,10.261,2.119
17.953,-19.73,-1.777
-2.762,2.661,-0.101
-0.619,2.382,1.763
4.42,-5.163,-0.743
-16.057,15.016,-1.041
-3.875,5.888,2.013
-10.007,10.357,0.35
-16.043,14.955,-1.088
-0.039,-0.009,-0.048
-9.067,9.007,-0.059
12.331,-11.082,1.249
-1.433,-0.566,-1.999
-10.793,10.355,-0.439
1.301,-0.45,0.851
-0.417,2.591,2.173
9.092,-6.904,2.188
8.975,-9.65,-0.675
-6.546,3.777,-2.769
-3.436,2.886,-0.55
2.598,-2.042,0.555
-2.559,2.722,0.163
9.883,-8.262,1.621
-10.867,11.041,0.174
6.251,1.141,7.392
-7.381,8.817,1.436
1.07,-1.939,-0.869
-4.631,1.194,-3.437
-7.033,3.613,-3.42
18.316,-15.279,3.036
7.951,-6.539,1.412
-6.156,5.077,-1.079
0.121,-0.085,0.036
-0.346,-0.396,-0.742
-5.743,8.503,2.76
6.91,-2.514,4.396
12.256,-13.626,-1.37
-6.973,9.827,2.854
-13.747,14.869,1.122
-0.464,-0.419,-0.884
2.008,0.021,2.03
-5.804,2.477,-3.327
3.897,-4.665,-0.768
-1.62,2.556,0.936
-0.281,-0.43,-0.711
6.358,-7.188,-0.83
1.61,-1.879,-0.269
8.381,-7.284,1.097
5.89,-3.271,2.619
4.79,-6.811,-2.021
12.503,-13.82,-1.318
-5.385,8.841,3.456
2.899,-3.692,-0.794
-5.544,5.924,0.38
-2.578,2.029,-0.549
0.381,0.64,1.021
-8.223,8.212,-0.011
4.052,-2.304,1.748
6.007,-6.114,-0.107
12.788,-13.934,-1.146
5.596,-4.875,0.721
1.062,-2.223,-1.161
5.475,-8.117,-2.642
-8.819,7.297,-1.522
-5.543,4.617,-0.926
-2.628,1.534,-1.094
-3.112,5.479,2.367
-0.202,1.41,1.208
0.24,0.968,1.208
-1.122,3.133,2.011
-7.244,7.113,-0.131
-7.184,6.467,-0.717
-0.491,-1.421,-1.912
-2.58,4.021,1.441
12.138,-10.351,1.786
5.721,-5.821,-0.1
-0.451,-0.474,-0.924
8.184,-8.466,-0.282
-2.85,5.338,2.488
-8.98,8.59,-0.39
10.187,-7.951,2.236
2.906,-5.093,-2.188
2.419,-0.343,2.076
5.479,-5.314,0.165
-19.317,17.707,-1.611
-3.849,2.326,-1.523
-1.155,5.099,3.943
-4.448,6.276,1.828
11.687,-9.184,2.503
3.212,1.988,5.2
0.359,-0.725,-0.366
1.456,-1.294,0.161
8.809,-6.631,2.178
-0.585,-1.844,-2.429
10.67,-12.39,-1.72
3.707,-4.319,-0.612
6.065,-5.43,0.635
0.101,3.183,3.285
1.658,3.393,5.051
3.149,-1.753,1.396
11.004,-9.515,1.488
9.668,-8.055,1.613
2.473,1.707,4.18
-2.733,3.854,1.121
1.429,-0.076,1.353
5.77,-3.5,2.27
5.243,-6.95,-1.707
1.807,3.282,5.089
-2.928,-0.781,-3.709
-10.806,12.687,1.881
-2.18,2.922,0.742
6.187,-5.11,1.077
-9.949,13.231,3.282
11.262,-7.977,3.285
-4.677,6.955,2.278
-7.776,10.535,2.759
-1.092,1.21,0.118
-13.857,13.041,-0.815
2.01,4.737,6.747
0.755,0.808,1.563
2.691,-3.525,-0.834
12.232,-12.264,-0.032
-3.037,2.179,-0.858
2.031,-1.478,0.554
5.453,-3.431,2.022
-4.899,5.959,1.06
7.133,-7.859,-0.727
-5.158,7.647,2.488
-3.304,2.692,-0.612
-1.733,3.577,1.844
3.053,-2.191,0.862
-7.226,5.842,-1.384
-7.826,5.45,-2.376
0.372,2.74,3.112
2.76,-5.973,-3.213
0.366,2.992,3.358
-1.874,1.477,-0.397
18.399,-18.14,0.259
-6.007,5.009,-0.999
-5.55,4.714,-0.837
4.267,-3.686,0.581
-0.714,-1.963,-2.677
-9.154,11.183,2.029
3.748,-3.07,0.678
-10.004,12.883,2.879
2.427,-0.741,1.687
-3.027,1.434,-1.593
7.0,-5.553,1.447
-7.419,5.428,-1.991
6.67,-8.387,-1.716
-3.082,7.597,4.515
3.6,-3.207,0.393
2.62,-2.163,0.457
0.234,-2.074,-1.84
-9.25,6.541,-2.709
4.818,-6.474,-1.656
5.237,-6.776,-1.539
10.586,-9.527,1.059
4.122,-7.04,-2.918
4.464,-3.851,0.613
3.924,0.028,3.952
-5.052,6.02,0.968
-3.708,5.865,2.158
-17.458,16.901,-0.557
1.162,-0.123,1.039
12.663,-10.204,2.459
11.323,-11.473,-0.15
5.653,-6.838,-1.185
-0.198,0.144,-0.054
-4.736,6.119,1.384
-0.702,0.641,-0.061
-1.196,3.293,2.097
-9.051,7.163,-1.888
16.276,-13.723,2.552
-1.309,4.363,3.055
4.025,-8.974,-4.948
-2.412,4.635,2.222
-4.538,5.453,0.915
-1.658,1.251,-0.407
1.691,-0.749,0.942
14.388,-12.822,1.566
5.088,-3.366,1.722
11.754,-9.314,2.44
-5.629,4.795,-0.834
-9.34,8.332,-1.008
0.057,1.694,1.752
6.791,-6.191,0.6
-4.245,5.253,1.008
7.758,-8.301,-0.543
-1.628,-0.004,-1.632
-11.972,10.413,-1.559
-3.757,7.758,4.001
-4.367,4.194,-0.173
-2.652,1.414,-1.238
7.475,-6.335,1.14
-1.201,-1.299,-2.5
-2.559,7.223,4.664
-5.04,5.081,0.041
-2.116,5.214,3.098
-16.819,16.303,-0.515
5.525,-4.981,0.544
7.808,-8.651,-0.843
-4.519,6.078,1.558
-2.852,6.774,3.921
-5.228,6.798,1.571
-1.885,1.335,-0.55
-9.472,9.903,0.431
0.39,2.05,2.441
7.901,-6.233,1.668
8.744,-9.451,-0.708
-2.196,3.57,1.374
0.219,-1.237,-1.018
-2.928,4.961,2.032
-8.34,7.134,-1.206
6.121,-5.42,0.701
4.622,-3.655,0.967
4.847,-6.865,-2.018
-0.303,-0.985,-1.288
-0.784,1.215,0.431
8.991,-4.422,4.57
-11.476,9.665,-1.811
7.188,-6.326,0.862
0.804,-3.194,-2.39
0.269,-1.34,-1.072
-4.799,7.328,2.529
0.398,-2.566,-2.168
5.65,-5.584,0.066
5.014,-2.292,2.722
13.447,-13.295,0.152
11.584,-11.978,-0.394
-6.979,6.586,-0.393
-8.289,7.648,-0.641
0.025,0.366,0.392
0.519,-0.005,0.513
1.959,-4.057,-2.098
-2.101,4.55,2.448
4.7,-3.226,1.474
1.81,-0.585,1.225
-6.866,8.149,1.283
-3.49,6.378,2.888
-1.961,0.941,-1.02
8.472,-8.652,-0.18
-11.302,12.09,0.788
11.691,-10.337,1.353
-3.836,2.094,-1.742
9.154,-8.243,0.911
-8.008,6.894,-1.114
-0.364,-0.748,-1.112
6.923,-7.666,-0.743
0.516,-1.386,-0.87
-5.808,7.036,1.228
-3.532,4.258,0.726
1.499,0.267,1.766
1.478,-0.043,1.435
8.266,-8.516,-0.25
-2.113,3.471,1.357
1.423,-3.045,-1.623
-11.376,7.064,-4.311
3.324,-0.969,2.355
-10.817,6.99,-3.827
-1.901,3.719,1.818
5.427,-7.297,-1.87
16.331,-15.046,1.285
0.419,0.61,1.029
-9.328,7.045,-2.283
-6.702,6.904,0.202
-2.087,2.972,0.885
8.473,-9.05,-0.578
-12.033,11.452,-0.581
0.871,-1.004,-0.134
-4.024,4.894,0.87
2.595,-3.458,-0.862
-6.484,5.49,-0.993
-1.611,2.643,1.031
6.913,-5.152,1.76
1.862,-3.997,-2.135
-6.109,7.482,1.373
8.423,-5.862,2.561
-1.002,-0.736,-1.738
-1.992,3.54,1.548
6.772,-5.457,1.315
-3.606,2.8,-0.806
12.876,-11.337,1.539
5.39,-8.005,-2.615
-6.385,8.455,2.07
3.577,-3.163,0.414
9.397,-8.183,1.214
-13.857,13.041,-0.815
-9.488,8.042,-1.447
7.164,-7.211,-0.047
-6.451,7.882,1.431
-14.958,14.859,-0.099
-5.762,6.632,0.87
1.267,-0.345,0.921
2.683,-3.358,-0.675
3.835,-6.987,-3.152
3.208,-1.451,1.757
-5.046,3.584,-1.463
1.73,-4.46,-2.73
0.185,1.893,2.079
-8.448,4.809,-3.64
-0.693,4.48,3.788
-3.343,4.304,0.962
-9.962,9.547,-0.415
3.672,-3.178,0.494
1.347,-3.526,-2.179
6.163,-6.524,-0.361
-12.802,14.396,1.594
-0.62,-1.625,-2.245
-5.781,7.057,1.276
12.206,-8.574,3.632
-0.053,2.234,2.181
1.888,-2.997,-1.109
-2.8,2.929,0.129
8.641,-7.026,1.615
2.272,-2.56,-0.289
-3.367,2.719,-0.648
-3.319,4.329,1.01
-5.174,3.616,-1.558
8.271,-7.809,0.461
-8.295,8.255,-0.04
3.007,-3.044,-0.038
1.148,-3.003,-1.855
8.599,-9.025,-0.426
-7.495,6.895,-0.6
1.237,-1.912,-0.675
0.905,0.199,1.104
2.623,-3.075,-0.452
-5.847,7.302,1.455
11.262,-10.572,0.69
-6.93,4.514,-2.416
-4.301,4.613,0.312
15.339,-13.907,1.432
-3.408,3.169,-0.239
3.3995,-3.8455,-0.446
-0.256,0.539,0.283
2.246,-3.036,-0.79
5.596,-4.875,0.721
9.682,-8.985,0.697
7.447,-5.254,2.194
3.654,-2.559,1.094
3.68,-2.984,0.696
6.79,-9.909,-3.119
-3.511,3.884,0.373
4.632,-5.308,-0.676
2.226,-3.194,-0.968
-0.367,-1.014,-1.381
-0.715,-1.833,-2.548
2.018,-2.647,-0.629
1.491,-1.81,-0.319
3.185,-1.992,1.192
-2.415,1.995,-0.42
-12.212,12.339,0.127
-10.862,10.688,-0.174
3.065,-3.474,-0.409
5.65,-5.584,0.066
4.236,-1.721,2.515
-3.8,2.779,-1.021
-3.924,3.412,-0.513
-14.285,12.229,-2.056
-6.278,8.586,2.308
0.476,-0.779,-0.303
-0.897,1.546,0.649
-7.486,9.027,1.541
-4.359,5.183,0.824
16.774,-14.553,2.221
9.055,-6.442,2.614
0.019,-0.576,-0.557
-5.044,4.896,-0.149
-6.997,6.345,-0.652
-7.512,10.508,2.996
-3.966,3.59,-0.376
4.044,-3.3,0.744
6.552,-9.69,-3.138
-3.891,0.074,-3.817
-0.614,2.6,1.986
2.05,-0.074,1.976
2.17,-2.23,-0.06
-3.844,6.053,2.209
-21.488,23.057,1.569
-8.177,6.27,-1.908
2.815,-3.419,-0.604
-0.424,-0.089,-0.513
9.545,-6.467,3.078
-2.358,3.839,1.481
4.403,-4.472,-0.069
10.723,-9.077,1.646
2.703,-1.206,1.497
-6.061,5.753,-0.308
-0.529,-0.535,-1.064
-2.763,2.959,0.197
-4.977,6.606,1.629
2.229,-0.006,2.223
4.14,-2.974,1.166
-0.657,1.218,0.56
-0.867,-1.029,-1.895
6.313,-5.199,1.113
7.252,-6.88,0.371
2.369,2.24,4.609
12.493,-13.266,-0.773
-11.825,11.794,-0.031
-12.502,11.359,-1.142
-11.731,12.165,0.435
-0.912,1.201,0.289
-0.895,0.271,-0.624
16.533,-18.473,-1.94
-16.765,16.227,-0.539
0.882,-2.14,-1.258
0.365,0.252,0.617
0.757,1.714,2.471
5.073,-6.265,-1.192
-8.042,7.653,-0.388
7.109,-6.403,0.706
-8.733,7.366,-1.367
-2.211,1.923,-0.288
5.35,-5.739,-0.39
-1.525,0.993,-0.531
10.888,-9.68,1.209
-1.887,4.256,2.368
11.366,-9.902,1.464
18.917,-22.707,-3.791
-0.905,1.869,0.964
-16.143,19.223,3.08
-14.0,12.459,-1.541
7.48,-6.453,1.028
2.086,1.869,3.956
-10.161,9.814,-0.347
-10.663,10.298,-0.365
4.686,-0.918,3.768
5.787,-4.783,1.004
12.506,-11.757,0.749
-1.645,0.084,-1.56
3.838,-2.766,1.072
-16.043,14.955,-1.088
6.875,-6.16,0.716
1.798,-2.522,-0.724
2.67,-1.619,1.052
-0.62,-1.697,-2.317
3.194,-1.423,1.772
-1.466,0.887,-0.579
-3.144,-1.632,-4.775
0.819,0.582,1.4
-1.834,2.659,0.825
7.903,-6.768,1.135
-3.807,1.618,-2.189
3.218,-2.608,0.609
-5.342,5.043,-0.299
1.302,-2.876,-1.574
17.251,-14.399,2.852
-5.483,6.038,0.554
1.234,-2.255,-1.021
-1.267,3.247,1.98
-3.733,4.84,1.107
-2.176,2.159,-0.017
1.158,-2.405,-1.246
-5.958,4.655,-1.302
8.893,-6.615,2.278
-14.5,16.002,1.501
-2.533,1.642,-0.891
9.029,-7.945,1.085
1.677,-3.303,-1.626
-6.052,5.382,-0.67
4.153,-7.9,-3.746
3.658,-3.681,-0.023
2.138,1.843,3.981
-9.587,7.961,-1.625
-5.38,3.636,-1.743
-7.226,5.842,-1.384
-7.234,8.721,1.488
-5.261,4.501,-0.76
0.121,-0.085,0.036
-3.678,2.073,-1.606
17.482,-19.593,-2.111
10.349,-10.277,0.072
0.277,-3.374,-3.097
9.724,-9.561,0.164
0.951,-1.062,-0.111
-9.76,8.679,-1.082
-0.25,2.558,2.309
-3.196,5.577,2.381
6.415,-3.674,2.742
2.62,-4.051,-1.432
-5.642,5.356,-0.285
-15.865,15.802,-0.063
-4.435,7.583,3.148
2.392,-0.474,1.918
-5.628,7.389,1.762
1.231,-4.706,-3.475
-1.745,1.43,-0.314
4.082,-5.008,-0.925
8.948,-7.439,1.509
11.109,-9.789,1.321
-4.024,3.982,-0.042
0.919,-3.807,-2.888
-0.796,-0.22,-1.015
-2.629,2.957,0.328
0.965,0.966,1.931
-1.767,2.087,0.321
20.865,-22.676,-1.811
-5.593,8.942,3.349
1.334,0.926,2.26
-2.786,4.711,1.925
4.503,-3.256,1.247
-0.462,0.611,0.148
-9.03,10.982,1.951
6.733,-9.594,-2.862
3.74,-2.618,1.122
-4.119,6.3,2.181
2.289,-0.968,1.321
5.802,-4.938,0.864
-2.762,2.661,-0.101
-10.47,11.493,1.023
-12.911,14.315,1.404
-1.769,2.212,0.444
9.101,-9.249,-0.148
8.807,-8.22,0.587
-4.649,7.744,3.095
6.176,-1.091,5.084
-7.273,8.245,0.972
4.133,-3.312,0.821
5.788,-6.062,-0.274
-3.164,3.566,0.402
0.21,0.46,0.67
-10.17,9.488,-0.682
-4.711,4.058,-0.653
2.939,-7.597,-4.658
-11.823,12.692,0.869
8.835,-11.192,-2.357
0.504,-0.119,0.385
-5.241,5.073,-0.167
-6.612,6.761,0.149
6.783,-8.247,-1.464
2.287,-3.137,-0.851
-6.049,8.134,2.085
10.275,-8.358,1.917
-5.72,6.212,0.492
-0.177,0.281,0.104
4.269,-4.191,0.078
3.5,-1.051,2.449
9.139,-10.3,-1.16
1.705,-2.723,-1.018
14.844,-13.423,1.421
-0.872,3.395,2.524
-0.336,4.589,4.253
-2.151,-0.411,-2.563
0.84,-4.139,-3.298
-6.505,6.282,-0.223
9.863,-11.368,-1.505
9.028,-10.966,-1.938
0.88,0.013,0.893
9.207,-6.584,2.622
9.079,-5.568,3.51
7.583,-6.006,1.577
-6.728,9.598,2.869
-8.656,9.681,1.025
5.733,-7.227,-1.494
6.3,-7.493,-1.194
5.48,-7.284,-1.805
-3.783,3.455,-0.328
4.092,-2.362,1.729
1.797,-1.025,0.771
-7.849,8.706,0.857
10.46,-9.754,0.706
-2.42,0.85,-1.571
16.076,-14.597,1.479
8.383,-10.306,-1.923
-5.206,5.922,0.715
2.518,-3.072,-0.554
2.409,-1.66,0.749
1.394,-2.049,-0.655
7.313,-7.457,-0.144
9.47,-8.67,0.801
-4.183,3.511,-0.672
-3.106,5.784,2.677
5.032,-3.543,1.489
0.017,0.799,0.816
-6.977,7.572,0.596
-1.323,2.167,0.844
-3.516,6.894,3.379
9.957,-10.759,-0.802
0.624,-1.196,-0.572
10.706,-10.44,0.266
-16.929,15.49,-1.44
1.718,-2.24,-0.522
6.389,-5.655,0.734
-8.898,10.062,1.164
7.301,-9.241,-1.94
-3.666,5.686,2.02
1.772,0.149,1.921
8.276,-11.09,-2.814
0.483,-2.962,-2.479
-9.379,7.905,-1.474
1.207,-0.034,1.173
8.94,-8.263,0.677
8.295,-7.024,1.271
-3.535,7.539,4.004
10.418,-11.017,-0.599
-11.206,11.049,-0.157
-9.165,5.614,-3.551
2.098,1.505,3.603
1.862,-0.163,1.699
5.567,-3.675,1.891
1.839,1.019,2.859
2.392,-0.474,1.918
-1.452,1.009,-0.443
-8.589,11.861,3.271
-20.06,20.304,0.245
-13.076,12.476,-0.6
-18.874,17.253,-1.621
-1.522,3.352,1.83
-1.953,3.498,1.544
-13.702,18.385,4.683
4.642,-4.545,0.097
-10.133,11.597,1.464
0.166,2.464,2.63
4.411,-5.157,-0.746
2.374,-1.516,0.859
2.913,-2.568,0.345
11.118,-10.893,0.226
-1.158,2.563,1.405
-7.28,5.447,-1.833
-12.552,11.813,-0.739
-2.365,6.669,4.304
-9.885,8.498,-1.387
-11.074,8.038,-3.036
12.187,-9.204,2.984
-4.34,3.749,-0.591
4.206,-2.66,1.547
-2.228,2.963,0.735
3.629,-4.467,-0.838
-1.845,3.637,1.792
3.119,-1.812,1.307
9.096,-8.103,0.993
-0.483,2.558,2.075
8.112,-5.98,2.131
7.965,-9.297,-1.332
1.345,-2.138,-0.793
-0.209,-1.64,-1.849
0.991,-4.772,-3.781
3.636,-1.6,2.036
-2.722,0.997,-1.725
8.66,-7.301,1.359
1.173,1.681,2.854
-0.096,1.572,1.476
7.706,-10.661,-2.954
-0.43,0.009,-0.421
-8.096,9.258,1.162
-5.475,7.295,1.82
-5.471,5.51,0.04
-1.084,3.534,2.449
1.049,1.283,2.332
-6.856,10.65,3.793
2.661,-4.364,-1.703
0.232,-0.734,-0.502
8.007,-6.522,1.484
-0.819,2.31,1.491
6.3,-4.207,2.093
-4.22,4.155,-0.065
-1.437,1.233,-0.203
-2.4,3.177,0.777
11.385,-10.679,0.706
-4.081,7.899,3.818
-3.45,4.316,0.867
1.639,-2.783,-1.144
-3.821,0.733,-3.089
-4.771,3.743,-1.028
3.369,-4.756,-1.386
0.217,1.555,1.773
4.278,-2.438,1.84
3.166,-2.693,0.473
1.236,0.112,1.348
2.584,-2.506,0.079
10.461,-8.002,2.459
10.77,-16.368,-5.599
3.62,0.507,4.127
6.27,-8.042,-1.773
5.163,-5.051,0.112
-3.185,1.847,-1.338
-5.347,4.684,-0.663
1.003,-0.288,0.715
10.2,-6.281,3.919
-10.141,10.387,0.246
2.959,-2.629,0.33
-2.037,5.607,3.57
-0.867,1.196,0.328
-1.912,2.741,0.829
1.131,-1.149,-0.019
-8.706,7.534,-1.172
-13.767,10.32,-3.447
2.456,-2.816,-0.36
2.479,-3.837,-1.358
6.115,-1.871,4.244
-4.536,4.928,0.392
2.908,-1.181,1.727
-3.199,5.473,2.273
4.7,-2.378,2.322
-5.549,5.0,-0.549
1.363,-3.818,-2.455
-16.375,16.805,0.43
15.382,-15.116,0.266
-9.89,12.248,2.358
-0.831,1.283,0.452
-5.185,3.075,-2.111
0.801,3.43,4.231
5.119,-4.812,0.307
3.257,-2.376,0.881
-11.424,7.62,-3.804
9.099,-8.125,0.974
4.502,-8.568,-4.066
-9.072,10.168,1.095
-3.171,5.329,2.158
3.89,-6.451,-2.56
4.11,-0.003,4.107
4.681,-5.473,-0.792
-12.321,9.725,-2.596
-7.956,5.326,-2.63
5.392,-6.438,-1.046
3.907,-3.996,-0.089
5.08,-8.751,-3.671
2.61,-2.64,-0.03
8.075,-10.022,-1.947
-13.16,11.717,-1.443
-7.809,12.007,4.198
1.015,-2.987,-1.972
0.742,-3.938,-3.197
-4.237,6.903,2.666
4.45,-2.897,1.553
8.823,-7.975,0.848
-5.152,5.05,-0.101
-2.966,1.789,-1.176
1.682,0.331,2.012
7.173,-4.377,2.796
-3.856,0.426,-3.43
10.959,-8.848,2.111
-0.226,1.188,0.962
-5.342,5.043,-0.299
-5.801,6.607,0.806
7.479,-7.468,0.011
5.02,-1.947,3.074
11.927,-11.624,0.303
-14.417,14.581,0.164
-4.872,5.029,0.157
7.058,-5.948,1.11
-7.849,8.706,0.857
-6.081,9.806,3.725
3.748,-3.07,0.678
-9.392,8.148,-1.244
12.506,-11.757,0.749
-0.268,1.457,1.189
-5.64,5.172,-0.468
-1.979,1.362,-0.616
1.599,-1.77,-0.171
-12.238,12.844,0.606
1.266,-1.218,0.047
-5.98,5.723,-0.256
-9.51,9.303,-0.207
13.877,-12.563,1.314
-11.294,11.088,-0.206
-1.623,2.682,1.059
6.778,-4.951,1.826
-6.852,11.79,4.938
-14.168,9.431,-4.737
-3.212,1.567,-1.645
2.444,-0.313,2.13
12.425,-13.8,-1.375
-15.575,13.249,-2.326
-7.983,7.681,-0.301
-8.542,9.105,0.563
-0.103,1.246,1.143
-6.857,5.342,-1.515
1.029,1.869,2.897
1.695,0.101,1.796
-1.725,3.464,1.739
0.373,-1.68,-1.307
-6.19,7.341,1.151
0.95,2.17,3.12
-7.678,12.771,5.093
12.805,-12.162,0.644
-2.616,1.909,-0.707
-22.496,24.052,1.556
10.746,-10.317,0.429
0.449,1.491,1.94
-8.887,8.135,-0.752
7.893,-8.363,-0.47
-7.783,8.643,0.86
3.514,-3.697,-0.183
-6.35,9.406,3.056
-3.103,0.229,-2.874
-5.56,5.878,0.318
-2.582,5.516,2.933
-1.695,0.575,-1.12
8.511,-4.686,3.825
7.654,-6.398,1.255
-1.834,2.659,0.825
-8.728,11.047,2.319
0.463,-3.24,-2.777
0.031,-2.638,-2.607
2.584,-1.289,1.296
0.93,-0.195,0.735
-6.419,8.396,1.976
5.691,-6.399,-0.707
-19.321,18.62,-0.701
3.675,-3.684,-0.01
0.476,-0.779,-0.303
4.063,-5.428,-1.365
3.631,-6.142,-2.511
12.14,-13.042,-0.902
5.163,-3.755,1.408
3.288,-4.019,-0.73
0.045,0.473,0.518
-3.406,5.232,1.826
0.197,1.254,1.451
-4.959,4.881,-0.078
7.958,-5.737,2.221
-9.904,9.369,-0.536
-0.145,-3.298,-3.443
-0.79,1.437,0.647
5.943,-5.712,0.231
-5.457,3.739,-1.718
-5.254,3.6,-1.654
-2.451,6.557,4.106
-1.009,-2.541,-3.55
-2.663,4.497,1.834
-7.247,6.567,-0.68
-5.642,5.356,-0.285
-11.639,10.555,-1.084
-9.295,7.441,-1.853
2.423,-4.017,-1.593
4.976,-7.511,-2.534
1.021,-1.099,-0.078
-7.231,10.21,2.979
-3.783,3.455,-0.328
3.085,-0.363,2.721
0.902,-1.621,-0.719
-6.031,4.131,-1.9
0.802,0.029,0.831
-4.698,1.988,-2.71
-1.355,1.564,0.209
-0.836,1.266,0.431
11.678,-13.808,-2.13
6.429,-8.239,-1.81
-1.828,4.392,2.565
6.035,-3.731,2.303
-18.572,20.45,1.877
-12.446,9.83,-2.616
2.701,-1.905,0.796
-8.295,8.255,-0.04
-0.365,1.148,0.783
-2.7,1.382,-1.318
6.881,-2.789,4.092
6.128,-2.505,3.623
2.887,-1.335,1.551
0.357,-0.367,-0.01
-2.766,3.683,0.917
3.739,-6.607,-2.869
-5.585,4.401,-1.185
-2.144,2.441,0.297
5.963,-5.088,0.875
2.622,-2.81,-0.188
-6.569,7.141,0.573
-2.88,4.055,1.175
-5.913,1.992,-3.922
-3.667,2.696,-0.971
-14.525,13.318,-1.207
-0.545,-0.623,-1.168
-2.162,3.421,1.259
4.606,-4.536,0.069
-0.377,0.705,0.328
5.308,-6.9,-1.592
-2.299,1.243,-1.056
1.001,1.827,2.828
-9.139,11.319,2.18
-0.259,3.277,3.018
5.506,-7.02,-1.514
-4.63,2.782,-1.849
3.028,-1.875,1.153
4.817,-6.053,-1.236
1.194,-0.127,1.067
-4.976,4.116,-0.861
-7.517,8.655,1.138
-20.489,19.021,-1.468
0.473,-2.263,-1.79
8.599,-9.025,-0.426
-0.109,0.929,0.82
-7.162,4.337,-2.825
10.49,-8.551,1.938
-11.643,12.949,1.306
6.875,-5.791,1.083
16.542,-14.78,1.762
-0.066,3.267,3.201
0.085,-0.079,0.006
-3.347,4.485,1.137
-6.073,6.138,0.065
9.545,-9.776,-0.23
-1.343,-0.121,-1.465
-1.769,3.159,1.39
-2.613,-1.03,-3.643
-0.741,2.309,1.567
-5.727,4.567,-1.16
-8.11,6.251,-1.859
-6.51,4.733,-1.776
-3.056,1.823,-1.233
-8.109,9.792,1.683
-4.261,3.805,-0.456
-10.833,9.966,-0.867
-17.266,19.284,2.018
-9.668,8.247,-1.422
-1.964,0.348,-1.616
-13.741,17.59,3.85
6.147,-1.107,5.04
-16.057,15.016,-1.041
5.388,-5.236,0.152
3.675,-6.407,-2.732
-2.045,4.309,2.264
-1.621,0.828,-0.794
-5.022,4.228,-0.794
17.109,-17.49,-0.382
-3.79,3.086,-0.705
3.114,-3.175,-0.061
-8.824,9.798,0.974
3.986,-2.365,1.621
-10.706,12.056,1.35
-6.033,4.852,-1.181
4.607,-2.582,2.025
2.342,-2.757,-0.415
-8.741,8.658,-0.083
2.367,-4.25,-1.883
12.196,-10.999,1.197
3.939,-2.561,1.378
1.839,1.019,2.859
0.504,-0.868,-0.364
1.448,0.277,1.725
-0.614,0.561,-0.053
4.939,-3.185,1.755
-9.015,10.394,1.379
-3.037,2.179,-0.858
7.747,-4.601,3.146
3.585,-2.101,1.484
3.617,-6.462,-2.845
7.867,-6.987,0.88
-1.096,1.037,-0.06
-5.442,3.603,-1.839
-2.514,1.86,-0.654
-7.486,9.027,1.541
6.638,-4.13,2.508
4.177,-0.577,3.6
-14.209,15.259,1.049
-4.234,-0.07,-4.304
-3.763,3.661,-0.102
-9.545,8.789,-0.756
1.767,-2.588,-0.821
-1.995,2.473,0.478
4.607,-2.582,2.025
-3.671,2.803,-0.868
-8.849,8.905,0.056
-3.026,2.232,-0.794
-5.232,4.465,-0.767
3.137,-3.689,-0.551
-11.54,8.891,-2.649
-3.03,0.415,-2.614
-13.286,13.601,0.315
14.202,-13.752,0.45
-7.484,8.663,1.179
-7.116,7.825,0.709
-10.107,12.304,2.197
-4.072,5.031,0.958
7.332,-3.638,3.694
5.722,-7.882,-2.159
-15.793,19.779,3.986
3.344,-5.185,-1.841
-11.339,9.742,-1.597
8.79,-7.782,1.008
-8.695,9.434,0.739
-0.432,-0.38,-0.812
-7.078,5.882,-1.195
-0.733,1.917,1.184
-9.379,8.538,-0.842
3.953,-4.866,-0.913
2.708,-0.595,2.113
-8.918,10.08,1.162
-2.661,5.377,2.716
-9.418,9.193,-0.225
13.704,-13.744,-0.04
5.308,-5.098,0.21
0.048,2.56,2.608
-10.847,13.14,2.292
-2.957,3.591,0.634
8.533,-7.989,0.543
4.49,-4.288,0.202
-2.092,3.67,1.579
-8.509,7.696,-0.813
6.732,-8.211,-1.479
5.519,-5.68,-0.161
1.661,2.269,3.93
4.213,-3.283,0.93
-5.646,6.952,1.306
5.292,-5.653,-0.361
4.676,-9.625,-4.949
-2.358,3.839,1.481
3.296,-4.429,-1.133
1.543,-1.085,0.458
5.094,-8.217,-3.123
5.154,-5.502,-0.348
7.502,-6.486,1.016
-1.298,-0.284,-1.582
-4.907,5.336,0.429
4.796,-2.662,2.135
-2.859,6.45,3.591
2.077,-1.649,0.429
-5.204,4.172,-1.032
12.304,-13.024,-0.72
4.688,-5.74,-1.052
-10.324,9.974,-0.35
-7.735,8.879,1.144
-3.923,3.571,-0.352
-4.41,8.495,4.086
-5.918,8.749,2.831
6.472,-8.795,-2.323
-5.71,8.212,2.502
-11.087,12.996,1.908
-7.004,5.271,-1.733
-1.9,4.43,2.53
9.035,-7.125,1.91
6.875,-5.437,1.439
-2.628,1.534,-1.094
13.024,-15.838,-2.814
8.303,-8.155,0.148
-0.932,-0.363,-1.295
-9.396,7.439,-1.957
4.026,-4.505,-0.479
-0.311,0.275,-0.036
-1.187,1.625,0.438
1.497,-0.452,1.045
4.932,-2.558,2.374
-1.767,2.087,0.321
3.409,-6.451,-3.042
7.295,-5.849,1.446
-15.404,14.682,-0.722
5.792,-2.589,3.203
3.323,-1.597,1.725
2.105,-3.591,-1.486
8.085,-8.13,-0.046
4.984,-3.94,1.044
0.412,-0.511,-0.099
2.794,-0.883,1.911
-12.028,10.013,-2.015
-1.507,-0.212,-1.719
-6.806,7.597,0.792
-16.166,17.821,1.654
-10.011,10.974,0.963
-1.751,1.849,0.097
13.39,-14.045,-0.656
0.997,-5.111,-4.114
1.935,-0.013,1.922
1.246,1.269,2.515
-7.039,7.376,0.336
1.036,-1.213,-0.177
7.48,-6.453,1.028
-3.652,1.583,-2.07
2.959,-5.756,-2.797
5.103,-2.192,2.911
-6.257,7.508,1.251
10.968,-12.932,-1.965
-14.958,14.859,-0.099
7.021,-7.213,-0.192
21.008,-19.459,1.549
-0.62,0.221,-0.399
-9.336,6.271,-3.066
3.571,-4.646,-1.075
12.796,-14.808,-2.012
-4.411,5.464,1.053
-1.761,5.603,3.843
-7.419,5.428,-1.991
8.891,-9.736,-0.844
2.039,-1.323,0.715
-12.083,12.292,0.209
-1.218,2.283,1.065
3.587,-3.535,0.052
-3.728,0.29,-3.438
2.954,-0.645,2.309
-4.724,4.105,-0.62
0.061,4.258,4.32
15.442,-14.817,0.625
3.463,-3.566,-0.103
0.492,-0.458,0.033
-4.66,3.51,-1.151
-7.984,4.509,-3.475
-4.42,4.705,0.285
-5.222,5.907,0.685
3.161,0.313,3.474
-10.057,9.32,-0.736
9.199,-9.685,-0.487
-8.042,7.653,-0.388
7.317,-4.803,2.514
0.833,-2.876,-2.043
-21.246,21.017,-0.23
-9.646,9.149,-0.497
5.842,-2.303,3.539
-8.267,5.244,-3.022
8.423,-10.772,-2.349
10.34,-9.189,1.151
4.015,-4.79,-0.775
3.761,-6.031,-2.27
6.317,-4.572,1.745
-6.254,3.505,-2.75
1.528,-2.492,-0.964
-8.76,5.669,-3.09
-18.907,17.394,-1.512
-17.112,17.424,0.311
-2.908,4.162,1.254
7.859,-10.412,-2.552
7.085,-3.942,3.143
-13.886,16.225,2.339
-6.791,8.409,1.618
-1.046,1.259,0.213
-1.165,4.123,2.958
-5.872,5.297,-0.576
-9.439,9.258,-0.181
-11.259,8.624,-2.635
-4.406,1.473,-2.933
-2.092,3.67,1.579
3.519,-3.135,0.384
-5.661,2.41,-3.25
3.525,-3.32,0.205
13.64,-15.087,-1.447
-3.116,4.993,1.877
11.422,-12.658,-1.236
-5.489,2.995,-2.495
-3.845,2.387,-1.458
5.052,-6.925,-1.873
5.585,-3.984,1.601
4.854,-6.229,-1.375
1.076,0.893,1.969
-8.164,8.453,0.29
-5.639,7.604,1.966
-8.736,6.844,-1.892
-5.158,7.647,2.488
1.617,-1.172,0.445
3.835,-6.987,-3.152
-8.419,7.103,-1.316
5.046,-3.802,1.243
1.214,-1.973,-0.759
4.994999999999999,-7.5225,-2.527
-11.424,7.62,-3.804
13.895,-15.797,-1.903
-6.248,5.153,-1.096
-8.309,7.254,-1.055
-5.467,0.49,-4.977
9.86,-10.585,-0.725
-1.511,-0.855,-2.366
3.913,-4.29,-0.377
-7.538,9.758,2.22
-4.056,2.755,-1.301
-1.178,2.993,1.816
-2.262,1.298,-0.964
9.875,-9.812,0.063
-9.668,8.247,-1.422
-1.502,0.04,-1.462
2.921,-6.604,-3.683
5.455,-6.042,-0.587
2.906,-4.548,-1.641
0.92,-3.259,-2.339
-6.535,4.774,-1.761
7.42,-5.218,2.201
12.352,-12.096,0.256
2.601,1.017,3.618
8.774,-6.838,1.936
-2.205,1.874,-0.331
-5.321,7.068,1.747
-9.165,9.326,0.161
-8.96,8.089,-0.871
-2.875,6.052,3.177
6.565,-3.305,3.26
9.922,-6.063,3.859
2.854,-3.739,-0.884
2.629,-2.676,-0.047
0.299,1.19,1.489
-0.571,3.175,2.604
3.196,-4.417,-1.221
14.246,-11.83,2.416
-8.27,6.058,-2.212
10.6,-10.491,0.109
10.762,-10.218,0.545
4.439,-3.697,0.742
-7.284,3.318,-3.966
-5.983,7.577,1.595
-8.421,9.139,0.718
-4.581,8.562,3.981
-2.809,2.093,-0.715
-0.497,-0.229,-0.727
2.892,-2.007,0.885
7.174,-7.514,-0.34
-3.775,3.574,-0.202
-15.446,15.821,0.374
-2.442,1.712,-0.729
8.507,-7.585,0.922
4.292,-3.558,0.734
11.113,-9.635,1.479
7.605,-5.661,1.945
-3.911,3.816,-0.095
0.424,-2.562,-2.138
11.687,-9.184,2.503
-14.065,13.062,-1.003
8.253,-8.506,-0.252
-6.877,4.723,-2.154
7.106,-8.057,-0.951
0.138,-0.319,-0.181
-9.684,10.364,0.68
11.058,-11.643,-0.585
0.368,-0.502,-0.133
1.754,-1.475,0.279
9.761,-8.101,1.66
-6.873,7.028,0.155
0.743,-0.342,0.401
-4.711,4.058,-0.653
-8.309,9.168,0.859
-0.202,1.41,1.208
3.107,-3.363,-0.256
-10.523,11.012,0.489
1.885,-1.792,0.092
6.399,-8.945,-2.546
0.085,-0.079,0.006
-3.533,1.913,-1.62
2.527,0.417,2.944
13.494,-14.953,-1.459
-6.391,6.665,0.274
3.88,-3.635,0.245
-16.898,13.875,-3.024
1.79,-1.67,0.12
6.841,-8.05,-1.209
-10.713,13.497,2.784
1.486,-0.79,0.696
21.159,-19.332,1.828
-16.578,15.259,-1.319
-4.73,3.536,-1.194
-8.02,8.444,0.424
-12.346,13.924,1.578
1.481,-1.571,-0.091
7.299,-5.9,1.399
-1.024,1.52,0.495
-7.273,8.245,0.972
13.275,-8.809,4.466
-6.03,6.874,0.844
-0.508,-0.456,-0.964
-3.329,6.982,3.653
-3.222,3.833,0.611
2.637,-2.85,-0.213
0.331,-2.823,-2.492
-5.979,11.473,5.494
9.911,-7.27,2.641
-4.924,2.216,-2.708
8.804,-8.692,0.112
4.529,-5.288,-0.759
-3.074,3.917,0.843
11.291,-10.362,0.928
-6.9,8.22,1.32
3.087,-3.172,-0.085
0.782,-1.112,-0.331
-14.77,12.174,-2.596
-13.395,9.848,-3.547
-10.929,7.106,-3.823
2.669,-3.662,-0.994
15.097,-14.532,0.565
-8.89,6.459,-2.432
2.454,-0.275,2.179
-5.061,5.474,0.412
-11.715,8.83,-2.884
-10.995,9.399,-1.596
-3.337,1.923,-1.413
1.476,0.437,1.912
-15.446,15.821,0.374
7.91,-9.938,-2.029
-3.752,4.929,1.177
7.117,-6.553,0.564
6.096,-4.661,1.436
-7.395,7.592,0.196
-8.11,9.154,1.044
-6.799,7.405,0.605
-0.465,1.51,1.045
-4.549,4.723,0.173
-10.679,10.98,0.301
-0.648,3.056,2.408
7.657,-11.781,-4.124
-8.022,8.245,0.223
7.252,-6.88,0.371
-9.183,8.862,-0.321
-3.139,1.359,-1.78
-0.83,-1.108,-1.938
-12.702,15.232,2.53
6.411,-10.543,-4.132
-4.188,3.534,-0.654
0.133,1.402,1.535
9.397,-8.183,1.214
6.521,-4.082,2.439
0.294,-0.009,0.285
12.02,-11.616,0.404
11.063,-10.277,0.786
1.304,-1.379,-0.076
-3.294,3.866,0.572
12.109,-11.344,0.765
-3.215,3.673,0.458
-9.646,9.149,-0.497
-3.459,0.485,-2.974
-9.263,6.572,-2.691
9.64,-6.975,2.665
6.558,-9.64,-3.082
-2.427,0.878,-1.549
1.389,-0.44,0.949
7.543,-8.273,-0.73
0.905,-2.685,-1.78
5.525,-4.981,0.544
5.414,-7.55,-2.136
3.083,-1.418,1.665
5.013,-6.982,-1.969
-1.187,1.017,-0.17
-2.888,4.191,1.303
-1.101,0.172,-0.93
-6.239,10.198,3.96
11.577,-11.467,0.111
3.1,-3.068,0.032
1.677,-2.374,-0.698
-3.524,1.063,-2.46
-0.591,-0.001,-0.592
-6.352,5.191,-1.161
1.549,0.645,2.194
-4.386,6.416,2.03
7.799,-5.651,2.147
8.266,-8.516,-0.25
-5.192,6.312,1.119
-4.657,6.433,1.776
-3.108,3.23,0.122
-3.793,1.934,-1.859
-0.156,-2.355,-2.511
-7.599,7.977,0.378
-9.503,10.412,0.909
4.352,-6.212,-1.86
-8.824,9.798,0.974
5.586,-7.734,-2.147
-8.493,12.976,4.483
0.126,3.405,3.531
-6.581,10.046,3.465
5.59,-7.194,-1.604
8.807,-8.22,0.587
3.834,-1.166,2.668
-2.541,6.507,3.967
7.659,-6.453,1.206
5.935,-8.223,-2.288
-4.502,2.778,-1.723
-9.977,8.002,-1.975
-7.61,6.419,-1.191
-0.581,1.077,0.497
5.512,-3.683,1.828
3.864,-1.522,2.342
6.631,-1.69,4.941
9.756,-6.625,3.131
4.385,-6.174,-1.789
-6.59,5.929,-0.66
8.744,-7.582,1.163
-17.631,14.985,-2.646
-1.569,-1.738,-3.307
-6.869,7.042,0.173
-4.718,7.471,2.753
-6.376,8.172,1.796
9.494,-7.609,1.886
-3.403,2.048,-1.355
3.296,0.561,3.857
1.216,0.88,2.095
6.197,-5.301,0.896
7.269,-6.179,1.09
1.3,-0.151,1.149
1.37,2.861,4.231
4.267,-3.686,0.581
11.488,-10.953,0.535
5.531,-5.12,0.411
14.914,-12.016,2.899
1.673,-2.874,-1.2
-5.052,6.02,0.968
-6.426,5.239,-1.187
-8.547,8.849,0.303
9.113,-7.878,1.234
-7.638,6.515,-1.123
-7.177,7.864,0.687
3.596,-5.656,-2.059
10.625,-9.806,0.819
1.192,0.336,1.528
-6.363,4.932,-1.432
0.92,-3.259,-2.339
9.944,-7.617,2.327
4.249,-2.726,1.524
-0.772,1.167,0.395
-10.143,12.402,2.259
-6.64,3.904,-2.736
-3.886,4.796,0.91
-8.37,9.521,1.151
-5.214,6.535,1.322
15.381,-14.984,0.397
-8.086,5.148,-2.938
1.671,-1.859,-0.188
5.987,-5.692,0.295
-0.585,1.345,0.76
-7.635,6.334,-1.3
5.968,-5.274,0.695
-11.776,13.771,1.995
-0.216,-0.118,-0.334
-18.877,19.199,0.321
18.237,-13.706,4.532
5.466,-5.345,0.121
-5.719,6.442,0.723
1.237,-1.912,-0.675
8.687,-8.679,0.008
-2.85,2.644,-0.206
-0.459,-2.577,-3.036
4.385,-6.174,-1.789
-2.419,5.871,3.452
4.451,-3.926,0.525
10.04,-10.073,-0.033
-0.681,5.412,4.731
-2.513,0.241,-2.272
-13.251,15.436,2.185
-2.186,0.938,-1.248
-3.701,3.581,-0.12
-0.048,-3.315,-3.364
1.08,-1.809,-0.729
-0.469,-0.283,-0.752
-0.382,0.899,0.517
-9.933,11.523,1.59
10.395,-10.981,-0.585
-12.552,11.813,-0.739
-1.849,4.169,2.319
9.617,-10.302,-0.684
-3.222,1.339,-1.883
3.125,-2.871,0.254
9.603,-6.747,2.855
4.42,-5.163,-0.743
-4.183,3.511,-0.672
15.058,-13.661,1.396
-3.671,2.795,-0.875
-4.349,4.959,0.61
-9.737,7.276,-2.461
6.344,-4.583,1.761
-4.498,5.022,0.524
-5.803,5.692,-0.11
-0.165,0.572,0.406
15.432,-13.058,2.375
4.002,-2.747,1.255
-3.005,2.379,-0.625
10.569,-13.098,-2.529
12.506,-11.757,0.749
5.315,-5.907,-0.592
-10.216,10.319,0.102
-15.556,15.434,-0.122
13.873,-10.667,3.206
-6.253,7.271,1.017
1.108,-0.438,0.669
3.415,0.006,3.421
3.56,-2.397,1.163
-3.53,5.757,2.227
2.455,-1.837,0.617
-14.007,14.224,0.217
-7.976,8.476,0.501
2.248,-4.968,-2.72
-1.671,3.504,1.833
-6.125,5.875,-0.25
-16.875,15.316,-1.558
-0.717,-3.608,-4.325
-6.53,6.783,0.253
-7.441,4.077,-3.364
-2.442,1.712,-0.729
9.271,-7.479,1.793
-1.854,1.996,0.142
-12.046,14.241,2.195
-6.105,4.326,-1.779
-7.843,5.298,-2.545
-5.881,8.315,2.434
-7.506,5.249,-2.256
-2.171,4.541,2.371
6.654,-5.157,1.497
-2.789,1.435,-1.354
-0.013,-1.892,-1.906
4.476,-1.704,2.771
-0.207,3.289,3.082
-3.199,5.473,2.273
6.388,-6.069,0.319
1.262,-2.331,-1.069
3.474,-3.687,-0.213
-13.98,11.7,-2.281
1.796,1.164,2.959
-5.022,4.228,-0.794
-5.317,2.173,-3.144
-0.771,4.982,4.211
-4.502,2.778,-1.723
9.447,-11.796,-2.349
-10.772,11.395,0.623
20.965,-17.815,3.15
-4.495,7.327,2.832
5.464,-4.282,1.182
4.969,-2.91,2.059
-2.551,3.664,1.113
-2.129,2.308,0.179
2.988,-1.226,1.763
-8.953,12.254,3.302
-8.858,8.525,-0.333
-3.343,4.304,0.962
-10.04,12.621,2.58
9.014,-8.998,0.016
1.269,-2.168,-0.898
2.198,-1.536,0.661
-6.767,5.17,-1.597
1.576,0.79,2.366
0.339,-1.647,-1.308
11.936,-11.485,0.452
0.342,-2.48,-2.138
-18.868,19.948,1.08
5.438,-10.02,-4.582
-0.82,-1.582,-2.403
18.61,-17.636,0.974
-3.238,5.433,2.195
-0.733,0.643,-0.09
3.402,-1.552,1.85
-1.428,1.053,-0.375
-7.407,6.919,-0.488
-0.86,2.059,1.198
7.269,-6.179,1.09
9.139,-10.3,-1.16
-10.138,11.423,1.286
-4.966,3.935,-1.031
-13.41,12.586,-0.824
4.528,-4.833,-0.305
-0.026,-2.241,-2.267
-3.159,3.529,0.37
-0.262,2.117,1.855
-0.939,4.65,3.711
5.553,-4.878,0.676
-0.192,-0.085,-0.276
-7.272,7.631,0.359
2.186,-3.615,-1.429
6.669,-7.334,-0.665
-5.399,2.851,-2.548
6.25,-4.567,1.683
-7.77,8.642,0.872
0.32,-1.164,-0.845
4.322,-1.171,3.152
-15.446,15.821,0.374
2.202,-1.715,0.487
-6.501,8.126,1.625
-3.473,3.132,-0.341
-0.627,3.46,2.832
-8.994,10.594,1.6
24.427,-23.908,0.519
-2.079,4.342,2.263
1.82,-2.806,-0.986
9.757,-10.601,-0.844
-0.029,-1.751,-1.78
1.934,-0.975,0.959
-7.638,6.515,-1.123
-0.742,3.225,2.482
1.511,-0.069,1.442
1.762,0.952,2.714
-3.264,1.615,-1.649
-2.499,2.317,-0.182
5.407,-2.872,2.535
3.133,-3.439,-0.306
-12.939,13.094,0.155
10.971,-11.505,-0.534
3.191,-0.777,2.414
-1.857,0.728,-1.129
-5.661,7.274,1.613
9.323,-5.373,3.95
4.34,-4.358,-0.018
4.665,-3.935,0.73
-9.839,12.954,3.115
-6.386,4.051,-2.335
-5.355,7.321,1.967
8.19,-7.836,0.354
3.043,-2.528,0.515
-3.495,2.752,-0.743
20.148,-17.848,2.3
5.802,-4.938,0.864
-6.139,5.62,-0.519
-6.56,5.883,-0.677
0.516,-1.386,-0.87
-8.624,12.959,4.335
-3.571,3.055,-0.516
-6.784,5.207,-1.577
-3.509,1.08,-2.428
14.245,-16.023,-1.778
6.776,-4.477,2.299
3.183,-4.681,-1.498
-4.071,1.463,-2.608
-6.767,5.17,-1.597
-2.742,2.133,-0.609
-4.609,2.815,-1.794
-3.1,2.989,-0.111
-1.428,3.429,2.001
-0.55,-0.287,-0.838
1.029,1.869,2.897
-1.3,3.436,2.136
8.719,-10.483,-1.764
10.49,-8.551,1.938
-1.983,1.7,-0.283
3.088,-1.7,1.388
5.653,-6.838,-1.185
-1.827,3.731,1.905
-6.914,4.928,-1.986
-8.941,12.167,3.226
-3.862,-2.003,-5.865
4.28,-6.129,-1.849
1.381,-2.651,-1.27
3.52,-0.324,3.196
15.501,-11.974,3.527
8.317,-3.626,4.691
-11.481,10.911,-0.57
4.312,-8.163,-3.851
5.298,-4.391,0.908
4.385,-5.337,-0.952
17.431,-15.748,1.682
-0.805,-0.877,-1.682
0.057,1.694,1.752
8.637,-8.445,0.192
-0.191,0.015,-0.176
0.329,0.132,0.461
16.903,-17.218,-0.315
-7.602,3.795,-3.807
19.258,-20.323,-1.064
-1.659,0.702,-0.957
2.583,0.577,3.16
9.248,-9.188,0.061
1.054,2.001,3.055
-9.104,7.216,-1.887
3.672,-3.661,0.011
-3.304,2.37,-0.934
8.776,-7.094,1.683
-1.979,1.362,-0.616
-7.068,6.95,-0.117
6.869,-5.743,1.125
0.247,-0.351,-0.104
9.035,-11.823,-2.789
-10.822,10.523,-0.299
15.03,-14.594,0.436
-11.736,12.092,0.356
-5.263,5.943,0.68
-2.04,0.836,-1.205
12.662,-14.846,-2.184
3.705,-5.807,-2.102
2.978,-4.136,-1.158
3.7,-6.247,-2.547
9.005,-4.879,4.127
9.079,-5.568,3.51
6.069,-8.02,-1.951
5.483,-3.805,1.679
3.726,-3.446,0.28
-4.535,4.136,-0.4
3.568,-4.477,-0.909
4.179,-1.303,2.876
-2.261,1.561,-0.701
2.173,-2.118,0.055
10.442,-11.032,-0.59
-5.141,3.708,-1.433
2.715,-0.721,1.994
7.951,-5.645,2.306
-0.564,-1.349,-1.913
2.053,-0.18,1.874
-7.985,6.882,-1.103
-0.703,1.036,0.334
13.234,-9.651,3.583
-3.311,4.13,0.819
2.198,-1.794,0.404
-2.214,1.295,-0.919
-3.884,2.196,-1.688
-10.712,8.106,-2.606
5.945,-3.174,2.771
-6.296,6.61,0.314
-6.067,6.8,0.733
-6.603,3.94,-2.663
-0.5,0.906,0.405
-19.482,22.535,3.053
3.027,-3.957,-0.929
-9.684,10.364,0.68
2.47,-0.084,2.386
0.839,-0.726,0.113
8.925,-11.413,-2.488
2.646,-3.232,-0.586
-0.718,5.52,4.802
-1.038,0.657,-0.38
-0.996,0.378,-0.618
6.259,-6.415,-0.156
0.455,-2.621,-2.166
-4.237,6.903,2.666
6.051,-7.897,-1.846
9.336,-11.743,-2.406
8.413,-11.247,-2.834
-1.943,3.478,1.535
11.506,-12.513,-1.007
-4.174,1.434,-2.74
18.041,-16.61,1.431
8.383,-10.306,-1.923
-13.16,11.717,-1.443
-14.569,11.902,-2.666
2.642,-4.45,-1.808
2.456,-2.845,-0.389
2.311,-1.477,0.833
-2.14,6.001,3.861
7.827,-9.323,-1.496
9.883,-8.262,1.621
6.27,-8.042,-1.773
-3.309,4.371,1.062
-6.799,8.461,1.662
-5.472,4.221,-1.251
14.868,-13.01,1.858
11.547,-10.739,0.809
-10.233,10.492,0.259
4.145,-6.584,-2.438
-6.686,7.361,0.675
3.953,-4.866,-0.913
1.952,-4.06,-2.109
5.613,-6.407,-0.794
-0.86,2.059,1.198
-6.497,6.821,0.323
-6.344,5.86,-0.484
5.539,-6.824,-1.286
15.256,-15.003,0.253
-1.322,-2.751,-4.073
12.165,-10.013,2.153
-20.797,18.47,-2.327
-1.383,3.193,1.81
-0.472,-1.357,-1.829
2.456,-2.816,-0.36
2.492,-2.813,-0.321
-13.495,14.761,1.266
-4.881,6.748,1.866
-5.296,3.939,-1.357
8.862,-10.202,-1.34
10.83,-7.681,3.149
-4.871,4.145,-0.726
1.873,-1.846,0.027
-23.272,22.594,-0.679
12.563,-12.184,0.38
1.72,-2.127,-0.408
5.208,-4.446,0.762
-7.274,5.332,-1.942
1.291,-0.493,0.798
0.234,1.118,1.352
-1.215,2.073,0.858
-11.122,9.9,-1.222
9.079,-11.728,-2.649
11.775,-9.558,2.217
2.626,-1.152,1.474
-0.168,-2.024,-2.192
4.426,-2.648,1.777
7.852,-5.273,2.579
4.275,-2.879,1.396
-6.011,6.095,0.085
-1.749,0.519,-1.23
0.454,-4.044,-3.59
-0.909,1.169,0.259
2.924,1.165,4.089
-7.638,6.515,-1.123
7.01,-6.868,0.142
-1.583,2.44,0.856
-7.095,7.449,0.354
3.204,-0.022,3.182
-16.45,17.064,0.614
6.499,-3.55,2.948
-3.894,4.438,0.544
-3.392,6.298,2.906
5.985,-3.491,2.495
-7.493,8.957,1.463
-5.683,3.98,-1.703
5.245,-8.107,-2.861
0.637,0.93,1.567
-8.263,7.785,-0.478
5.455,-6.042,-0.587
-2.697,1.678,-1.019
-4.279,4.331,0.052
2.778,-2.003,0.775
4.12,-3.501,0.619
-2.015,2.24,0.225
4.003,1.608,5.611
-0.942,2.32,1.378
3.053,-2.191,0.862
-0.527,3.816,3.29
8.103,-6.333,1.77
0.603,2.89,3.493
7.48,-8.395,-0.915
-5.122,4.303,-0.819
-13.939,13.853,-0.085
4.81,-4.186,0.624
-1.842,0.052,-1.789
-8.913,10.673,1.761
-3.195,2.248,-0.947
15.372,-11.123,4.249
-4.604,3.988,-0.616
7.967,-9.933,-1.966
1.876,-2.548,-0.672
4.156,-3.05,1.107
-1.869,3.58,1.712
-8.409,6.115,-2.294
-13.306,13.175,-0.131
8.442,-7.511,0.931
-1.067,3.537,2.47
-1.699,3.926,2.227
4.681,-4.561,0.12
3.028,-2.042,0.985
-6.715,6.879,0.163
-3.612,3.897,0.285
9.117,-8.525,0.592
-3.104,4.515,1.411
9.245,-10.571,-1.326
-7.756,7.941,0.184
3.037,-4.314,-1.277
-3.215,4.493,1.278
0.683,-1.136,-0.453
8.702,-9.51,-0.808
15.442,-14.817,0.625
-0.59,0.238,-0.352
-6.139,5.62,-0.519
2.584,-2.506,0.079
-5.489,8.486,2.997
1.387,-1.238,0.15
0.16049999999999986,-3.7275,-3.567
-6.452,7.281,0.829
-11.457,11.001,-0.456
-5.72,6.212,0.492
5.458,-5.306,0.152
3.624,0.012,3.636
0.316,-1.978,-1.662
0.017,1.255,1.272
5.218,-6.449,-1.23
0.239,2.915,3.153
1.61,-0.9,0.71
8.273,-8.076,0.197
6.388,-6.069,0.319
-3.651,5.929,2.278
-1.768,3.65,1.882
3.209,-2.178,1.031
4.324,-3.094,1.23
2.537,-1.653,0.883
