7.658,0.132,1.012
0.458,8.405,3.846
2.725,4.73,12.888
8.099,2.839,22.989
8.438,9.665,81.552
0.98,4.755,4.662
5.188,9.157,47.507
4.973,3.93,19.545
6.54,9.26,60.558
3.518,9.259,32.568
7.541,9.729,73.372
6.081,6.83,41.532
6.072,8.12,49.308
3.78,1.638,6.193
0.825,4.64,3.828
3.586,3.732,13.383
4.572,4.221,19.299
8.274,0.077,0.633
9.574,4.02,38.49
9.761,8.173,79.776
7.388,3.438,25.405
1.206,7.037,8.483
8.623,1.495,12.894
1.294,1.882,2.436
5.342,1.085,5.798
1.443,6.234,8.994
8.719,3.216,28.04
2.342,5.866,13.741
3.779,0.189,0.714
4.423,4.906,21.701
6.292,8.649,54.42
0.178,6.539,1.167
5.086,7.132,36.27
3.932,6.722,26.433
8.496,7.815,66.399
0.284,4.93,1.399
0.673,1.843,1.24
1.812,3.331,6.037
5.254,3.878,20.377
1.546,9.534,14.735
8.175,4.617,37.748
3.485,6.087,21.211
9.626,0.084,0.806
4.189,2.304,9.649
5.163,0.331,1.71
5.503,8.131,44.742
4.066,5.571,22.654
5.64,5.553,31.32
2.43,6.334,15.39
6.588,9.448,62.242
6.602,2.812,18.568
0.531,2.301,1.222
5.603,2.86,16.026
3.104,1.982,6.152
0.988,2.106,2.08
4.128,0.283,1.167
7.61,9.821,74.737
8.224,2.203,18.115
4.969,9.863,49.003
3.965,1.567,6.212
7.347,8.111,59.595
1.498,1.34,2.008
7.616,8.537,65.021
1.69,4.008,6.774
0.144,2.07,0.299
0.599,4.425,2.649
0.365,4.762,1.738
9.011,7.371,66.416
2.547,5.229,13.319
5.143,1.719,8.842
9.389,5.514,51.771
4.828,7.27,35.1
6.751,3.617,24.417
3.377,5.838,19.712
3.442,5.069,17.445
2.971,8.112,24.102
0.434,1.01,0.438
6.532,7.989,52.186
9.653,0.931,8.986
4.67,0.203,0.95
5.981,0.79,4.727
5.167,2.149,11.105
9.979,9.609,95.887
7.934,0.709,5.628
6.25,2.037,12.729
8.475,0.89,7.546
8.875,3.149,27.951
2.185,7.569,16.536
7.53,6.585,49.586
5.854,4.166,24.39
8.718,1.878,16.374
7.189,2.346,16.867
9.875,2.618,25.851
7.033,8.092,56.916
1.929,7.615,14.687
9.438,6.044,57.047
4.544,2.29,10.406
4.735,4.039,19.127
3.206,3.456,11.078
6.011,2.656,15.965
2.855,2.836,8.097
5.313,0.546,2.903
1.249,4.445,5.55
7.098,9.257,65.701
4.66,7.604,35.436
6.106,0.775,4.731
1.73,8.539,14.773
5.811,4.839,28.12
1.172,2.934,3.439
9.856,5.904,58.194
0.406,3.142,1.274
0.855,4.959,4.239
4.665,2.254,10.514
4.849,4.099,19.877
1.282,0.629,0.806
4.159,2.711,11.275
3.081,4.378,13.489
5.653,2.286,12.924
4.127,5.686,23.466
9.092,0.854,7.765
6.944,2.359,16.381
1.846,0.573,1.057
4.656,6.121,28.5
2.767,3.851,10.658
3.347,1.306,4.372
1.025,0.147,0.151
8.406,3.698,31.087
7.203,5.843,42.085
3.014,1.434,4.323
2.057,0.809,1.664
6.368,2.533,16.129
8.097,0.36,2.918
8.758,6.303,55.205
4.957,5.734,28.424
9.65,4.38,42.265
9.093,9.991,90.849
5.778,5.032,29.074
1.588,6.341,10.071
3.379,9.344,31.572
1.966,8.147,16.016
6.269,3.917,24.555
6.806,1.439,9.797
3.324,9.331,31.017
0.65,1.074,0.698
2.989,9.119,27.261
1.17,9.813,11.482
4.106,6.327,25.981
7.333,6.541,47.969
3.076,8.157,25.094
0.891,8.904,7.931
1.811,1.715,3.107
1.921,8.998,17.285
2.717,5.766,15.664
6.559,8.526,55.928
6.742,4.67,31.488
4.374,9.24,40.411
7.922,6.353,50.327
1.716,4.564,7.832
5.61,6.864,38.51
2.003,3.431,6.872
1.388,3.656,5.075
4.623,5.224,24.149
3.538,6.713,23.752
4.545,3.798,17.262
6.647,2.024,13.453
0.653,7.193,4.696
6.587,2.76,18.182
8.806,5.503,48.453
3.413,5.119,17.469
1.575,8.762,13.801
8.77,1.165,10.213
3.163,5.313,16.809
4.081,0.82,3.348
6.446,6.477,41.755
0.866,9.678,8.378
7.647,9.891,75.633
7.876,4.523,35.619
5.666,2.867,16.244
8.013,0.166,1.329
6.637,8.395,55.724
3.862,5.665,21.878
4.265,9.859,42.052
3.574,8.969,32.054
9.784,4.522,44.244
6.963,2.94,20.475
0.13,9.991,1.303
2.725,1.528,4.165
9.949,0.547,5.447
3.741,1.381,5.166
0.206,3.289,0.676
0.239,1.511,0.362
7.652,9.905,75.79
0.097,0.694,0.068
0.19,6.436,1.221
7.42,4.22,31.31
9.74,1.606,15.643
8.836,7.801,68.934
4.063,6.861,27.876
9.165,3.488,31.968
3.467,3.766,13.058
6.283,8.092,50.84
5.412,1.927,10.43
3.523,9.515,33.517
2.856,8.858,25.302
5.046,8.004,40.387
8.947,0.15,1.34
2.489,3.697,9.201
6.433,6.131,39.439
0.22,1.622,0.356
0.795,1.544,1.227
4.103,7.333,30.09
8.711,7.315,63.719
1.575,1.294,2.037
1.839,0.521,0.958
3.741,5.172,19.348
8.624,6.696,57.746
0.71,5.656,4.018
9.214,0.594,5.472
0.87,5.157,4.486
3.016,8.543,25.767
5.739,9.148,52.496
1.608,0.719,1.156
9.197,1.185,10.9
2.326,5.056,11.762
6.194,2.703,16.743
1.388,7.829,10.87
0.612,8.698,5.323
0.933,5.667,5.287
0.462,6.729,3.109
9.725,0.924,8.981
9.947,8.819,87.728
9.461,6.972,65.959
5.283,4.837,25.552
0.021,7.514,0.16
7.91,7.936,62.772
6.121,6.836,41.845
1.335,5.503,7.345
6.866,7.968,54.706
0.114,1.501,0.171
4.666,3.741,17.456
0.861,4.084,3.518
2.427,4.284,10.395
2.019,0.757,1.529
1.609,7.12,11.453
2.687,2.95,7.927
4.02,2.109,8.478
4.111,0.333,1.367
2.927,5.448,15.945
3.732,2.342,8.742
4.814,4.574,22.016
8.895,1.553,13.811
4.023,2.458,9.888
4.422,8.734,38.624
9.111,8.709,79.349
4.432,1.838,8.149
1.71,5.983,10.232
7.751,5.193,40.25
5.242,5.406,28.339
3.983,9.041,36.015
7.265,7.41,53.84
7.855,9.867,77.512
6.515,2.434,15.859
1.761,3.463,6.098
8.903,1.563,13.92
3.022,7.234,21.86
3.745,9.902,37.087
0.925,5.968,5.52
2.845,1.06,3.017
3.662,4.649,17.024
0.477,4.315,2.058
5.831,2.332,13.596
8.37,5.199,43.513
0.259,4.508,1.168
9.002,3.179,28.615
2.312,3.697,8.547
6.508,4.408,28.689
2.335,0.699,1.632
4.134,6.203,25.642
7.427,1.253,9.303
4.93,8.375,41.286
5.152,6.439,33.172
1.47,9.97,14.654
6.347,6.917,43.905
2.732,8.937,24.413
8.447,7.035,59.429
9.827,5.61,55.129
1.032,5.876,6.066
1.066,8.782,9.363
2.176,7.881,17.146
2.625,3.245,8.517
4.643,3.689,17.128
8.001,9.244,73.96
7.946,3.779,30.025
8.767,3.151,27.626
5.153,9.448,48.681
3.799,4.415,16.771
3.449,7.758,26.761
1.545,0.43,0.664
6.0,5.555,33.334
7.683,9.491,72.92
6.003,2.847,17.091
3.608,5.298,19.113
9.056,9.35,84.672
3.877,8.128,31.518
2.78,1.037,2.883
5.624,1.022,5.749
4.371,2.275,9.943
2.954,9.5,28.061
6.084,3.98,24.215
2.814,0.673,1.893
3.928,6.167,24.226
7.551,7.952,60.053
1.872,2.585,4.839
6.789,7.087,48.113
9.317,8.898,82.898
9.313,8.354,77.802
8.46,7.349,62.169
9.729,4.349,42.311
9.901,0.064,0.629
7.461,5.128,38.264
3.668,6.88,25.232
7.073,0.874,6.179
3.003,8.666,26.028
6.189,5.908,36.563
8.316,8.974,74.633
9.427,3.003,28.311
6.437,6.669,42.928
1.746,8.372,14.619
2.264,4.515,10.222
2.996,7.988,23.931
8.879,8.081,71.752
2.301,9.376,21.571
0.811,4.214,3.419
6.761,8.946,60.484
4.807,5.213,25.06
7.039,7.203,50.698
3.45,8.254,28.478
2.663,4.106,10.932
0.078,8.92,0.692
4.458,2.35,10.476
5.797,2.665,15.446
4.131,2.325,9.607
1.556,5.903,9.187
5.841,0.525,3.069
4.762,8.353,39.776
8.429,5.39,45.432
0.882,5.143,4.537
0.919,7.133,6.553
2.519,6.944,17.489
4.738,4.473,21.195
0.208,8.139,1.69
9.645,1.177,11.355
5.18,9.952,51.555
8.209,8.009,65.752
0.542,6.587,3.569
3.314,0.552,1.829
2.555,0.688,1.757
4.919,8.643,42.518
2.693,8.084,21.772
6.41,1.965,12.592
8.89,5.833,51.858
1.696,2.005,3.401
4.202,6.928,29.111
1.889,6.814,12.868
3.532,0.706,2.493
2.318,0.705,1.634
9.917,8.701,86.288
2.779,8.212,22.818
8.321,7.325,60.957
2.606,1.654,4.31
2.203,8.858,19.517
0.31,6.854,2.124
3.892,6.512,25.348
3.141,8.964,28.152
8.021,3.908,31.341
8.827,8.649,76.344
2.197,2.729,5.996
7.642,7.153,54.668
3.839,4.964,19.057
0.397,3.189,1.265
7.533,6.812,51.318
8.703,5.475,47.647
2.619,0.221,0.58
4.923,1.571,7.732
8.148,2.846,23.193
3.609,3.359,12.122
8.479,7.788,66.031
9.538,2.567,24.483
9.621,6.551,63.029
5.79,6.261,36.251
4.474,4.453,19.921
7.396,9.29,68.708
2.052,7.307,14.994
4.477,0.929,4.159
1.034,6.198,6.408
4.483,3.885,17.415
0.179,9.766,1.743
4.65,8.478,39.425
1.725,9.386,16.191
1.785,5.563,9.928
6.83,7.639,52.171
0.999,4.289,4.284
6.284,6.849,43.036
2.946,2.038,6.004
0.262,0.978,0.256
8.692,3.857,33.524
6.735,5.915,39.833
2.316,5.948,13.774
8.451,1.93,16.311
4.882,3.265,15.939
7.893,5.623,44.385
1.072,5.341,5.725
1.573,9.867,15.524
8.61,1.809,15.576
3.204,2.343,7.509
7.677,2.479,19.029
7.998,2.268,18.142
5.637,4.963,27.974
4.723,8.607,40.651
3.188,4.33,13.805
5.988,1.574,9.422
2.772,5.931,16.439
2.483,4.832,11.997
5.743,1.409,8.089
0.836,4.017,3.359
0.585,3.83,2.24
7.289,4.791,34.924
5.378,6.889,37.05
2.017,8.005,16.142
9.505,2.847,27.058
8.324,7.234,60.216
7.058,0.798,5.633
7.324,4.472,32.751
8.575,5.249,45.005
5.814,5.339,31.042
5.886,8.598,50.61
9.064,6.154,55.78
0.998,4.742,4.731
7.657,6.613,50.642
8.31,5.311,44.131
4.056,5.871,23.813
4.13,5.025,20.753
3.666,1.385,5.078
9.959,3.204,31.905
2.521,3.85,9.703
1.4,1.891,2.647
6.186,8.023,49.625
2.834,1.773,5.025
1.479,1.707,2.524
1.518,7.426,11.276
5.446,6.036,32.872
2.514,3.89,9.78
0.642,1.048,0.673
4.285,9.279,39.76
7.111,5.934,42.202
3.25,3.795,12.333
4.054,6.811,27.612
1.007,8.383,8.441
2.509,6.944,17.424
0.387,3.381,1.31
3.928,1.993,7.831
2.295,0.886,2.035
3.111,7.976,24.812
9.673,7.836,75.798
5.717,5.705,32.612
0.716,0.337,0.241
8.856,2.139,18.945
1.041,6.198,6.45
4.693,9.865,46.294
7.313,9.976,72.956
7.126,9.851,70.205
4.484,9.257,41.509
7.262,3.823,27.761
4.435,9.263,41.079
4.845,1.777,8.608
6.358,1.588,10.098
5.486,0.178,0.979
4.568,3.64,16.63
1.811,7.92,14.34
4.569,9.182,41.956
9.591,4.008,38.443
8.242,0.026,0.213
1.071,2.86,3.063
2.045,5.903,12.072
3.658,6.178,22.599
9.389,5.032,47.245
2.987,6.805,20.329
4.767,8.442,40.247
6.29,0.403,2.533
5.328,4.72,25.146
6.414,9.591,61.515
5.435,6.258,34.008
9.372,1.253,11.748
5.441,1.797,9.78
0.958,6.386,6.119
1.038,4.782,4.965
5.689,6.643,37.793
7.047,2.162,15.231
4.858,0.493,2.397
6.039,8.837,53.37
9.394,5.041,47.355
2.32,1.576,3.658
7.509,0.126,0.948
6.139,6.47,39.719
7.713,3.625,27.964
2.518,2.472,6.224
6.685,7.989,53.407
5.033,2.342,11.789
1.479,2.46,3.64
5.985,4.153,24.854
1.68,3.855,6.477
5.927,5.788,34.305
9.637,2.006,19.328
1.629,8.346,13.598
4.438,7.273,32.281
0.654,5.577,3.647
0.971,4.064,3.947
8.392,6.617,55.529
8.209,6.308,51.787
0.539,8.724,4.701
2.106,5.616,11.829
0.916,1.487,1.362
9.48,6.318,59.897
1.567,4.731,7.412
4.116,8.734,35.948
5.067,4.455,22.572
5.945,4.425,26.304
5.137,8.32,42.738
0.941,8.242,7.756
7.44,9.394,69.886
9.939,3.774,37.512
6.529,1.483,9.685
9.248,1.99,18.401
4.224,7.028,29.688
7.404,6.434,47.632
9.202,3.664,33.721
7.18,9.834,70.612
1.326,2.75,3.647
1.616,8.342,13.485
5.759,7.54,43.421
9.011,0.463,4.169
1.942,3.3,6.407
6.664,8.785,58.543
0.607,5.162,3.131
7.05,5.933,41.826
1.156,9.1,10.518
4.135,4.444,18.376
7.977,7.387,58.932
1.614,6.677,10.776
9.78,4.43,43.323
8.909,1.475,13.139
0.964,8.602,8.295
8.665,6.999,60.651
8.144,0.982,7.996
8.843,7.03,62.164
5.664,6.873,38.93
5.076,0.349,1.771
7.675,4.545,34.885
7.113,9.224,65.607
7.025,2.048,14.39
5.361,2.94,15.76
8.631,4.526,39.062
3.772,3.434,12.956
1.431,9.835,14.076
1.832,5.522,10.114
4.853,8.058,39.107
7.776,8.064,62.707
4.017,7.056,28.344
0.649,3.187,2.07
0.983,6.777,6.661
6.862,6.96,47.762
5.961,3.523,21.002
3.45,9.976,34.416
2.007,0.788,1.582
4.745,7.664,36.362
5.548,9.699,53.81
9.447,3.076,29.059
7.903,5.354,42.311
7.962,4.076,32.459
9.152,8.219,75.217
0.568,9.714,5.516
4.917,0.133,0.654
5.598,0.777,4.352
4.498,8.099,36.427
2.925,8.208,24.004
1.111,8.577,9.531
0.358,8.098,2.895
9.879,0.896,8.848
2.984,8.473,25.283
4.639,7.16,33.214
9.786,4.522,44.247
6.551,1.455,9.533
4.605,9.652,44.442
3.016,9.389,28.319
1.813,6.562,11.896
9.688,7.205,69.802
6.147,7.839,48.192
9.397,6.088,57.211
2.523,0.841,2.123
8.514,7.586,64.585
3.107,3.771,11.717
0.353,2.515,0.888
8.02,8.892,71.317
4.469,4.949,22.119
6.835,2.569,17.557
8.821,5.422,47.825
9.797,0.81,7.931
5.722,6.739,38.563
4.022,0.694,2.789
8.713,0.698,6.086
1.846,7.906,14.593
0.468,4.858,2.272
1.193,1.455,1.736
0.083,4.437,0.368
7.224,2.131,15.392
8.164,8.461,69.076
8.801,6.18,54.391
0.131,7.808,1.025
2.305,6.382,14.712
9.587,1.359,13.034
8.677,8.927,77.453
7.424,9.436,70.05
0.792,7.097,5.619
4.087,5.692,23.264
8.33,1.145,9.535
7.078,6.448,45.637
0.428,0.363,0.155
4.286,5.461,23.406
8.604,3.501,30.122
9.236,9.582,88.5
3.043,3.881,11.811
9.927,7.622,75.669
4.886,7.289,35.615
2.697,3.387,9.134
0.439,8.788,3.855
7.737,4.384,33.915
1.381,9.142,12.627
7.558,9.204,69.562
8.322,9.291,77.319
9.349,6.998,65.424
7.587,8.028,60.903
6.905,4.015,27.722
1.946,6.639,12.92
3.217,7.967,25.629
5.664,1.771,10.029
5.006,6.15,30.786
6.198,8.709,53.984
1.908,4.131,7.882
4.634,6.526,30.24
7.904,2.413,19.074
6.372,9.834,62.665
0.916,0.851,0.78
5.799,8.828,51.19
2.578,0.647,1.668
6.49,0.096,0.623
1.249,2.533,3.163
6.132,2.529,15.508
4.677,2.5,11.695
3.185,5.661,18.03
1.865,1.271,2.37
2.211,2.255,4.985
6.418,8.524,54.703
3.7,4.418,16.349
3.852,8.022,30.902
7.945,3.83,30.426
6.092,5.636,34.334
7.662,3.592,27.517
5.068,3.634,18.416
2.086,0.248,0.516
0.191,7.635,1.461
6.586,8.589,56.567
5.491,7.198,39.52
3.241,9.881,32.024
6.539,5.778,37.786
1.664,3.656,6.083
1.686,5.953,10.04
0.7,4.064,2.845
0.89,1.425,1.267
9.563,1.202,11.498
6.507,6.296,40.974
5.357,8.848,47.397
1.32,3.948,5.214
7.738,1.205,9.322
3.697,3.075,11.368
9.767,8.733,85.299
8.599,8.847,76.075
0.349,9.683,3.381
7.327,8.541,62.584
2.808,7.023,19.724
6.916,4.871,33.687
6.42,1.424,9.144
1.066,5.943,6.336
3.214,6.457,20.749
7.063,7.156,50.545
4.558,3.086,14.066
0.423,9.772,4.135
8.314,2.389,19.866
8.942,7.181,64.219
9.235,4.185,38.647
0.782,7.967,6.227
1.692,6.34,10.728
8.864,9.153,81.135
3.194,8.764,27.989
6.944,5.2,36.11
7.202,5.072,36.529
4.251,1.799,7.647
5.974,7.45,44.51
9.579,9.279,88.886
6.133,1.637,10.037
9.992,9.496,94.884
4.981,5.431,27.053
2.817,7.612,21.443
7.249,6.916,50.131
6.735,0.176,1.189
0.808,9.005,7.278
3.739,2.96,11.069
3.007,7.666,23.049
6.654,8.958,59.607
2.213,2.012,4.451
5.782,8.292,47.941
5.887,5.335,31.406
8.768,3.681,32.276
4.137,9.962,41.212
9.698,6.496,62.993
5.655,5.533,31.288
5.687,7.724,43.932
5.805,7.775,45.134
2.768,1.813,5.019
2.849,1.048,2.985
5.306,7.514,39.864
5.633,8.184,46.104
1.416,7.96,11.268
7.818,9.87,77.157
8.144,4.361,35.512
2.488,1.575,3.919
9.115,5.912,53.892
9.945,6.405,63.701
2.07,6.975,14.438
4.294,5.864,25.183
7.452,0.964,7.181
6.961,4.914,34.21
9.78,2.275,22.255
5.169,3.789,19.584
6.252,2.681,16.76
2.47,6.39,15.785
4.298,3.449,14.827
9.549,5.148,49.158
4.305,3.114,13.404
3.792,3.695,14.011
2.043,6.123,12.508
6.658,8.367,55.711
2.974,2.435,7.243
8.624,0.684,5.898
5.322,2.512,13.37
7.791,9.109,70.966
5.545,5.77,31.993
9.44,5.95,56.162
6.089,5.973,36.367
1.924,6.721,12.932
7.21,5.716,41.216
4.5,3.374,15.18
5.57,6.335,35.287
1.669,0.484,0.808
7.137,3.601,25.697
9.916,2.102,20.842
3.469,3.534,12.261
3.27,5.936,19.411
0.088,8.899,0.781
0.137,9.243,1.269
1.761,0.059,0.104
6.883,9.673,66.582
4.302,1.76,7.572
0.633,1.047,0.663
8.488,2.219,18.833
7.682,9.575,73.556
5.57,0.385,2.142
5.041,8.943,45.076
2.485,8.148,20.245
3.687,3.044,11.224
1.372,4.023,5.519
8.343,0.131,1.09
2.406,2.232,5.371
5.666,9.623,54.523
2.992,0.223,0.666
6.65,2.36,15.697
2.919,6.097,17.796
4.017,2.075,8.337
1.958,7.309,14.31
8.299,1.769,14.679
3.39,6.659,22.573
8.534,8.355,71.3
6.38,2.988,19.06
5.762,8.913,51.357
1.797,4.679,8.408
2.574,9.255,23.821
6.198,4.921,30.499
7.228,2.921,21.111
3.985,5.243,20.895
0.777,1.702,1.322
2.854,5.603,15.99
5.269,0.488,2.571
5.537,9.83,54.429
7.458,9.373,69.897
3.684,8.678,31.967
5.488,9.172,50.333
8.433,7.664,64.631
0.945,2.15,2.032
1.881,9.404,17.691
6.321,5.975,37.763
5.998,8.57,51.405
2.228,2.921,6.508
3.629,5.223,18.953
3.796,5.655,21.463
4.873,2.854,13.91
1.78,7.348,13.082
1.607,8.327,13.382
1.367,8.417,11.508
9.768,8.922,87.148
7.895,2.413,19.051
8.251,8.638,71.271
0.372,2.493,0.927
6.964,1.15,8.01
9.433,6.11,57.633
0.055,2.364,0.131
9.824,0.281,2.762
4.75,7.479,35.52
5.722,7.509,42.966
7.161,2.602,18.636
4.927,5.53,27.245
8.581,1.835,15.746
8.953,1.339,11.985
6.111,4.253,25.988
7.178,7.185,51.576
3.069,6.745,20.702
4.049,0.245,0.992
0.846,6.669,5.642
3.785,0.748,2.83
4.342,5.138,22.307
7.281,4.709,34.288
9.847,2.818,27.754
1.237,2.185,2.703
9.671,5.761,55.716
7.92,5.843,46.273
3.802,7.481,28.442
3.225,8.6,27.738
3.704,1.937,7.174
3.466,0.943,3.269
4.544,1.665,7.566
7.284,2.167,15.785
1.157,0.642,0.743
3.508,3.444,12.082
2.194,5.684,12.473
1.844,5.556,10.242
2.375,2.884,6.849
3.062,6.993,21.411
4.751,1.032,4.905
4.244,0.618,2.622
1.918,1.872,3.59
2.307,9.64,22.244
7.152,8.669,62.003
6.582,0.662,4.355
3.602,0.606,2.184
4.183,9.743,40.755
3.048,5.752,17.532
5.806,2.596,15.07
4.972,5.86,29.135
8.23,8.694,71.549
9.086,7.305,66.367
4.522,6.64,30.029
8.028,5.196,41.713
7.622,3.247,24.75
0.391,0.846,0.331
6.286,7.676,48.249
1.242,3.607,4.478
0.608,7.202,4.379
1.102,5.143,5.667
4.19,7.6,31.845
8.618,8.765,75.539
6.629,0.314,2.084
0.719,3.197,2.299
5.102,8.62,43.979
2.126,3.439,7.311
9.107,8.347,76.016
1.446,7.096,10.257
1.991,2.059,4.1
6.673,1.786,11.92
6.69,4.089,27.353
3.291,1.012,3.33
5.731,0.495,2.835
1.762,7.102,12.516
5.516,0.413,2.277
1.086,5.05,5.485
6.256,8.979,56.171
6.315,9.794,61.85
1.933,3.454,6.678
7.618,3.415,26.018
8.182,9.229,75.512
8.853,4.968,43.98
7.238,0.484,3.504
9.25,6.564,60.719
6.18,5.087,31.443
9.75,6.539,63.754
2.609,9.65,25.18
6.271,1.991,12.488
8.26,7.849,64.837
3.857,7.703,29.708
2.735,1.22,3.337
5.926,1.438,8.519
6.884,2.651,18.251
1.782,3.369,6.005
5.232,1.978,10.351
2.91,3.442,10.014
5.234,5.059,26.478
0.024,9.278,0.225
1.979,8.183,16.196
4.787,6.316,30.231
7.011,2.866,20.091
2.741,0.718,1.968
6.958,6.975,48.532
5.502,9.001,49.524
6.067,4.557,27.649
6.623,3.431,22.726
7.248,7.014,50.836
4.405,9.856,43.414
9.559,5.576,53.303
4.226,2.836,11.986
2.787,6.341,17.674
7.418,3.876,28.75
8.908,9.973,88.839
6.393,6.379,40.783
9.688,5.797,56.159
7.28,1.849,13.46
8.582,4.662,40.007
4.146,7.716,31.989
0.142,7.609,1.084
8.312,4.326,35.954
8.291,3.574,29.627
1.329,5.164,6.864
5.136,7.058,36.252
1.305,3.089,4.031
8.316,1.111,9.237
0.786,7.006,5.506
3.379,7.871,26.599
2.149,8.138,17.486
1.91,8.167,15.597
1.752,3.358,5.885
9.424,9.094,85.704
9.378,0.033,0.313
4.295,0.38,1.634
5.173,2.518,13.024
7.739,9.882,76.474
1.179,9.953,11.735
2.646,1.399,3.703
4.588,6.284,28.833
8.632,4.353,37.572
5.74,8.757,50.264
2.415,5.679,13.716
1.214,4.103,4.98
2.729,3.152,8.602
5.845,8.01,46.816
3.892,8.744,34.035
0.754,1.053,0.795
0.926,6.522,6.037
7.711,0.581,4.483
6.478,1.431,9.273
1.856,2.021,3.75
9.237,9.199,84.964
4.564,8.357,38.146
1.833,9.53,17.47
5.291,1.368,7.239
7.294,7.284,53.127
0.344,5.504,1.896
9.035,0.9,8.132
4.222,0.129,0.545
3.953,8.626,34.103
6.62,8.228,54.467
2.53,8.898,22.51
6.211,1.383,8.588
3.34,7.736,25.841
9.791,5.151,50.437
6.82,1.002,6.837
1.042,8.912,9.282
3.383,5.994,20.281
1.606,8.766,14.081
4.909,4.34,21.307
0.235,5.478,1.286
0.491,5.665,2.781
5.365,3.552,19.056
6.503,4.535,29.488
0.995,0.281,0.279
9.847,3.278,32.274
3.496,2.64,9.23
6.321,1.566,9.898
1.789,4.658,8.331
2.806,7.849,22.023
9.251,4.539,41.993
3.09,9.202,28.435
7.705,7.262,55.955
8.473,3.947,33.437
3.794,8.308,31.522
9.33,6.529,60.91
3.676,6.629,24.373
1.808,0.315,0.569
8.168,6.828,55.767
1.963,2.61,5.122
5.423,9.33,50.6
3.535,8.753,30.939
3.615,2.592,9.369
8.353,3.118,26.042
1.777,7.972,14.168
2.393,2.551,6.104
5.978,3.852,23.028
5.77,1.133,6.538
2.37,8.798,20.849
5.954,1.985,11.817
4.893,6.29,30.782
3.82,2.571,9.821
8.455,5.585,47.222
3.282,7.193,23.608
9.806,9.543,93.579
9.819,4.846,47.589
3.789,9.836,37.272
5.096,6.24,31.797
3.319,8.689,28.844
5.922,1.786,10.578
8.008,3.608,28.889
6.463,9.793,63.285
4.449,5.567,24.769
8.184,8.357,68.392
5.238,7.619,39.91
2.436,4.21,10.255
4.656,5.096,23.728
0.358,7.303,2.612
4.866,0.506,2.464
2.41,7.099,17.106
3.725,2.083,7.761
6.258,1.232,7.709
1.228,3.678,4.517
9.201,4.074,37.48
3.942,9.509,37.483
1.075,4.971,5.345
6.769,3.177,21.508
9.974,1.474,14.696
1.252,8.228,10.299
7.605,3.428,26.07
0.239,8.16,1.953
7.831,4.607,36.079
9.346,4.225,39.482
7.568,3.979,30.111
8.692,3.097,26.917
1.688,2.626,4.432
0.3,5.92,1.779
1.808,8.762,15.838
3.277,2.232,7.313
8.127,3.473,28.222
2.41,6.148,14.816
1.27,1.796,2.281
4.795,5.852,28.059
5.906,5.163,30.493
7.777,9.586,74.547
3.69,7.829,28.891
7.445,5.329,39.675
0.478,4.553,2.176
4.612,7.998,36.883
0.019,1.301,0.024
5.478,8.994,49.268
1.759,7.204,12.669
8.977,4.868,43.701
9.7,7.863,76.27
4.522,3.655,16.526
8.474,8.412,71.285
7.145,5.065,36.185
2.098,9.91,20.795
5.917,3.906,23.112
9.651,5.224,50.418
5.122,4.195,21.485
0.349,8.381,2.929
7.294,4.763,34.744
1.64,1.653,2.712
3.828,0.195,0.746
5.195,5.138,26.691
4.977,7.983,39.735
4.468,8.363,37.365
2.013,9.314,18.746
6.589,5.231,34.469
8.051,1.316,10.592
7.909,1.208,9.556
2.707,0.349,0.945
8.074,6.063,48.954
2.939,5.013,14.732
9.703,6.002,58.236
5.416,5.868,31.784
5.956,5.132,30.565
4.15,5.608,23.274
2.488,5.424,13.496
4.699,8.167,38.377
4.515,5.892,26.6
7.421,4.825,35.809
7.537,3.368,25.382
0.442,2.549,1.126
7.643,4.729,36.145
4.508,6.993,31.524
3.528,3.435,12.12
9.163,6.167,56.508
4.709,5.557,26.169
0.216,2.204,0.477
5.667,7.952,45.069
6.183,7.165,44.299
7.041,3.704,26.078
7.45,5.936,44.225
9.333,0.329,3.075
4.033,9.79,39.48
9.385,4.362,40.941
1.939,0.377,0.732
9.501,8.202,77.931
5.943,7.116,42.29
9.848,4.778,47.053
3.252,1.374,4.469
5.128,3.515,18.026
4.522,0.218,0.986
3.421,1.171,4.008
7.462,8.429,62.894
5.027,4.073,20.477
8.572,1.011,8.666
2.981,0.15,0.448
2.231,7.444,16.606
0.932,6.035,5.623
3.962,4.836,19.159
7.724,3.613,27.909
9.88,0.859,8.485
3.753,3.231,12.128
6.777,2.43,16.467
8.591,6.258,53.76
4.891,9.453,46.229
1.073,8.293,8.899
1.512,9.683,14.64
2.991,3.399,10.168
2.115,3.961,8.378
7.411,1.989,14.737
4.367,9.49,41.444
6.5,3.404,22.127
6.368,0.782,4.979
3.223,1.086,3.499
5.892,0.32,1.886
6.76,6.41,43.328
9.6,1.995,19.153
9.916,9.358,92.798
9.771,8.804,86.019
3.952,9.353,36.967
8.298,8.087,67.109
6.946,1.435,9.969
8.724,1.533,13.375
7.729,6.365,49.192
0.767,5.144,3.946
3.973,9.84,39.093
8.668,5.062,43.879
5.556,7.86,43.667
1.629,2.021,3.291
1.943,1.81,3.517
1.929,9.042,17.446
8.363,6.731,56.291
4.026,6.67,26.853
8.719,1.841,16.052
9.621,6.354,61.133
3.512,6.968,24.476
6.403,7.583,48.554
5.247,1.229,6.448
3.105,9.098,28.252
0.645,5.644,3.641
6.588,9.395,61.895
5.576,9.666,53.893
6.614,6.168,40.79
0.547,3.713,2.033
3.079,8.916,27.453
7.396,5.243,38.777
0.746,0.357,0.266
1.746,1.712,2.99
6.82,7.245,49.408
6.041,7.294,44.067
2.944,5.5,16.195
8.168,1.053,8.601
8.517,0.938,7.989
0.954,8.549,8.16
4.038,5.298,21.397
7.785,0.932,7.257
2.418,8.758,21.172
4.877,1.412,6.885
0.63,0.131,0.083
7.969,8.584,68.406
3.981,2.624,10.444
2.902,5.519,16.017
4.129,1.321,5.453
0.968,1.652,1.599
8.725,5.265,45.937
4.69,3.738,17.533
0.739,4.019,2.97
5.32,3.724,19.809
6.8,7.782,52.916
9.793,8.671,84.916
3.882,7.934,30.8
6.25,0.97,6.063
2.235,6.929,15.483
9.872,5.935,58.587
7.682,7.89,60.615
0.169,4.498,0.758
9.624,2.277,21.912
3.817,7.535,28.76
8.637,5.117,44.194
1.001,0.573,0.574
8.63,6.626,57.185
8.703,5.423,47.19
8.187,6.071,49.706
3.313,1.946,6.448
9.481,3.538,33.544
7.61,7.67,58.364
6.241,7.974,49.768
8.015,6.833,54.77
7.866,2.046,16.094
5.357,0.659,3.528
4.262,0.888,3.786
9.818,6.391,62.752
5.038,0.35,1.763
3.078,3.325,10.235
2.81,3.749,10.534
8.191,6.66,54.549
9.432,6.594,62.189
8.994,6.682,60.094
7.493,5.83,43.686
8.973,2.835,25.441
0.812,6.251,5.074
6.36,7.151,45.478
9.147,1.999,18.281
7.867,3.327,26.176
4.562,4.799,21.891
6.733,8.029,54.06
4.33,0.623,2.696
5.596,0.72,4.027
4.076,4.457,18.166
6.201,4.368,27.087
2.246,6.84,15.364
0.613,0.358,0.219
3.085,2.852,8.799
8.795,9.312,81.899
7.935,8.57,68.001
8.415,9.255,77.879
5.72,9.573,54.751
2.903,4.34,12.6
5.149,6.152,31.673
9.821,2.77,27.207
0.167,3.518,0.587
0.08,2.145,0.172
2.054,1.275,2.62
3.247,9.871,32.054
2.035,6.624,13.483
7.504,5.371,40.305
0.446,5.813,2.591
2.095,5.951,12.469
6.566,6.164,40.472
1.537,0.976,1.5
7.287,1.276,9.299
1.089,7.484,8.152
9.285,5.765,53.531
8.586,1.02,8.76
4.43,5.612,24.859
6.241,1.782,11.12
6.071,8.066,48.962
1.029,6.252,6.431
7.095,3.502,24.847
3.774,5.703,21.521
2.655,2.529,6.715
1.984,0.508,1.008
8.078,0.573,4.626
0.163,0.812,0.132
7.3,3.543,25.862
3.102,4.057,12.583
2.874,6.433,18.486
0.812,7.275,5.908
9.829,9.277,91.189
9.253,8.79,81.326
5.371,9.137,49.071
2.102,0.375,0.788
3.753,7.473,28.045
9.474,3.205,30.367
2.751,2.119,5.829
9.239,3.103,28.666
1.107,8.697,9.625
1.332,2.632,3.505
8.251,4.51,37.209
0.271,2.735,0.742
3.185,6.664,21.224
4.259,2.94,12.523
3.349,2.565,8.589
1.116,2.575,2.875
8.758,9.564,83.763
8.215,3.261,26.787
3.75,1.573,5.898
2.961,7.629,22.587
4.227,6.277,26.537
2.81,6.665,18.731
7.437,7.377,54.865
6.213,5.813,36.119
3.609,5.483,19.789
2.65,2.03,5.381
1.912,2.677,5.118
6.157,1.765,10.868
0.432,0.278,0.12
8.783,7.695,67.587
1.016,9.083,9.224
1.013,1.28,1.296
1.225,1.096,1.342
9.216,7.562,69.693
7.772,6.017,46.765
5.601,2.45,13.725
9.314,5.805,54.065
4.803,4.774,22.933
9.731,4.417,42.978
5.936,4.52,26.83
6.696,1.231,8.242
9.229,2.901,26.778
7.53,5.901,44.435
1.569,8.128,12.751
0.165,1.334,0.22
9.218,7.048,64.966
3.985,4.824,19.222
1.519,8.168,12.404
4.743,0.521,2.473
4.187,7.371,30.864
4.648,5.687,26.432
5.534,7.956,44.024
9.275,3.966,36.779
9.742,2.187,21.304
7.173,0.289,2.076
9.774,7.796,76.197
2.021,2.038,4.117
6.779,1.185,8.033
6.339,0.382,2.421
0.149,7.019,1.043
5.259,8.713,45.823
4.025,3.579,14.409
0.816,5.428,4.429
2.065,6.824,14.092
1.189,5.289,6.292
2.014,4.792,9.653
2.161,1.111,2.401
9.962,2.131,21.226
1.665,8.097,13.485
8.563,7.568,64.805
6.477,8.805,57.036
4.817,1.131,5.446
6.193,0.486,3.012
4.281,9.943,42.568
3.316,9.43,31.272
0.616,6.512,4.011
0.264,4.008,1.059
3.217,9.729,31.304
1.05,0.522,0.548
9.372,5.053,47.359
2.596,6.547,16.993
8.005,0.538,4.306
0.86,5.963,5.127
7.497,6.698,50.212
0.386,4.033,1.555
7.5,7.174,53.801
3.287,4.143,13.617
1.564,2.67,4.174
2.971,3.864,11.479
1.911,8.574,16.383
7.222,4.92,35.536
8.219,2.864,23.538
0.791,8.656,6.847
1.684,2.531,4.263
5.305,5.646,29.953
3.027,0.754,2.282
1.371,8.621,11.821
2.106,5.683,11.967
5.165,2.09,10.792
7.353,7.326,53.865
4.961,4.841,24.012
7.421,5.366,39.82
4.967,7.584,37.668
0.763,4.835,3.688
9.745,8.76,85.369
2.228,1.789,3.985
6.217,1.125,6.991
5.534,1.565,8.663
1.077,9.428,10.157
9.863,0.055,0.542
8.126,9.817,79.776
2.03,9.364,19.011
8.737,5.302,46.317
5.182,5.449,28.237
5.883,6.816,40.102
8.168,0.562,4.591
1.845,9.485,17.498
3.703,7.47,27.665
1.685,8.067,13.59
0.923,5.487,5.067
3.324,8.897,29.575
7.63,8.476,64.677
0.217,8.906,1.933
4.0,2.624,10.495
7.007,6.908,48.403
6.349,6.457,40.997
7.23,4.502,32.551
1.612,3.078,4.964
9.437,7.908,74.629
8.292,9.389,77.854
0.794,9.58,7.61
0.739,0.689,0.509
7.081,9.259,65.564
6.109,8.873,54.208
6.863,2.253,15.464
2.316,3.878,8.981
7.451,8.984,66.936
6.669,3.371,22.481
2.738,1.1,3.011
4.003,2.602,10.417
8.859,3.481,30.84
0.836,1.904,1.591
5.903,9.533,56.27
6.152,3.102,19.082
9.979,2.382,23.766
9.786,3.879,37.958
5.442,5.308,28.885
1.876,6.928,12.999
2.715,6.319,17.16
9.653,0.834,8.049
7.361,7.857,57.835
9.683,1.564,15.142
4.035,3.08,12.428
6.524,1.684,10.989
0.9,5.141,4.629
7.761,3.361,26.085
1.493,5.622,8.396
6.681,3.409,22.773
8.357,9.592,80.158
4.502,8.986,40.452
3.353,5.585,18.726
2.481,2.44,6.054
6.756,3.834,25.902
5.863,8.093,47.452
0.433,5.545,2.401
8.954,6.114,54.743
4.522,2.722,12.31
1.002,2.539,2.544
9.879,7.916,78.202
7.716,6.635,51.194
2.389,7.484,17.882
1.03,1.644,1.692
7.909,2.559,20.237
6.921,2.908,20.127
5.436,8.648,47.007
5.394,9.198,49.616
9.185,9.487,87.142
3.641,7.259,26.429
2.667,2.162,5.766
5.72,5.607,32.072
7.25,2.871,20.811
4.383,9.795,42.931
1.247,3.219,4.015
1.542,3.077,4.745
6.095,7.132,43.467
1.38,2.804,3.868
3.397,3.899,13.246
7.032,3.536,24.865
2.085,8.967,18.7
7.899,7.556,59.682
9.977,1.211,12.082
5.197,0.561,2.916
1.154,7.559,8.723
1.174,2.029,2.382
5.66,6.974,39.476
5.714,6.666,38.094
8.924,5.487,48.965
6.829,8.494,58.004
8.382,7.764,65.08
8.256,1.223,10.098
1.397,5.604,7.826
6.958,7.826,54.449
3.514,5.502,19.333
1.82,0.658,1.197
4.964,2.051,10.178
7.301,8.416,61.443
5.059,9.111,46.093
1.078,1.142,1.231
6.658,8.098,53.917
1.792,9.118,16.336
3.981,0.089,0.355
9.291,1.874,17.412
9.358,4.666,43.662
4.846,0.922,4.469
9.196,3.737,34.363
0.236,1.114,0.263
7.154,2.561,18.321
5.55,1.42,7.881
8.063,6.7,54.024
4.554,4.122,18.773
3.421,7.426,25.406
1.098,3.03,3.326
0.14,9.37,1.311
1.101,6.103,6.719
1.255,0.075,0.094
9.872,3.806,37.571
7.813,0.049,0.381
6.429,5.978,38.434
4.247,2.148,9.122
2.594,5.046,13.088
9.629,8.35,80.401
9.43,6.851,64.601
6.383,8.116,51.804
1.564,8.119,12.699
9.221,6.823,62.914
9.925,7.896,78.365
4.09,0.809,3.307
2.306,3.057,7.05
3.78,3.095,11.7
5.334,7.734,41.255
1.781,2.227,3.967
9.154,2.982,27.301
7.358,3.199,23.54
1.575,3.845,6.057
6.983,6.171,43.092
9.35,5.715,53.431
8.277,4.425,36.626
8.21,9.655,79.264
4.926,1.704,8.392
8.613,0.482,4.153
5.01,1.413,7.081
6.818,8.012,54.622
5.762,0.619,3.569
1.174,7.878,9.251
3.642,0.249,0.908
2.582,6.025,15.554
5.665,3.011,17.057
9.898,6.259,61.954
8.647,5.207,45.024
0.797,9.475,7.548
0.284,9.684,2.754
9.474,9.84,93.225
5.142,2.843,14.619
3.61,5.771,20.834
9.84,0.801,7.887
9.317,4.626,43.099
4.198,0.272,1.14
9.358,9.04,84.592
4.662,2.141,9.982
9.93,9.613,95.452
0.234,2.235,0.523
0.864,6.564,5.669
4.643,3.595,16.689
9.45,5.228,49.41
6.487,6.874,44.592
7.157,7.84,56.116
4.728,6.477,30.627
8.756,7.64,66.895
8.998,4.754,42.777
8.785,1.454,12.773
5.674,4.356,24.711
7.643,5.726,43.767
9.048,6.851,61.987
3.035,2.073,6.29
4.403,9.157,40.314
0.768,6.682,5.13
2.904,8.11,23.547
2.878,8.748,25.172
5.182,1.189,6.162
5.323,2.831,15.072
4.778,6.177,29.518
8.924,7.642,68.198
9.767,4.383,42.808
5.967,4.182,24.953
7.235,3.048,22.056
5.219,2.11,11.014
0.758,3.793,2.877
5.724,2.348,13.442
0.154,7.287,1.123
0.513,7.413,3.802
1.001,3.652,3.655
3.069,3.637,11.165
2.475,6.971,17.252
0.746,0.96,0.716
7.816,6.333,49.494
8.208,7.827,64.24
5.844,2.557,14.945
3.598,7.274,26.173
7.194,7.592,54.617
9.839,5.039,49.574
5.472,9.111,49.85
1.226,4.353,5.338
6.117,6.385,39.059
1.385,4.806,6.658
9.077,5.186,47.07
9.554,0.722,6.901
5.488,2.031,11.146
0.051,2.003,0.103
4.76,1.862,8.862
9.824,8.876,87.203
3.588,4.197,15.059
6.775,9.793,66.347
1.441,6.887,9.925
1.2,4.713,5.654
3.849,7.122,27.412
1.248,9.973,12.449
9.469,7.569,71.668
9.842,4.902,48.24
4.442,0.513,2.277
5.724,6.866,39.3
3.134,3.244,10.167
8.854,3.857,34.152
1.594,3.303,5.265
3.625,5.342,19.363
9.103,6.92,62.993
7.901,4.575,36.149
5.618,9.695,54.464
8.412,1.234,10.377
1.596,6.008,9.586
7.872,7.937,62.483
6.378,0.616,3.927
0.232,5.0,1.161
3.111,8.059,25.07
7.225,7.976,57.625
6.241,4.425,27.617
6.857,2.374,16.276
6.105,9.632,58.802
9.732,4.748,46.207
8.204,8.727,71.594
5.804,6.276,36.425
3.885,6.695,26.009
3.545,3.366,11.933
1.344,4.194,5.638
7.286,6.373,46.438
9.679,5.729,55.447
6.013,4.091,24.597
2.428,4.3,10.439
2.156,5.235,11.288
9.778,7.648,74.782
6.356,3.519,22.37
2.771,3.513,9.734
7.078,7.022,49.701
0.011,1.917,0.021
8.543,3.069,26.219
7.4,0.515,3.808
9.094,5.74,52.199
5.276,4.189,22.105
1.354,7.762,10.508
8.631,8.357,72.133
4.977,0.709,3.53
5.696,2.957,16.844
8.756,5.502,48.178
7.122,9.876,70.339
5.007,3.0,15.018
1.914,4.884,9.347
0.82,6.944,5.696
9.594,1.078,10.344
1.364,2.928,3.995
3.867,9.981,38.599
9.625,1.249,12.023
3.591,4.469,16.049
1.673,8.033,13.438
5.999,1.858,11.144
8.118,2.443,19.833
5.562,3.73,20.747
5.972,0.219,1.31
5.263,1.531,8.056
8.435,1.405,11.855
0.565,8.999,5.082
3.253,2.888,9.395
5.344,3.681,19.672
5.805,2.581,14.985
6.226,5.51,34.302
9.862,6.406,63.172
0.486,0.157,0.076
0.557,9.194,5.123
5.617,2.756,15.481
0.751,7.731,5.805
9.444,3.408,32.188
5.348,6.126,32.763
9.105,5.419,49.344
4.673,5.836,27.276
6.734,0.894,6.023
9.953,9.699,96.534
7.886,1.508,11.894
9.842,3.356,33.034
6.948,1.186,8.238
9.399,3.156,29.667
4.207,7.963,33.499
7.895,2.642,20.861
8.28,5.175,42.852
0.183,4.62,0.845
0.925,8.43,7.802
1.154,6.968,8.042
1.255,1.953,2.45
7.593,4.122,31.295
9.857,5.374,52.972
7.406,0.848,6.283
2.971,8.533,25.353
3.603,0.057,0.205
8.485,8.455,71.742
7.033,9.835,69.17
9.653,2.634,25.421
8.368,6.319,52.883
8.343,0.101,0.842
0.555,8.745,4.857
0.177,4.849,0.858
4.464,3.443,15.369
2.651,2.3,6.095
4.833,6.763,32.683
6.569,4.195,27.561
6.129,1.842,11.288
2.217,3.04,6.74
3.689,5.222,19.267
9.491,2.68,25.436
4.485,9.066,40.658
8.914,5.768,51.421
7.436,2.989,22.228
5.687,5.047,28.702
2.828,5.324,15.058
4.829,3.035,14.657
0.316,0.142,0.045
2.2,3.623,7.971
5.41,7.937,42.941
3.748,3.024,11.336
5.102,7.446,37.988
2.599,8.021,20.844
9.737,7.254,70.631
1.372,0.861,1.181
2.872,0.207,0.593
6.818,1.332,9.08
3.352,3.691,12.37
0.834,1.773,1.479
0.253,6.876,1.74
1.839,8.712,16.023
4.234,3.561,15.076
1.763,5.996,10.573
1.305,8.664,11.31
2.717,5.221,14.186
4.399,4.083,17.963
4.41,8.573,37.805
0.422,7.886,3.327
0.938,7.559,7.092
5.561,5.322,29.598
5.128,5.86,30.051
3.624,4.606,16.696
4.524,8.879,40.166
4.682,3.173,14.856
1.861,9.229,17.176
3.498,4.482,15.676
5.332,0.806,4.296
8.185,9.303,76.145
0.129,6.08,0.785
8.895,5.619,49.976
5.12,0.257,1.317
9.185,0.367,3.374
8.92,2.955,26.359
1.253,5.76,7.215
9.006,1.226,11.045
6.181,0.548,3.385
0.232,7.012,1.629
7.96,2.138,17.021
2.502,6.305,15.772
7.836,1.137,8.907
8.075,3.469,28.014
1.259,4.073,5.129
4.584,0.871,3.993
3.942,2.441,9.622
0.603,6.964,4.202
7.862,9.559,75.153
1.089,7.459,8.126
5.355,2.774,14.853
1.77,5.274,9.335
9.03,9.244,83.47
6.549,1.785,11.688
9.236,7.199,66.498
5.591,8.851,49.485
5.838,2.458,14.35
0.086,6.968,0.602
2.428,3.83,9.299
7.908,1.833,14.498
8.057,6.688,53.886
8.098,1.266,10.249
1.282,6.178,7.921
9.506,6.112,58.101
3.445,0.373,1.284
8.683,2.638,22.908
2.07,5.595,11.584
5.243,3.615,18.951
7.133,4.577,32.645
5.337,7.186,38.347
5.561,6.827,37.967
1.554,8.711,13.538
2.13,2.047,4.359
5.323,5.611,29.866
8.746,7.841,68.579
1.227,2.121,2.603
5.67,5.76,32.663
2.445,2.606,6.371
5.683,4.896,27.824
7.717,9.093,70.169
7.086,2.422,17.159
6.641,9.138,60.683
8.728,5.52,48.178
9.775,4.536,44.337
4.179,5.005,20.914
2.264,4.798,10.864
7.339,6.773,49.709
5.278,1.196,6.311
9.933,7.088,70.411
5.683,3.112,17.688
5.337,8.61,45.953
1.473,7.153,10.533
7.172,8.496,60.931
7.722,1.557,12.026
3.658,8.126,29.723
7.119,5.287,37.641
6.054,2.632,15.932
8.302,9.221,76.547
5.547,3.229,17.912
8.482,4.587,38.912
3.744,2.747,10.284
4.489,7.327,32.888
9.538,9.357,89.246
1.045,2.009,2.099
2.233,4.076,9.102
6.609,5.468,36.138
6.221,0.193,1.203
9.718,2.822,27.427
4.584,9.283,42.555
4.001,9.61,38.454
5.267,1.975,10.403
7.378,9.283,68.486
4.779,1.044,4.989
9.915,0.704,6.979
2.567,0.07,0.179
1.775,0.199,0.353
8.76,4.913,43.037
0.914,1.421,1.299
4.882,6.878,33.577
0.75,2.241,1.68
9.223,2.942,27.133
6.642,0.104,0.692
8.645,1.83,15.817
3.338,2.379,7.943
1.671,1.04,1.738
2.562,6.627,16.979
6.185,0.919,5.686
5.927,2.053,12.17
6.535,9.466,61.86
5.102,8.921,45.52
2.422,7.752,18.776
6.695,2.066,13.832
8.784,2.688,23.61
6.271,0.751,4.713
4.875,7.871,38.373
5.145,5.581,28.711
4.204,4.291,18.037
0.95,7.764,7.374
7.732,3.099,23.966
9.246,0.489,4.525
0.846,6.048,5.115
6.498,2.569,16.694
0.334,0.916,0.306
4.78,1.567,7.491
8.565,7.9,67.669
7.961,3.894,30.999
3.679,3.958,14.562
6.967,7.242,50.455
2.944,2.441,7.188
6.422,0.054,0.345
1.103,2.798,3.085
8.791,4.274,37.574
9.234,7.272,67.153
8.294,2.656,22.033
5.342,4.581,24.472
0.25,1.021,0.255
4.157,5.141,21.373
8.364,1.053,8.806
4.389,3.962,17.386
7.943,4.188,33.261
3.924,1.754,6.883
5.591,8.408,47.015
7.325,2.15,15.751
4.437,8.817,39.125
7.153,6.109,43.699
7.938,9.227,73.243
1.743,9.143,15.932
3.598,7.924,28.508
1.201,4.187,5.029
7.935,5.115,40.593
1.109,2.806,3.112
2.281,9.189,20.961
8.104,7.383,59.832
7.64,1.673,12.785
4.144,4.029,16.699
6.52,6.248,40.742
5.347,9.56,51.122
3.857,2.522,9.73
5.021,6.65,33.385
8.527,5.583,47.609
2.074,7.66,15.884
3.718,8.283,30.801
7.011,7.917,55.509
9.004,8.864,79.816
5.173,7.227,37.379
9.743,6.661,64.898
3.294,8.86,29.186
9.636,0.473,4.557
6.065,2.256,13.685
3.066,7.961,24.407
0.603,6.188,3.73
9.908,1.354,13.412
4.846,1.905,9.23
8.628,9.581,82.66
2.963,4.428,13.122
6.365,7.967,50.714
1.858,1.427,2.651
8.124,4.274,34.725
6.596,9.72,64.109
5.583,5.815,32.461
6.198,9.611,59.569
8.836,2.079,18.372
1.028,4.392,4.513
8.41,3.217,27.055
7.114,6.176,43.935
0.688,3.201,2.202
3.896,1.625,6.332
6.275,4.535,28.458
5.974,1.481,8.85
7.538,4.802,36.196
7.749,8.354,64.736
9.887,9.985,98.722
4.791,1.097,5.254
7.257,9.988,72.487
1.113,2.913,3.241
7.289,0.117,0.851
4.291,2.36,10.127
5.692,4.674,26.602
4.722,1.635,7.719
7.389,2.96,21.869
2.345,4.999,11.721
5.793,2.813,16.294
8.466,0.541,4.584
7.72,5.354,41.331
3.911,0.358,1.399
7.484,5.3,39.669
1.673,3.06,5.118
8.822,2.93,25.846
5.16,7.206,37.184
7.364,6.674,49.152
6.177,4.008,24.757
7.977,1.956,15.607
9.65,8.408,81.145
2.609,2.61,6.81
0.638,2.598,1.657
9.219,0.891,8.21
2.303,3.611,8.316
9.841,5.798,57.063
4.919,8.962,44.082
5.017,7.787,39.068
7.682,8.436,64.803
8.401,4.068,34.174
5.896,6.718,39.606
9.481,0.098,0.931
7.277,8.614,62.687
4.182,2.503,10.467
0.692,6.531,4.516
7.431,3.931,29.215
5.239,7.679,40.231
3.97,5.771,22.909
0.155,1.564,0.243
7.504,2.582,19.373
3.559,2.543,9.052
2.389,7.803,18.643
8.345,3.567,29.766
3.888,3.29,12.79
8.086,4.219,34.114
0.242,9.083,2.196
0.276,1.394,0.384
3.89,8.465,32.927
1.051,6.512,6.846
4.53,7.022,31.811
7.2,3.786,27.259
2.671,5.005,13.368
9.967,4.183,41.698
3.356,7.93,26.609
5.694,6.455,36.754
8.395,0.396,3.327
8.335,4.163,34.702
3.542,2.464,8.728
6.718,3.168,21.283
5.621,8.933,50.214
9.241,4.838,44.705
9.911,6.626,65.672
5.013,9.671,48.478
3.684,0.23,0.848
6.598,8.949,59.041
0.664,7.954,5.279
3.938,5.601,22.056
2.748,0.289,0.793
0.84,1.602,1.345
4.458,5.031,22.427
