6.221,2.666,8.887
6.902,3.797,10.699
5.58,0.424,6.004
1.023,0.182,1.205
0.468,9.301,9.769
7.616,8.162,15.778
6.267,2.762,9.03
4.379,5.518,9.897
1.84,9.428,11.268
1.795,2.098,3.893
5.221,8.683,13.905
0.399,0.783,1.182
9.286,1.493,10.779
4.998,0.645,5.643
6.209,9.25,15.458
2.389,0.026,2.415
6.783,2.17,8.953
5.615,6.321,11.936
6.312,2.129,8.442
5.69,4.612,10.301
4.642,2.751,7.393
4.835,0.65,5.485
1.883,1.035,2.918
5.295,1.347,6.642
7.763,3.116,10.879
2.204,8.756,10.96
1.037,3.081,4.118
5.656,3.069,8.725
6.944,1.249,8.193
9.444,4.06,13.504
8.122,2.871,10.993
5.042,9.874,14.916
4.208,6.852,11.061
2.199,9.502,11.701
8.377,7.643,16.021
1.275,1.231,2.506
9.303,4.986,14.289
0.309,2.601,2.911
0.174,4.525,4.7
8.711,4.989,13.7
4.976,4.825,9.801
6.336,4.418,10.755
8.607,9.589,18.196
8.095,7.705,15.799
9.87,3.746,13.616
3.739,8.215,11.954
9.64,4.232,13.871
5.558,7.666,13.224
7.35,9.651,17.002
4.509,5.635,10.145
8.78,9.942,18.722
8.212,9.985,18.197
1.743,3.707,5.45
5.03,1.978,7.008
0.499,0.627,1.127
1.234,1.631,2.865
1.522,4.179,5.702
7.833,0.887,8.72
2.656,0.088,2.744
8.887,5.88,14.767
8.809,3.104,11.913
4.104,5.767,9.871
0.797,2.69,3.487
3.821,4.661,8.481
1.437,7.414,8.851
7.801,6.686,14.486
8.283,6.152,14.435
2.512,9.791,12.303
7.07,3.768,10.839
9.737,9.458,19.195
0.209,7.706,7.914
9.327,7.24,16.567
9.837,8.342,18.179
9.105,5.635,14.741
0.71,1.774,2.484
3.237,0.975,4.212
4.648,1.983,6.632
2.511,6.983,9.494
2.186,3.97,6.156
8.459,5.286,13.745
1.289,8.969,10.258
8.462,3.316,11.778
0.353,4.026,4.379
9.355,0.861,10.216
9.769,8.964,18.733
4.556,9.794,14.35
5.111,8.752,13.863
4.724,8.883,13.608
9.436,4.67,14.106
5.95,0.764,6.714
9.767,0.595,10.362
5.781,2.889,8.67
1.228,2.122,3.349
5.271,3.213,8.484
9.367,2.705,12.072
2.946,5.736,8.682
0.31,7.601,7.911
1.289,1.584,2.873
6.926,9.718,16.644
5.453,4.027,9.481
1.36,5.028,6.388
5.418,4.418,9.836
0.063,1.181,1.244
4.16,9.68,13.84
3.147,1.932,5.078
4.335,9.892,14.226
8.829,9.989,18.818
8.287,7.202,15.49
8.049,9.266,17.316
7.61,3.163,10.774
6.093,2.179,8.272
4.833,5.959,10.792
2.174,1.91,4.084
3.379,1.584,4.962
1.457,8.768,10.225
3.68,2.039,5.719
3.108,5.479,8.588
1.002,2.568,3.57
9.049,0.958,10.007
0.786,0.108,0.894
8.684,3.008,11.692
5.79,3.744,9.534
4.228,1.414,5.642
7.501,9.35,16.851
6.506,2.903,9.409
3.645,0.943,4.587
5.578,1.753,7.331
0.016,2.565,2.582
8.33,9.614,17.944
0.581,7.313,7.895
6.501,0.645,7.147
8.255,0.907,9.162
5.438,4.168,9.606
2.971,0.867,3.838
1.361,2.586,3.948
0.511,6.388,6.899
9.123,5.559,14.681
1.315,7.37,8.685
4.165,1.762,5.927
6.21,5.158,11.367
8.321,8.904,17.225
4.952,0.998,5.95
6.285,0.479,6.764
0.52,3.843,4.363
4.407,6.222,10.628
1.564,0.615,2.179
3.718,2.756,6.475
5.66,8.246,13.906
8.164,9.082,17.246
4.305,2.496,6.801
6.477,3.128,9.604
4.524,9.056,13.581
9.472,9.233,18.706
6.53,7.042,13.572
4.243,2.391,6.633
2.033,8.689,10.722
3.484,5.586,9.07
8.863,6.839,15.702
9.081,3.478,12.559
6.194,7.06,13.255
7.454,4.136,11.589
0.102,5.498,5.6
9.06,1.297,10.357
4.522,4.823,9.344
7.787,8.212,15.998
4.077,0.367,4.444
4.295,9.405,13.7
3.016,4.563,7.579
6.072,6.163,12.235
7.324,8.558,15.882
4.986,4.174,9.16
6.217,6.759,12.976
4.051,2.973,7.024
8.733,5.826,14.559
1.029,0.211,1.239
1.872,4.9,6.772
1.368,4.055,5.423
5.569,5.653,11.222
8.197,7.601,15.798
5.305,5.004,10.309
7.571,4.98,12.551
5.163,1.349,6.512
5.222,5.809,11.03
4.915,9.691,14.607
8.898,0.203,9.101
1.645,5.17,6.815
2.81,2.112,4.923
8.588,3.641,12.23
8.666,4.495,13.161
7.272,3.935,11.207
4.11,7.23,11.34
3.152,1.446,4.598
4.391,4.512,8.903
0.353,1.84,2.193
1.479,4.91,6.388
8.663,5.14,13.803
4.158,0.221,4.38
9.665,2.464,12.129
1.841,2.411,4.252
9.095,6.667,15.762
3.585,5.44,9.025
1.05,3.992,5.042
1.908,9.564,11.472
9.587,8.285,17.871
9.476,0.288,9.764
1.561,4.649,6.21
7.207,6.648,13.855
8.289,1.153,9.442
1.498,7.476,8.974
2.127,5.525,7.652
9.39,2.378,11.769
7.196,4.527,11.723
2.787,4.055,6.843
9.897,8.362,18.259
3.08,3.082,6.161
2.424,4.954,7.378
9.955,9.298,19.253
0.706,6.896,7.601
4.629,6.263,10.892
9.32,3.318,12.638
0.444,2.305,2.749
7.028,6.709,13.738
4.941,5.797,10.738
2.844,0.11,2.954
4.909,9.987,14.895
4.628,3.157,7.785
0.663,0.793,1.456
2.967,4.0,6.967
3.294,1.52,4.814
9.778,0.228,10.006
8.26,4.697,12.957
0.253,8.107,8.36
0.936,6.886,7.822
6.608,3.986,10.594
7.669,3.266,10.935
1.129,7.657,8.787
4.157,2.277,6.434
3.867,0.293,4.16
1.655,5.356,7.011
9.21,4.173,13.383
5.488,6.676,12.164
3.166,4.985,8.151
9.381,3.614,12.994
9.748,1.105,10.853
3.774,9.835,13.61
5.491,1.818,7.309
9.472,8.041,17.513
6.938,3.411,10.349
4.575,1.641,6.215
9.761,4.443,14.204
5.829,5.833,11.663
8.273,3.36,11.633
6.861,0.424,7.284
7.047,2.816,9.863
4.728,4.353,9.08
6.562,9.449,16.011
0.842,3.136,3.978
7.101,5.099,12.2
8.45,7.475,15.924
5.783,7.028,12.811
3.352,0.787,4.139
5.362,3.964,9.326
7.881,3.288,11.169
8.48,8.22,16.7
1.168,8.666,9.833
0.565,2.733,3.298
3.332,4.969,8.301
5.864,7.136,12.999
0.364,1.555,1.918
4.757,9.632,14.388
0.87,7.328,8.198
3.685,2.064,5.749
0.402,1.702,2.104
5.449,1.15,6.598
8.964,7.603,16.566
2.325,6.952,9.277
1.434,5.981,7.415
6.32,7.782,14.102
7.198,0.256,7.454
6.971,2.689,9.66
2.668,6.793,9.461
9.299,8.293,17.592
6.798,0.775,7.572
7.993,5.594,13.587
1.018,4.173,5.191
5.103,3.911,9.014
8.873,5.156,14.029
2.45,5.624,8.074
7.247,7.542,14.789
1.007,5.69,6.697
3.617,7.8,11.417
4.829,1.809,6.638
1.523,4.812,6.336
8.598,5.816,14.414
3.301,0.912,4.213
2.381,3.484,5.865
8.061,5.851,13.912
3.511,2.853,6.363
9.733,3.177,12.91
3.105,4.028,7.134
7.141,1.195,8.336
7.727,4.513,12.24
7.45,0.004,7.454
6.274,5.482,11.756
3.87,8.951,12.821
4.779,3.389,8.168
6.317,9.824,16.14
6.261,1.812,8.073
4.351,7.825,12.176
3.452,0.828,4.28
5.282,6.763,12.045
7.441,4.813,12.254
0.724,4.475,5.199
7.067,7.924,14.991
3.361,4.284,7.645
2.285,4.915,7.201
5.371,5.178,10.549
0.985,6.93,7.915
9.044,1.537,10.581
3.326,7.891,11.217
8.66,0.912,9.572
3.3,9.979,13.279
3.542,6.912,10.454
1.973,2.437,4.41
9.148,3.337,12.485
4.46,3.718,8.178
4.307,2.161,6.468
6.132,2.535,8.667
3.093,5.22,8.313
7.118,8.571,15.688
1.746,3.728,5.473
3.961,6.189,10.15
3.274,3.898,7.172
2.082,0.99,3.071
8.089,3.547,11.636
4.775,8.009,12.783
3.803,7.098,10.902
2.292,6.31,8.602
8.972,6.215,15.187
8.455,7.1,15.554
7.846,4.021,11.867
1.248,5.282,6.53
7.242,2.272,9.514
9.023,5.967,14.989
4.172,7.124,11.296
6.793,3.617,10.41
2.307,7.849,10.156
3.04,6.603,9.643
5.129,8.98,14.109
1.841,1.894,3.736
2.752,3.368,6.12
3.982,6.32,10.302
0.863,1.436,2.298
1.932,0.843,2.774
6.366,4.74,11.106
2.073,2.244,4.317
6.634,3.776,10.41
8.118,7.501,15.618
4.932,8.502,13.434
3.334,0.355,3.688
4.533,5.103,9.636
3.535,1.193,4.729
6.681,2.343,9.023
5.397,8.483,13.879
7.135,4.047,11.182
1.743,1.981,3.724
3.565,3.546,7.111
1.04,8.481,9.521
8.353,4.729,13.082
7.757,9.986,17.743
3.136,8.035,11.17
9.857,6.047,15.904
0.776,4.173,4.949
9.045,7.092,16.137
0.979,7.786,8.765
0.275,2.241,2.516
8.479,1.382,9.861
7.462,3.454,10.916
1.696,9.372,11.068
4.444,0.93,5.374
0.68,1.877,2.558
6.305,5.278,11.582
1.255,0.14,1.395
6.096,1.857,7.953
0.731,2.961,3.692
4.964,1.937,6.901
7.963,5.692,13.655
1.566,3.049,4.615
6.312,3.726,10.038
8.545,2.658,11.203
4.05,9.796,13.847
8.038,0.542,8.58
3.157,8.847,12.004
4.593,2.503,7.096
8.072,8.444,16.515
9.7,9.521,19.22
0.267,7.61,7.876
5.757,1.433,7.19
1.264,7.474,8.738
7.991,5.002,12.993
4.578,8.05,12.628
1.0,8.122,9.122
0.346,4.526,4.872
1.978,9.084,11.062
6.964,1.7,8.664
4.255,9.454,13.709
9.863,6.433,16.296
6.49,9.171,15.661
8.353,2.308,10.66
4.609,2.565,7.174
0.077,4.828,4.905
8.571,0.018,8.589
2.234,4.236,6.471
9.996,4.334,14.33
7.265,0.469,7.734
4.47,9.118,13.588
0.774,3.079,3.853
2.041,3.812,5.853
4.756,9.474,14.23
7.977,9.33,17.307
2.784,8.174,10.958
3.447,4.51,7.957
6.884,5.938,12.822
9.861,5.469,15.33
0.013,7.058,7.071
5.151,7.972,13.123
1.145,8.594,9.739
4.333,2.056,6.389
0.285,8.659,8.944
6.976,9.304,16.281
0.452,2.208,2.66
1.991,8.589,10.58
9.533,8.692,18.225
9.444,5.098,14.542
9.053,1.874,10.927
0.212,4.98,5.192
5.462,2.05,7.512
5.735,5.023,10.759
1.626,8.7,10.326
3.21,0.958,4.168
9.356,3.602,12.958
3.992,4.007,7.999
3.651,0.33,3.981
6.647,0.745,7.392
2.627,2.699,5.326
6.267,6.439,12.706
4.495,2.462,6.957
6.137,8.841,14.979
3.033,6.725,9.758
2.75,3.865,6.616
0.364,5.833,6.197
3.151,2.55,5.701
6.756,9.468,16.224
3.528,8.073,11.6
3.809,3.321,7.131
6.346,9.186,15.532
4.463,1.234,5.697
8.264,8.944,17.207
8.646,1.478,10.125
9.433,1.363,10.795
4.417,3.429,7.846
3.153,9.579,12.733
0.45,5.923,6.372
1.584,5.503,7.088
5.924,2.288,8.213
0.668,6.78,7.448
1.094,7.615,8.708
4.394,1.897,6.291
1.823,5.325,7.149
6.71,3.141,9.852
7.373,6.15,13.522
9.757,0.746,10.503
5.852,6.75,12.602
9.076,1.858,10.934
3.006,7.467,10.473
7.125,4.671,11.797
5.364,6.957,12.321
6.153,5.489,11.642
1.999,3.852,5.851
2.656,0.906,3.562
2.553,8.841,11.394
4.038,0.436,4.474
4.433,9.581,14.014
8.892,5.906,14.798
4.998,4.006,9.004
5.143,6.753,11.896
4.134,1.181,5.315
9.53,6.546,16.076
1.367,5.562,6.929
4.06,7.244,11.304
1.929,3.597,5.526
1.946,1.252,3.198
0.726,0.118,0.844
5.125,9.825,14.951
4.63,9.182,13.812
9.492,5.774,15.266
4.179,6.725,10.904
6.572,9.75,16.322
3.185,6.166,9.35
1.29,4.055,5.345
1.425,7.194,8.619
1.047,5.803,6.85
4.763,2.771,7.534
8.028,7.245,15.273
7.617,4.935,12.552
3.023,2.281,5.304
0.151,5.84,5.991
9.137,0.903,10.04
1.802,7.062,8.864
5.682,6.941,12.623
7.262,7.776,15.038
3.563,9.275,12.839
2.41,5.982,8.391
7.442,5.742,13.184
1.172,1.936,3.108
2.162,4.489,6.652
0.118,8.247,8.365
2.6,4.683,7.284
9.797,9.186,18.982
2.951,0.764,3.715
7.503,1.779,9.282
3.181,9.542,12.724
0.313,7.969,8.282
4.351,0.827,5.178
6.369,8.252,14.622
0.569,3.115,3.684
6.751,8.854,15.605
1.312,1.399,2.711
4.913,1.31,6.223
5.898,8.868,14.767
1.176,1.079,2.256
0.525,8.954,9.479
3.327,6.977,10.304
8.601,1.834,10.435
3.234,1.125,4.359
0.512,4.498,5.01
7.884,4.559,12.443
7.024,0.564,7.588
7.602,1.746,9.348
0.151,1.448,1.6
9.074,8.477,17.551
2.834,0.578,3.412
4.919,4.359,9.278
0.269,3.67,3.939
4.635,5.094,9.729
0.552,4.493,5.045
2.017,5.277,7.294
5.669,7.388,13.057
6.803,1.883,8.686
3.782,7.257,11.039
0.772,2.91,3.682
1.186,0.301,1.487
4.594,4.73,9.324
8.22,1.686,9.906
0.475,0.902,1.377
6.153,3.579,9.732
0.038,8.754,8.792
8.761,8.407,17.168
2.341,5.18,7.521
1.526,9.227,10.753
2.107,9.517,11.624
8.299,4.218,12.518
2.637,1.398,4.035
1.119,9.764,10.883
1.016,7.101,8.117
5.879,8.846,14.725
6.75,3.326,10.076
2.001,9.976,11.977
8.164,4.7,12.864
7.941,9.994,17.935
8.183,3.626,11.809
9.453,7.838,17.291
2.157,8.227,10.383
0.972,2.331,3.303
0.427,2.371,2.799
6.396,8.434,14.83
4.144,0.933,5.077
5.319,3.711,9.031
5.757,5.526,11.283
8.449,6.746,15.195
1.226,9.667,10.893
4.135,5.789,9.924
5.753,0.51,6.264
9.594,8.615,18.209
5.451,1.339,6.789
9.197,7.9,17.097
4.069,8.326,12.394
5.501,1.791,7.291
5.409,0.874,6.282
6.981,1.898,8.879
9.801,2.873,12.674
4.453,5.22,9.673
5.134,2.883,8.017
6.914,0.972,7.886
4.348,8.805,13.153
0.42,1.946,2.366
7.514,6.094,13.608
9.889,7.953,17.842
3.188,1.402,4.59
1.0,0.754,1.754
6.039,4.384,10.423
0.805,3.064,3.869
5.827,5.339,11.166
3.77,7.363,11.133
1.186,7.442,8.627
8.591,1.047,9.639
0.626,7.217,7.842
3.334,3.27,6.605
0.937,6.147,7.085
6.068,6.929,12.997
7.221,6.947,14.168
1.258,6.069,7.327
9.411,6.96,16.371
7.527,4.887,12.414
8.377,8.416,16.793
5.24,4.466,9.706
0.581,5.391,5.972
2.851,6.176,9.027
0.004,4.727,4.73
6.278,0.758,7.036
2.547,2.184,4.731
9.926,4.87,14.796
2.246,7.889,10.135
8.731,6.799,15.529
2.339,2.873,5.212
1.694,0.12,1.814
3.808,2.977,6.785
8.633,2.923,11.557
9.337,0.456,9.793
6.052,1.598,7.65
2.466,9.781,12.247
8.206,1.685,9.891
5.437,1.412,6.849
7.64,7.79,15.43
2.944,7.936,10.88
4.83,9.551,14.38
7.372,6.331,13.702
9.327,6.547,15.874
7.412,8.228,15.64
8.876,4.302,13.178
5.648,8.701,14.348
0.003,2.386,2.388
5.179,3.769,8.949
8.099,3.292,11.391
5.77,7.135,12.906
5.509,8.427,13.936
7.692,8.789,16.481
9.979,1.754,11.732
6.97,2.736,9.706
2.646,7.255,9.901
5.708,5.384,11.092
7.946,3.719,11.665
0.739,7.704,8.443
1.493,0.564,2.056
9.376,6.104,15.48
2.786,3.332,6.119
5.116,8.311,13.427
4.917,6.433,11.349
3.233,2.288,5.521
9.158,8.026,17.184
1.74,4.931,6.671
4.492,4.631,9.123
7.98,4.139,12.12
5.928,2.806,8.734
1.409,3.017,4.426
9.661,2.257,11.917
1.962,9.472,11.435
1.484,0.029,1.513
2.66,7.819,10.479
9.414,6.607,16.021
3.172,8.583,11.754
8.744,4.802,13.546
6.854,7.252,14.106
9.834,5.368,15.203
4.154,7.754,11.908
3.087,7.446,10.532
5.769,8.012,13.781
0.649,7.293,7.942
7.981,7.038,15.019
5.068,7.482,12.55
5.342,9.023,14.365
2.596,4.979,7.574
7.601,6.689,14.29
7.86,6.628,14.488
5.51,8.696,14.206
3.176,4.256,7.432
8.519,7.59,16.11
3.703,6.35,10.053
5.061,0.978,6.039
4.693,9.933,14.626
6.832,0.852,7.685
2.843,7.823,10.665
6.017,9.574,15.591
8.428,9.289,17.717
0.273,5.357,5.63
0.552,4.135,4.687
0.273,1.359,1.631
0.001,9.208,9.209
6.879,6.095,12.975
3.488,4.091,7.579
1.487,8.874,10.361
7.343,6.085,13.428
3.221,8.494,11.715
5.472,6.776,12.247
6.11,1.349,7.459
3.704,7.505,11.209
7.043,8.424,15.467
0.763,4.64,5.403
9.179,0.495,9.674
9.567,3.553,13.12
6.305,6.914,13.219
1.864,3.097,4.961
6.908,6.59,13.498
2.726,9.575,12.301
6.428,5.919,12.346
6.874,1.755,8.629
5.573,3.661,9.234
6.815,5.428,12.243
8.4,7.091,15.491
0.657,8.171,8.829
3.733,8.016,11.749
9.734,2.55,12.284
2.174,9.32,11.494
1.182,5.953,7.135
2.945,7.424,10.369
4.32,2.001,6.322
1.58,4.954,6.533
7.546,6.724,14.27
8.471,6.896,15.368
3.965,9.648,13.612
3.981,4.963,8.944
0.554,8.261,8.814
5.844,1.591,7.435
2.865,4.295,7.16
5.223,9.046,14.269
2.635,9.988,12.623
8.22,9.005,17.224
1.007,8.98,9.987
1.976,0.749,2.725
7.248,2.673,9.921
1.659,5.047,6.706
9.363,8.133,17.496
3.669,1.778,5.448
1.184,9.117,10.3
9.703,7.101,16.804
1.206,8.755,9.961
5.425,5.885,11.31
4.359,8.356,12.716
5.131,7.489,12.62
8.432,6.86,15.292
8.462,9.92,18.382
9.742,5.443,15.185
5.357,7.73,13.087
9.216,0.175,9.391
8.009,9.288,17.296
1.124,8.32,9.444
9.704,9.035,18.739
3.538,9.027,12.565
0.054,1.448,1.502
9.682,5.913,15.596
1.059,3.547,4.605
3.53,6.291,9.82
2.376,4.818,7.194
6.852,2.993,9.845
6.445,5.832,12.278
9.935,7.759,17.694
5.256,9.871,15.127
8.1,2.516,10.616
6.774,0.808,7.581
9.241,2.877,12.118
0.169,3.002,3.171
9.309,5.16,14.469
1.592,4.035,5.627
0.89,4.456,5.345
2.335,2.293,4.628
6.399,0.195,6.593
0.697,4.243,4.94
7.531,8.464,15.995
6.609,9.965,16.575
4.319,7.779,12.098
5.868,0.255,6.123
6.065,0.402,6.467
9.408,7.993,17.401
7.156,9.771,16.927
9.306,7.147,16.453
4.946,6.647,11.592
3.614,3.026,6.639
5.735,7.076,12.811
2.555,9.982,12.537
4.753,3.681,8.434
6.079,4.812,10.89
4.835,4.057,8.892
4.86,3.073,7.932
6.147,1.083,7.23
4.317,3.957,8.274
1.401,6.313,7.713
9.591,5.315,14.906
7.742,9.708,17.45
2.431,3.464,5.895
3.378,0.817,4.195
4.277,0.258,4.535
9.646,1.927,11.573
2.755,7.06,9.815
5.282,9.964,15.246
9.897,3.637,13.534
5.471,2.726,8.197
5.627,4.834,10.461
9.676,0.625,10.301
2.121,6.912,9.033
1.376,7.008,8.385
0.555,6.606,7.161
0.528,1.079,1.607
6.715,8.605,15.32
9.31,3.356,12.667
1.912,4.63,6.542
8.572,9.987,18.558
0.835,1.983,2.818
8.856,9.431,18.286
1.331,0.954,2.285
5.217,1.326,6.544
7.859,9.557,17.416
3.481,8.333,11.814
8.847,6.477,15.324
3.338,1.665,5.003
6.024,1.138,7.162
5.742,0.369,6.111
8.519,9.525,18.043
5.696,0.538,6.234
6.92,1.432,8.352
1.808,0.178,1.985
6.623,2.541,9.164
7.141,2.741,9.882
0.037,9.303,9.34
1.824,5.014,6.838
2.586,6.806,9.393
4.984,8.489,13.474
3.499,8.544,12.043
2.9,4.312,7.212
0.253,8.854,9.107
0.868,7.618,8.486
6.912,9.531,16.443
8.926,8.459,17.384
2.288,4.818,7.106
4.752,4.169,8.921
4.109,8.225,12.335
9.942,7.865,17.808
0.939,6.752,7.691
5.985,9.344,15.329
9.214,1.697,10.911
6.838,8.967,15.805
8.217,1.37,9.587
6.088,4.271,10.359
1.884,1.064,2.948
6.394,6.357,12.751
2.723,5.446,8.168
9.923,0.153,10.076
9.055,7.516,16.571
8.975,7.684,16.659
1.43,1.886,3.316
9.011,9.636,18.646
3.689,4.433,8.122
5.665,4.487,10.152
4.656,2.376,7.032
4.642,5.863,10.505
6.61,6.672,13.283
2.22,0.833,3.053
5.318,2.305,7.623
3.581,1.938,5.518
4.898,0.162,5.06
6.868,6.268,13.136
2.26,1.834,4.094
2.847,8.288,11.136
0.963,7.015,7.978
7.568,9.57,17.138
2.532,2.014,4.546
4.78,6.138,10.918
1.475,7.111,8.586
2.592,4.691,7.282
9.341,3.317,12.658
4.736,5.201,9.937
4.941,0.751,5.691
9.213,1.688,10.901
5.289,4.966,10.255
2.456,3.283,5.739
1.493,7.013,8.506
8.224,5.594,13.818
5.044,4.725,9.769
8.468,2.658,11.127
5.422,4.014,9.437
9.529,3.522,13.051
1.942,9.029,10.97
5.08,6.119,11.199
8.877,8.005,16.882
8.234,7.188,15.422
9.144,8.567,17.711
2.318,1.433,3.751
9.222,1.75,10.972
8.354,1.701,10.055
0.512,3.653,4.165
7.069,0.26,7.329
6.219,5.166,11.386
5.645,1.093,6.738
9.377,0.753,10.13
4.278,6.294,10.572
9.769,7.647,17.416
1.09,2.392,3.482
8.168,5.085,13.253
1.301,3.378,4.679
9.215,1.455,10.67
9.518,9.136,18.654
8.566,8.87,17.436
0.791,4.676,5.468
0.98,2.6,3.58
3.313,3.704,7.017
4.818,6.701,11.519
1.727,4.3,6.027
5.046,5.628,10.674
9.725,6.86,16.585
9.109,7.869,16.978
8.079,8.487,16.566
1.206,9.568,10.774
1.153,7.786,8.939
9.65,4.103,13.754
1.134,1.636,2.77
6.69,6.452,13.143
7.482,4.964,12.446
2.575,4.196,6.771
2.996,9.806,12.802
7.508,7.012,14.521
9.822,8.52,18.341
8.152,8.086,16.239
8.932,3.115,12.047
0.338,4.727,5.065
3.663,8.318,11.981
3.29,3.129,6.419
8.691,0.212,8.902
4.808,2.035,6.844
6.368,7.925,14.293
9.003,6.113,15.115
6.711,4.035,10.746
8.05,1.786,9.837
3.051,2.005,5.056
7.105,2.873,9.978
1.469,3.099,4.568
7.194,4.357,11.551
0.91,5.699,6.609
2.472,2.053,4.525
7.207,6.847,14.054
2.842,2.665,5.507
4.779,6.949,11.728
4.882,4.986,9.867
4.486,0.613,5.099
1.077,4.018,5.094
0.742,2.718,3.46
5.949,1.176,7.124
4.976,6.572,11.549
9.36,2.583,11.943
0.863,4.081,4.945
7.69,8.589,16.279
9.263,3.93,13.193
6.304,3.825,10.128
7.064,0.741,7.806
4.271,4.116,8.387
1.619,6.86,8.479
5.208,1.072,6.28
8.951,3.938,12.889
0.517,9.418,9.935
0.403,5.771,6.174
9.715,2.54,12.255
2.028,8.931,10.959
9.251,0.006,9.257
3.291,6.071,9.362
3.241,1.25,4.492
2.895,7.594,10.489
6.126,8.833,14.959
0.877,0.463,1.34
9.149,9.113,18.262
9.219,0.743,9.962
7.979,9.014,16.992
4.444,8.129,12.574
5.842,2.222,8.065
4.173,9.953,14.125
9.051,5.689,14.74
3.809,5.551,9.361
8.456,1.232,9.688
7.909,3.858,11.767
6.518,5.976,12.495
9.399,9.534,18.933
1.827,4.438,6.265
0.643,2.544,3.187
6.989,3.72,10.709
2.756,0.496,3.252
4.039,4.461,8.5
1.97,8.693,10.663
6.047,8.904,14.95
1.031,1.291,2.322
9.525,0.143,9.668
3.203,2.803,6.007
0.869,2.65,3.518
7.437,9.367,16.804
8.519,3.863,12.382
9.6,2.476,12.076
9.858,2.417,12.275
6.606,3.442,10.047
3.959,4.563,8.522
8.954,8.956,17.91
5.248,1.936,7.184
2.739,1.448,4.187
1.709,9.916,11.625
2.947,9.12,12.067
2.321,4.578,6.899
3.572,6.33,9.902
8.524,0.177,8.701
3.009,4.521,7.53
3.074,5.439,8.513
7.489,8.344,15.833
3.01,3.574,6.584
1.266,0.105,1.371
9.834,6.356,16.19
1.368,0.448,1.816
7.673,9.981,17.654
1.536,8.489,10.025
1.737,9.234,10.971
4.497,7.909,12.406
4.9,3.907,8.806
7.888,4.546,12.434
2.544,9.983,12.528
5.331,9.707,15.038
4.323,5.241,9.564
3.237,2.641,5.879
0.689,3.066,3.754
5.709,0.994,6.703
9.261,9.458,18.718
6.189,5.568,11.757
7.849,9.175,17.024
3.044,4.993,8.037
6.965,6.002,12.966
5.325,1.474,6.8
0.597,2.355,2.952
6.375,4.215,10.59
9.958,6.632,16.591
6.946,0.025,6.971
8.331,6.733,15.064
4.963,6.7,11.663
6.734,2.019,8.753
6.729,1.775,8.504
8.902,1.079,9.982
3.807,2.742,6.549
4.272,6.672,10.945
0.314,2.974,3.288
5.195,3.691,8.886
8.423,1.168,9.59
6.232,7.141,13.373
9.022,0.44,9.462
8.708,2.934,11.642
9.203,2.312,11.515
8.746,5.943,14.689
4.606,7.43,12.036
5.861,0.913,6.774
8.52,7.642,16.162
7.573,0.783,8.356
3.153,5.75,8.903
6.899,2.115,9.014
9.548,9.263,18.812
0.775,9.135,9.91
7.349,2.488,9.838
5.605,8.426,14.031
3.583,2.254,5.838
6.435,4.71,11.146
0.13,5.738,5.868
6.492,9.111,15.603
5.952,2.485,8.437
3.293,6.749,10.043
0.961,8.515,9.476
4.938,8.625,13.563
8.382,3.318,11.7
1.667,8.679,10.346
9.882,5.737,15.619
0.245,2.177,2.422
7.301,2.862,10.163
5.147,7.692,12.839
4.736,9.424,14.159
1.88,5.045,6.924
1.332,7.986,9.318
4.944,2.427,7.371
8.917,0.991,9.908
1.919,9.793,11.712
1.751,5.903,7.654
5.325,2.698,8.023
3.829,3.757,7.586
4.315,6.195,10.51
3.985,9.829,13.814
4.199,3.166,7.365
7.157,1.925,9.082
3.726,2.411,6.136
1.481,6.215,7.695
2.493,9.57,12.063
3.922,0.577,4.5
5.374,9.387,14.762
5.537,6.098,11.635
2.494,0.193,2.687
3.968,7.427,11.394
7.753,0.022,7.775
2.23,7.053,9.284
7.64,3.872,11.512
6.286,8.053,14.34
2.956,1.154,4.11
7.372,3.196,10.569
4.876,1.043,5.919
6.574,9.697,16.271
3.377,3.46,6.836
7.252,5.482,12.734
3.169,1.067,4.236
8.228,1.563,9.791
3.49,9.793,13.283
1.013,8.635,9.648
0.197,1.846,2.043
3.964,2.511,6.475
2.838,4.913,7.75
1.639,9.84,11.479
2.295,6.451,8.746
5.521,3.065,8.586
3.911,7.566,11.478
5.134,2.041,7.175
8.08,5.341,13.421
5.161,8.923,14.084
3.397,9.22,12.616
5.144,3.038,8.182
5.94,9.761,15.701
7.168,2.704,9.872
8.232,3.238,11.47
4.144,1.717,5.861
4.117,2.083,6.2
2.388,8.578,10.966
0.964,4.571,5.535
0.345,3.332,3.677
3.69,4.77,8.46
9.894,2.948,12.842
3.111,0.153,3.263
9.777,2.354,12.131
2.041,5.673,7.713
4.13,3.338,7.468
2.686,1.448,4.134
6.256,8.666,14.922
6.226,4.891,11.117
5.407,7.8,13.207
8.313,2.22,10.533
9.842,7.199,17.041
4.561,7.818,12.378
9.752,0.858,10.61
6.11,8.611,14.72
2.067,7.797,9.864
4.007,9.478,13.485
9.244,9.076,18.321
1.611,3.487,5.098
5.33,1.89,7.22
8.944,0.419,9.363
9.615,0.37,9.985
2.815,9.721,12.536
5.786,7.127,12.913
6.185,6.951,13.136
2.663,5.536,8.199
0.401,8.343,8.744
2.498,1.901,4.399
8.611,8.012,16.623
1.286,4.324,5.611
1.964,7.191,9.155
7.699,4.102,11.8
9.083,0.78,9.863
7.256,4.715,11.971
7.461,4.967,12.428
1.318,8.57,9.888
6.079,5.582,11.662
0.009,1.0,1.009
6.555,4.703,11.258
4.075,2.834,6.909
9.215,2.855,12.071
4.437,1.038,5.475
9.88,2.054,11.934
3.102,3.402,6.505
6.389,0.641,7.03
4.489,1.512,6.001
9.67,9.033,18.703
4.038,2.738,6.777
9.645,1.409,11.054
5.217,6.614,11.831
6.649,0.814,7.463
0.15,2.138,2.288
0.908,3.435,4.342
0.948,3.64,4.587
6.539,3.891,10.43
2.64,9.694,12.334
2.833,8.593,11.426
3.462,2.912,6.374
2.782,3.424,6.206
6.198,4.6,10.798
4.552,6.703,11.255
1.776,8.768,10.544
6.965,8.184,15.149
8.521,7.863,16.384
1.532,4.175,5.706
8.783,1.023,9.806
7.325,4.88,12.205
1.759,6.302,8.062
9.302,7.798,17.1
2.673,6.945,9.618
3.17,3.497,6.667
2.517,7.848,10.365
4.728,7.312,12.04
2.007,7.307,9.314
0.09,6.014,6.104
6.14,0.864,7.004
4.45,7.045,11.495
4.965,4.974,9.94
3.579,9.585,13.165
9.807,3.797,13.605
6.123,9.761,15.884
7.273,8.72,15.993
6.391,9.725,16.116
2.841,2.169,5.01
2.124,5.177,7.302
5.182,9.412,14.594
2.544,1.662,4.206
0.006,8.726,8.732
3.93,2.148,6.079
8.495,8.024,16.519
9.722,9.468,19.19
1.941,9.337,11.278
2.089,4.546,6.635
4.311,1.083,5.395
2.409,2.969,5.378
8.168,1.069,9.237
9.601,0.087,9.688
0.405,1.568,1.973
0.675,4.746,5.421
9.994,1.295,11.289
4.542,0.92,5.461
0.215,0.586,0.801
7.443,4.705,12.148
2.436,9.793,12.229
0.597,6.35,6.947
2.253,3.885,6.138
7.643,1.899,9.542
8.942,7.862,16.804
7.965,2.039,10.005
8.434,8.521,16.956
0.352,2.724,3.076
4.512,6.552,11.064
1.921,4.302,6.223
8.21,4.539,12.749
8.768,3.27,12.037
8.401,3.668,12.069
9.845,0.399,10.244
3.898,1.03,4.928
4.086,6.418,10.504
0.673,2.989,3.661
4.988,1.329,6.317
3.407,9.972,13.379
5.684,0.371,6.055
9.675,4.812,14.486
8.086,6.274,14.359
8.227,7.609,15.836
3.161,6.204,9.366
5.352,5.153,10.505
8.897,2.818,11.714
6.275,4.412,10.687
2.6,4.048,6.648
9.815,7.873,17.688
4.347,9.92,14.267
2.63,2.382,5.013
3.354,4.551,7.905
3.055,1.974,5.029
1.497,2.792,4.288
8.407,1.525,9.932
8.871,6.169,15.04
8.672,6.758,15.43
5.779,8.341,14.121
0.488,4.784,5.272
2.453,2.858,5.311
4.167,3.41,7.576
6.448,2.263,8.71
5.018,4.261,9.279
5.416,3.878,9.294
2.559,7.302,9.861
1.537,9.635,11.171
8.684,4.062,12.746
8.271,0.007,8.278
5.208,8.818,14.026
9.475,6.998,16.473
7.568,5.293,12.86
7.626,0.508,8.134
0.777,5.013,5.79
9.912,3.851,13.763
1.99,4.933,6.922
7.663,9.602,17.264
9.926,1.406,11.332
9.868,5.573,15.44
1.049,9.844,10.893
3.562,0.153,3.715
6.386,2.441,8.827
2.806,9.924,12.729
8.782,9.641,18.423
5.16,1.6,6.76
8.012,6.138,14.15
1.676,6.586,8.261
3.736,9.179,12.915
5.36,7.332,12.692
3.426,1.678,5.104
2.738,0.168,2.906
5.352,9.898,15.25
9.961,8.969,18.93
0.788,5.012,5.8
4.811,5.176,9.987
1.114,7.391,8.505
7.859,3.621,11.48
8.415,8.666,17.081
7.967,7.008,14.975
1.032,5.078,6.11
4.299,0.201,4.501
5.141,5.437,10.578
5.27,3.403,8.673
4.005,6.213,10.219
8.65,8.01,16.66
9.121,2.787,11.908
8.429,6.801,15.23
2.075,6.021,8.096
7.44,5.886,13.326
8.368,2.916,11.284
9.339,7.633,16.972
3.903,4.592,8.495
7.156,6.878,14.033
3.496,3.425,6.922
3.605,4.742,8.347
0.04,7.382,7.422
7.911,9.068,16.979
4.186,0.731,4.916
4.298,0.959,5.257
9.917,8.113,18.03
8.399,5.066,13.465
5.903,9.473,15.377
4.724,6.47,11.194
1.921,3.225,5.146
5.395,7.395,12.79
8.388,9.703,18.091
5.431,5.708,11.139
9.883,2.744,12.627
0.103,6.808,6.911
6.018,5.272,11.29
0.968,2.83,3.798
1.794,1.131,2.925
5.79,6.417,12.207
7.79,9.944,17.735
0.08,9.198,9.278
6.335,2.129,8.464
1.99,8.647,10.637
3.192,6.978,10.17
7.495,5.561,13.056
1.348,5.203,6.551
8.085,5.834,13.919
9.27,4.646,13.916
1.308,2.662,3.97
3.784,6.665,10.449
4.013,4.449,8.462
6.966,1.693,8.659
1.51,5.437,6.947
2.451,3.303,5.754
1.038,2.277,3.315
1.065,7.111,8.176
8.613,0.052,8.665
9.76,5.252,15.012
3.758,1.825,5.583
8.331,8.401,16.733
5.905,7.701,13.606
9.225,1.702,10.927
5.78,3.669,9.449
6.22,7.407,13.627
9.876,4.395,14.271
1.913,7.505,9.418
0.293,9.005,9.298
4.45,9.226,13.676
0.125,0.841,0.966
1.611,7.415,9.026
9.634,0.974,10.608
9.726,7.019,16.744
4.996,0.801,5.797
0.042,7.594,7.636
6.976,8.801,15.777
6.103,8.75,14.854
6.509,6.225,12.734
2.463,5.472,7.935
6.84,4.285,11.126
3.606,6.177,9.782
0.592,9.065,9.657
0.552,2.359,2.91
3.137,1.487,4.625
5.296,8.178,13.474
0.995,2.37,3.365
9.584,0.919,10.502
8.443,4.523,12.966
7.734,7.419,15.153
1.443,4.11,5.553
5.452,4.996,10.448
7.406,6.54,13.946
2.788,2.48,5.268
1.785,9.348,11.133
4.08,8.423,12.503
1.364,2.038,3.402
9.272,7.951,17.223
4.787,6.577,11.365
9.054,3.414,12.468
4.878,1.371,6.248
9.544,9.615,19.159
6.637,3.228,9.865
3.099,6.847,9.946
8.539,0.755,9.295
2.469,8.432,10.9
2.553,0.029,2.583
4.287,8.897,13.184
5.801,5.548,11.349
4.886,9.771,14.657
7.493,6.221,13.714
1.171,6.242,7.413
3.2,3.134,6.334
9.145,9.332,18.476
5.3,2.067,7.367
1.899,4.95,6.849
2.373,3.746,6.119
4.621,4.762,9.382
0.603,7.035,7.638
9.063,9.231,18.294
3.229,3.862,7.091
4.431,7.929,12.36
4.11,3.643,7.753
4.709,3.678,8.387
9.237,6.519,15.756
7.499,0.111,7.61
1.791,7.233,9.024
1.655,9.634,11.29
5.104,7.375,12.479
4.436,7.574,12.01
2.364,0.791,3.155
0.549,2.359,2.909
7.083,8.904,15.987
7.741,6.327,14.068
8.793,8.178,16.97
0.747,5.22,5.967
6.942,4.895,11.837
6.874,6.573,13.447
6.786,2.383,9.169
2.096,9.783,11.878
0.08,9.221,9.3
5.611,5.728,11.339
8.629,6.572,15.201
9.119,5.368,14.487
9.997,8.772,18.77
1.929,4.329,6.258
2.554,1.008,3.562
1.867,4.109,5.976
9.184,9.466,18.65
8.747,7.754,16.5
3.922,9.839,13.761
4.465,5.142,9.608
8.975,7.061,16.036
5.007,0.887,5.893
5.054,1.948,7.002
1.128,1.962,3.09
5.919,0.003,5.922
2.562,5.648,8.21
7.069,7.963,15.031
3.502,3.855,7.357
4.667,7.069,11.736
4.16,7.24,11.4
3.472,0.737,4.209
0.144,9.275,9.419
9.808,2.492,12.301
7.612,0.241,7.853
2.222,4.71,6.932
6.543,4.371,10.914
4.832,1.652,6.484
5.595,8.008,13.603
5.473,3.009,8.482
5.886,9.183,15.069
0.878,2.695,3.573
2.971,7.922,10.893
3.201,8.851,12.052
2.368,6.165,8.533
0.912,9.321,10.234
4.05,6.568,10.618
5.375,3.762,9.137
6.298,3.262,9.561
6.14,6.403,12.544
7.893,3.423,11.316
4.745,1.102,5.846
2.93,5.028,7.958
6.431,1.557,7.988
8.105,0.291,8.396
2.571,9.385,11.957
4.53,7.211,11.741
8.34,9.14,17.48
4.145,3.269,7.414
1.844,3.415,5.259
3.427,2.413,5.84
9.929,3.139,13.068
4.71,1.294,6.005
2.702,8.393,11.096
9.653,8.486,18.139
8.882,3.195,12.078
1.126,9.549,10.675
4.937,3.147,8.084
6.995,1.504,8.499
8.628,3.995,12.623
1.011,5.418,6.429
6.583,8.72,15.303
5.308,7.984,13.292
2.625,7.688,10.313
6.379,6.379,12.758
9.074,3.419,12.493
9.125,4.435,13.56
3.759,5.655,9.414
5.315,9.335,14.65
6.117,2.447,8.564
3.969,1.749,5.718
1.426,9.645,11.071
3.893,0.259,4.152
5.664,6.04,11.704
8.855,7.629,16.484
0.061,7.02,7.082
6.574,6.632,13.206
3.822,2.483,6.305
0.92,3.939,4.859
5.904,1.086,6.99
4.888,9.85,14.738
5.777,6.507,12.283
7.232,0.483,7.715
9.848,2.353,12.201
7.189,7.365,14.554
1.481,6.323,7.804
0.257,6.687,6.944
5.285,2.885,8.17
6.659,2.138,8.797
3.585,1.26,4.845
2.403,6.633,9.037
4.739,3.691,8.431
5.265,1.264,6.529
4.493,5.482,9.976
4.712,9.245,13.957
8.822,9.302,18.125
8.911,6.957,15.869
0.951,1.765,2.715
7.45,4.521,11.971
7.608,5.689,13.297
8.411,8.625,17.035
3.929,7.774,11.702
9.897,5.528,15.425
8.559,2.505,11.064
9.827,3.495,13.322
8.522,7.728,16.25
3.696,4.237,7.934
2.832,7.457,10.289
4.595,6.252,10.847
6.153,5.116,11.269
8.931,7.883,16.813
8.69,5.529,14.219
4.119,3.079,7.198
8.611,0.185,8.796
5.637,4.034,9.67
9.34,8.084,17.424
0.284,0.19,0.474
2.994,2.611,5.605
0.722,4.98,5.702
3.403,4.437,7.84
6.846,9.077,15.923
1.638,4.766,6.404
0.715,4.127,4.842
7.337,3.655,10.992
8.562,7.586,16.148
5.295,0.97,6.264
3.985,5.253,9.238
8.872,0.161,9.032
4.137,7.068,11.205
1.216,9.076,10.292
0.219,4.594,4.813
5.333,4.825,10.158
5.353,4.266,9.618
7.176,9.139,16.316
2.791,8.905,11.696
8.184,8.244,16.428
9.189,4.315,13.504
7.881,0.919,8.8
1.391,2.744,4.135
4.63,4.662,9.292
3.248,4.686,7.935
0.439,8.185,8.624
3.044,3.856,6.9
9.765,0.291,10.056
6.178,1.569,7.748
7.147,5.761,12.909
3.902,9.666,13.569
8.62,5.05,13.67
2.084,4.346,6.43
0.4,9.96,10.36
9.064,7.015,16.079
0.454,8.373,8.827
2.838,3.734,6.572
2.736,3.12,5.856
8.324,2.002,10.326
3.598,8.242,11.84
6.006,4.457,10.463
6.926,2.51,9.436
9.773,4.234,14.007
2.746,0.967,3.713
7.813,7.16,14.973
2.651,1.553,4.204
6.776,0.184,6.96
5.423,6.245,11.668
2.577,6.268,8.844
3.973,5.144,9.116
1.42,2.697,4.117
9.941,6.927,16.868
2.713,3.526,6.239
0.979,0.751,1.73
5.179,3.795,8.974
3.012,7.358,10.37
0.871,4.487,5.358
4.823,2.454,7.277
7.476,4.412,11.888
6.664,4.746,11.41
2.813,7.457,10.271
6.547,4.388,10.935
7.115,4.613,11.729
1.45,8.039,9.49
0.59,5.722,6.311
5.633,4.535,10.167
5.438,2.922,8.361
6.757,5.231,11.988
7.605,4.439,12.043
9.807,9.826,19.633
1.112,2.046,3.158
7.398,4.123,11.521
5.311,9.085,14.395
6.134,5.9,12.034
6.944,2.019,8.963
0.012,4.903,4.915
8.882,0.876,9.758
3.257,3.448,6.706
2.549,8.468,11.017
4.432,3.968,8.399
3.069,5.178,8.247
5.333,1.526,6.858
5.666,0.546,6.212
2.335,9.15,11.485
8.045,1.397,9.442
6.772,6.091,12.862
0.531,4.324,4.854
9.171,2.855,12.026
0.639,3.519,4.159
5.878,9.733,15.611
5.218,8.469,13.687
4.421,0.757,5.178
2.697,4.03,6.727
5.424,3.199,8.623
6.422,0.108,6.53
6.438,7.611,14.049
2.316,2.893,5.209
4.195,5.175,9.37
9.608,0.786,10.393
8.843,4.182,13.025
5.987,8.488,14.475
9.748,4.063,13.811
6.027,8.697,14.724
3.515,1.329,4.844
6.2,7.059,13.259
9.242,1.308,10.55
0.95,2.692,3.642
5.109,1.07,6.178
3.15,2.29,5.44
7.886,4.411,12.297
4.652,4.275,8.928
0.049,3.416,3.465
8.135,6.235,14.369
6.336,0.695,7.031
2.188,4.663,6.852
7.363,3.215,10.577
4.183,7.76,11.942
5.045,1.626,6.671
2.192,3.292,5.484
9.366,7.834,17.2
2.598,5.468,8.066
2.212,6.197,8.409
9.551,9.298,18.85
9.144,3.913,13.057
3.265,5.468,8.734
4.578,3.899,8.477
0.577,1.048,1.625
7.834,9.835,17.669
3.43,0.19,3.62
0.803,7.576,8.38
6.402,2.398,8.801
2.848,8.567,11.415
7.875,9.494,17.37
6.502,7.669,14.17
8.923,6.27,15.193
5.457,2.249,7.706
6.728,8.602,15.33
1.174,1.697,2.871
5.744,3.029,8.773
4.252,6.467,10.719
0.241,4.816,5.057
6.378,8.258,14.636
7.083,6.841,13.924
8.061,5.229,13.29
8.737,3.754,12.491
2.509,6.149,8.658
7.382,2.968,10.35
1.19,8.623,9.813
0.937,6.66,7.596
9.649,6.993,16.641
9.872,6.594,16.466
8.009,7.027,15.036
0.69,1.09,1.78
9.873,5.314,15.187
7.686,0.946,8.632
9.3,0.828,10.128
5.821,6.101,11.921
1.151,4.985,6.136
0.377,3.925,4.301
2.339,3.478,5.816
6.162,4.164,10.326
7.802,4.462,12.264
1.493,7.514,9.007
6.476,3.607,10.084
0.301,2.884,3.184
4.703,1.183,5.886
7.129,8.49,15.619
1.235,7.99,9.225
5.29,4.807,10.096
8.389,3.944,12.333
2.643,3.362,6.005
9.856,4.815,14.671
9.893,5.331,15.224
0.105,3.362,3.467
0.069,7.411,7.48
1.417,5.799,7.215
0.862,5.159,6.021
8.334,9.023,17.357
7.573,8.437,16.01
6.171,4.696,10.867
6.779,1.776,8.555
8.475,7.247,15.722
2.546,5.098,7.644
1.362,7.09,8.452
4.674,7.825,12.499
8.108,4.203,12.311
1.409,1.275,2.684
7.416,2.79,10.206
0.65,3.164,3.815
1.618,3.764,5.381
7.003,3.104,10.108
0.67,7.147,7.817
9.975,6.877,16.852
8.418,5.769,14.187
2.242,0.273,2.515
8.215,3.045,11.26
5.291,2.486,7.777
3.777,6.166,9.943
9.098,1.601,10.7
7.469,9.448,16.917
4.991,9.599,14.59
0.968,2.061,3.029
7.077,2.506,9.583
8.985,4.562,13.547
0.9,7.179,8.079
7.859,3.282,11.141
0.523,0.773,1.296
4.06,6.743,10.803
5.498,7.137,12.636
2.833,6.007,8.839
2.133,1.732,3.865
6.022,7.148,13.17
7.128,6.9,14.027
6.641,5.94,12.581
1.176,0.66,1.837
1.171,0.5,1.671
2.36,4.413,6.773
1.597,3.962,5.559
8.685,1.432,10.117
9.792,5.41,15.202
5.749,1.992,7.741
0.324,2.221,2.545
3.726,7.785,11.511
4.215,6.536,10.751
1.723,6.219,7.941
1.921,2.524,4.445
2.573,0.386,2.959
8.101,9.672,17.773
1.596,6.487,8.083
9.556,2.615,12.171
2.01,8.361,10.371
7.533,6.158,13.69
3.442,8.616,12.058
4.238,9.936,14.175
1.862,6.752,8.614
7.796,2.612,10.407
0.94,4.997,5.937
9.584,9.631,19.216
2.878,8.421,11.299
2.534,2.546,5.08
6.705,1.574,8.279
7.536,3.204,10.739
1.068,7.695,8.762
0.091,9.082,9.174
8.332,9.443,17.775
6.106,5.409,11.515
0.196,2.078,2.274
0.332,3.624,3.956
0.317,8.214,8.531
3.644,1.736,5.38
9.678,8.768,18.446
9.085,9.93,19.015
5.874,7.77,13.644
8.077,0.195,8.271
4.871,2.084,6.955
3.33,8.649,11.98
4.281,9.447,13.729
2.105,8.686,10.791
0.39,3.13,3.52
0.087,3.405,3.492
8.159,7.782,15.941
8.873,7.447,16.321
3.113,9.049,12.162
2.015,4.991,7.006
1.143,6.089,7.232
4.205,2.379,6.584
8.188,9.701,17.889
2.534,6.772,9.306
8.462,0.94,9.402
7.91,9.084,16.995
8.852,7.21,16.062
8.386,1.112,9.498
3.101,4.654,7.755
3.86,5.991,9.85
5.932,4.191,10.123
9.432,5.552,14.984
1.998,1.748,3.747
9.749,3.108,12.857
8.192,9.021,17.213
5.425,7.149,12.574
1.342,4.574,5.916
1.492,5.987,7.479
9.168,8.816,17.985
0.876,5.98,6.857
7.402,2.996,10.398
8.455,6.683,15.138
7.548,5.074,12.622
7.824,7.898,15.722
3.498,7.145,10.643
0.947,1.943,2.889
1.278,9.629,10.906
5.033,8.767,13.8
5.098,6.201,11.299
9.242,1.062,10.303
6.897,1.326,8.223
1.612,9.819,11.43
9.615,7.009,16.625
5.947,2.912,8.86
4.171,3.16,7.33
9.911,9.861,19.773
2.128,0.743,2.87
9.774,3.108,12.882
4.287,4.676,8.963
5.114,6.839,11.953
9.677,3.739,13.416
6.042,2.522,8.564
0.438,7.084,7.522
4.769,0.391,5.161
1.49,9.209,10.699
4.143,2.169,6.312
1.814,9.468,11.282
5.341,0.392,5.733
3.732,9.537,13.27
5.519,6.5,12.019
9.648,0.438,10.086
5.544,2.885,8.429
8.346,9.723,18.069
8.885,1.211,10.097
4.611,7.533,12.144
1.863,0.096,1.958
0.235,2.054,2.289
0.109,5.931,6.04
8.388,4.253,12.641
7.499,7.885,15.384
0.223,8.935,9.159
5.571,7.8,13.371
1.359,3.683,5.042
8.846,9.121,17.967
1.375,1.358,2.734
3.728,2.298,6.026
6.021,8.108,14.129
2.48,6.825,9.305
4.303,7.613,11.916
4.41,0.924,5.334
3.959,1.004,4.963
5.253,8.638,13.891
4.212,3.525,7.737
2.981,6.906,9.887
5.925,3.6,9.525
7.802,4.868,12.67
3.375,6.415,9.79
5.187,8.317,13.504
6.888,9.286,16.174
3.067,1.335,4.403
3.564,1.905,5.469
1.621,0.331,1.952
4.385,9.211,13.596
1.692,9.373,11.064
0.61,6.55,7.16
7.803,3.911,11.714
3.735,9.285,13.02
5.644,0.057,5.701
1.817,7.42,9.236
0.345,0.778,1.123
9.999,3.96,13.959
8.995,8.296,17.291
6.292,0.908,7.2
8.966,0.205,9.171
8.058,4.38,12.438
3.736,2.277,6.013
1.406,5.257,6.664
3.189,3.871,7.06
2.676,1.464,4.14
3.172,3.012,6.184
4.564,0.104,4.668
4.092,6.721,10.813
7.532,3.083,10.615
4.135,6.005,10.14
9.622,8.914,18.536
5.674,4.963,10.637
8.933,1.382,10.315
1.501,0.591,2.092
5.234,8.736,13.97
4.729,3.161,7.89
0.157,6.194,6.351
9.228,9.572,18.8
3.761,8.255,12.017
1.713,8.87,10.583
0.491,0.195,0.686
9.769,0.455,10.224
2.149,5.453,7.603
4.919,0.593,5.511
6.895,2.995,9.891
7.435,0.133,7.567
6.552,7.117,13.669
6.071,1.13,7.201
3.85,6.357,10.207
8.563,2.328,10.891
4.312,5.447,9.759
8.691,7.06,15.751
6.293,9.279,15.572
8.272,5.99,14.262
1.674,4.513,6.188
2.579,8.222,10.802
7.192,8.931,16.123
7.179,9.172,16.351
8.642,3.457,12.099
7.783,6.922,14.705
6.734,9.641,16.375
4.491,8.415,12.906
9.836,6.132,15.967
0.512,2.003,2.515
2.419,4.384,6.803
8.241,0.55,8.79
2.242,5.166,7.408
4.584,3.976,8.561
9.021,7.266,16.287
4.739,4.437,9.176
4.625,8.142,12.767
8.175,2.481,10.656
9.131,2.107,11.238
7.599,1.241,8.84
5.742,5.255,10.997
6.199,9.665,15.865
4.22,7.508,11.727
8.096,7.88,15.976
6.605,9.841,16.446
7.895,8.817,16.712
4.87,1.13,5.999
2.54,8.411,10.951
2.363,3.518,5.88
9.152,6.887,16.039
4.866,0.534,5.4
9.347,8.295,17.642
9.84,7.65,17.49
9.816,6.32,16.135
4.485,8.81,13.294
5.237,3.207,8.443
6.997,2.587,9.584
2.409,8.752,11.161
4.752,1.963,6.716
6.367,4.26,10.627
2.105,5.188,7.293
5.621,4.77,10.391
8.106,4.979,13.085
4.814,0.918,5.733
7.544,4.082,11.626
1.795,7.44,9.236
4.016,5.837,9.853
2.653,3.284,5.937
2.986,9.685,12.671
5.161,9.937,15.098
2.663,0.373,3.036
1.432,9.981,11.414
7.551,7.966,15.517
4.605,8.176,12.781
7.436,9.563,16.999
6.078,8.986,15.064
6.615,0.571,7.186
6.892,8.755,15.647
4.011,2.73,6.741
2.174,6.655,8.829
1.655,5.34,6.995
3.229,7.343,10.572
1.473,0.996,2.468
8.769,7.963,16.732
6.836,7.528,14.364
8.329,7.939,16.268
5.305,9.121,14.426
4.823,1.935,6.759
2.311,5.17,7.481
6.958,8.287,15.245
2.401,6.628,9.029
7.909,4.12,12.029
9.45,2.211,11.661
1.19,9.03,10.22
8.07,4.533,12.603
8.375,0.325,8.7
5.863,7.715,13.578
5.818,6.907,12.725
4.408,5.546,9.954
2.457,8.857,11.314
0.482,3.706,4.188
2.818,2.095,4.912
6.837,0.902,7.739
7.657,0.25,7.907
1.05,0.174,1.225
7.182,7.34,14.522
9.78,1.732,11.512
9.503,2.424,11.927
8.308,3.455,11.763
5.3,0.771,6.071
4.815,6.315,11.131
6.125,3.41,9.535
4.842,4.269,9.112
9.647,6.318,15.965
5.36,0.615,5.975
7.038,3.171,10.209
5.872,2.178,8.05
3.53,7.935,11.465
9.103,9.716,18.819
5.805,1.051,6.856
0.126,7.875,8.002
3.547,5.767,9.315
1.699,5.199,6.898
1.567,4.31,5.876
4.23,8.758,12.988
5.319,2.478,7.797
9.843,1.464,11.307
5.462,6.332,11.794
7.747,5.572,13.319
4.13,4.21,8.34
9.066,0.989,10.056
6.361,8.059,14.42
1.095,3.581,4.676
9.047,4.746,13.793
4.273,3.497,7.769
9.922,9.353,19.275
0.517,5.338,5.854
3.05,8.5,11.55
1.539,6.778,8.318
9.93,8.327,18.257
5.831,8.179,14.01
9.43,8.002,17.431
1.547,1.991,3.538
9.903,3.753,13.656
9.254,2.97,12.224
8.888,8.098,16.986
4.851,1.031,5.882
6.07,4.54,10.609
3.362,6.649,10.011
3.313,0.994,4.307
3.316,6.29,9.606
9.526,3.521,13.046
5.72,4.572,10.292
9.935,9.028,18.963
9.14,1.074,10.214
8.814,4.091,12.905
4.029,5.785,9.814
9.75,8.336,18.086
3.425,5.807,9.231
9.32,2.215,11.534
3.343,5.876,9.22
5.354,6.854,12.208
8.817,8.072,16.889
5.188,3.26,8.447
6.062,0.682,6.745
5.201,3.549,8.75
0.435,3.765,4.201
0.801,2.388,3.189
1.942,3.142,5.084
0.496,1.662,2.158
6.969,0.21,7.179
8.859,9.804,18.663
5.137,2.741,7.878
6.531,1.26,7.791
8.041,4.46,12.501
5.341,6.381,11.722
1.144,1.265,2.409
3.201,9.394,12.596
3.912,7.486,11.399
7.77,9.054,16.824
9.336,8.182,17.519
1.136,1.525,2.661
2.541,2.687,5.228
1.432,5.295,6.727
7.47,3.527,10.997
1.075,5.61,6.685
8.619,7.031,15.65
6.447,9.847,16.294
8.498,1.11,9.608
6.41,3.708,10.118
1.966,7.896,9.863
5.607,9.802,15.409
8.659,9.022,17.681
2.861,2.176,5.036
3.218,0.828,4.046
3.039,3.444,6.483
8.467,5.069,13.535
6.349,1.389,7.738
6.063,6.092,12.155
5.882,1.837,7.719
1.385,1.7,3.085
7.695,8.175,15.869
3.947,8.098,12.045
3.556,8.355,11.912
5.638,0.132,5.77
0.098,9.119,9.216
5.673,1.741,7.414
3.844,5.896,9.74
7.636,7.941,15.576
7.314,7.033,14.347
7.402,4.202,11.603
5.28,8.415,13.695
3.58,6.342,9.922
9.288,8.258,17.547
5.285,4.92,10.205
7.25,1.115,8.366
7.652,3.959,11.61
9.012,5.257,14.27
1.626,1.687,3.313
8.52,3.571,12.091
9.961,6.948,16.908
9.534,3.754,13.288
9.4,8.38,17.779
3.219,9.772,12.991
9.829,3.086,12.916
6.755,9.578,16.333
2.927,8.846,11.773
6.972,2.872,9.843
4.699,7.142,11.841
9.789,1.719,11.508
8.024,2.829,10.852
2.267,2.857,5.124
8.86,8.644,17.504
5.362,2.615,7.977
3.44,4.383,7.823
8.1,8.992,17.091
2.533,9.435,11.968
6.157,0.63,6.788
1.958,7.62,9.577
1.531,5.532,7.063
5.262,3.948,9.211
0.679,0.438,1.117
4.615,4.719,9.334
7.408,9.336,16.744
3.792,6.996,10.788
4.547,4.083,8.629
0.239,7.143,7.382
0.466,6.633,7.099
9.376,7.895,17.271
0.979,0.113,1.092
3.87,4.783,8.653
5.715,6.082,11.797
5.3,1.623,6.923
5.925,6.999,12.924
5.309,5.893,11.202
2.422,0.512,2.935
4.996,2.09,7.086
7.523,0.536,8.059
8.888,4.532,13.42
5.084,3.582,8.666
5.932,6.492,12.424
8.188,3.386,11.574
5.732,2.021,7.753
4.283,4.622,8.905
1.779,3.597,5.376
7.767,5.043,12.81
3.414,3.114,6.528
9.808,7.303,17.11
5.953,9.994,15.947
3.925,2.025,5.95
1.577,9.813,11.39
9.736,2.231,11.966
8.446,9.86,18.306
6.347,7.853,14.2
0.273,8.68,8.953
7.29,5.343,12.633
7.051,4.093,11.144
2.771,7.125,9.895
1.007,1.699,2.705
8.437,0.925,9.362
1.817,2.403,4.219
1.173,3.12,4.292
4.986,2.077,7.063
5.018,0.304,5.322
4.482,5.59,10.072
7.774,3.895,11.669
1.779,6.73,8.509
7.902,7.566,15.468
2.725,6.671,9.396
9.428,2.495,11.923
8.759,2.476,11.234
3.664,6.691,10.354
4.91,9.807,14.717
7.047,4.134,11.18
7.366,8.014,15.379
8.808,0.021,8.829
9.389,5.004,14.393
8.193,0.981,9.174
1.877,8.337,10.214
7.493,1.488,8.981
2.275,4.714,6.989
8.953,0.7,9.653
2.896,1.802,4.697
5.7,4.89,10.589
7.385,5.578,12.963
4.065,3.015,7.079
3.945,6.11,10.055
9.439,9.848,19.287
3.193,9.244,12.437
1.654,2.232,3.886
6.961,3.499,10.46
0.929,6.327,7.256
0.721,4.482,5.203
0.957,7.92,8.877
7.644,0.085,7.729
9.473,0.869,10.342
6.025,1.602,7.627
9.187,5.986,15.173
1.563,0.126,1.689
4.347,2.604,6.951
2.7,0.034,2.734
3.199,9.808,13.007
9.255,5.051,14.307
6.899,2.166,9.065
7.021,2.971,9.993
4.542,6.979,11.52
3.031,5.71,8.741
4.665,8.123,12.788
3.904,0.066,3.971
3.488,1.456,4.944
5.277,5.973,11.25
7.649,5.869,13.518
8.178,0.544,8.722
8.108,5.394,13.503
6.686,7.997,14.683
4.231,0.377,4.608
7.766,8.445,16.211
0.249,9.1,9.349
8.19,4.991,13.181
7.646,8.189,15.835
4.029,9.182,13.211
3.295,3.166,6.461
5.1,4.085,9.186
8.861,2.95,11.811
6.898,8.048,14.946
0.245,2.681,2.926
7.587,7.254,14.841
1.477,0.878,2.355
5.362,2.013,7.375
8.962,4.425,13.387
5.92,1.502,7.422
7.182,0.505,7.687
2.415,8.565,10.98
1.166,4.846,6.012
5.806,9.657,15.462
1.006,7.37,8.376
4.56,6.035,10.595
9.167,6.976,16.143
4.139,2.975,7.114
1.94,5.827,7.767
6.948,5.426,12.374
7.055,0.598,7.653
9.444,1.815,11.259
1.004,7.203,8.207
2.079,8.151,10.229
0.246,6.161,6.407
1.575,5.537,7.112
6.071,3.102,9.172
5.999,1.32,7.319
6.763,6.649,13.412
7.249,9.818,17.067
9.973,8.578,18.551
5.424,5.853,11.278
0.595,1.37,1.966
9.767,4.41,14.176
1.459,3.217,4.675
7.036,7.281,14.317
1.67,0.093,1.763
5.804,1.099,6.903
8.002,9.745,17.747
2.642,2.717,5.36
0.73,5.917,6.647
0.319,9.273,9.592
4.104,0.831,4.935
2.826,4.503,7.329
8.623,8.308,16.931
5.681,9.933,15.614
2.853,3.755,6.608
5.385,1.986,7.371
4.217,3.213,7.43
9.524,1.036,10.56
5.196,0.664,5.86
7.457,4.079,11.536
9.058,8.077,17.134
7.816,4.497,12.313
9.699,6.986,16.685
1.692,6.653,8.346
3.804,7.057,10.861
5.138,9.229,14.368
1.641,5.891,7.532
8.383,0.258,8.641
6.222,8.767,14.989
9.627,1.142,10.769
7.458,1.845,9.303
5.977,5.355,11.332
5.851,0.283,6.134
1.35,8.459,9.808
2.309,3.872,6.181
4.383,3.339,7.722
7.578,4.31,11.888
5.682,8.508,14.19
8.491,9.043,17.534
8.826,6.152,14.978
6.416,4.479,10.895
2.982,6.253,9.235
7.739,0.514,8.253
6.817,6.19,13.007
1.257,2.616,3.873
7.023,0.588,7.611
2.884,6.618,9.502
5.547,7.447,12.994
2.998,8.536,11.534
8.566,6.785,15.351
5.7,1.224,6.924
5.004,6.168,11.172
8.174,5.208,13.382
8.094,9.477,17.571
4.866,6.435,11.301
7.275,3.577,10.852
2.288,4.21,6.498
7.127,7.405,14.532
8.261,8.911,17.172
2.468,6.257,8.725
8.678,9.112,17.79
7.528,4.071,11.599
9.58,7.494,17.073
9.556,3.649,13.205
3.633,7.666,11.299
6.551,0.895,7.446
2.549,4.585,7.135
3.092,9.602,12.693
1.303,1.338,2.64
3.972,2.395,6.367
5.981,2.088,8.069
8.161,7.734,15.895
4.991,4.257,9.248
3.896,8.294,12.19
9.071,8.45,17.52
3.93,3.05,6.979
2.725,8.824,11.549
8.408,9.438,17.847
9.489,0.967,10.456
1.13,9.63,10.761
0.021,6.14,6.161
4.304,0.652,4.956
7.924,4.848,12.772
0.699,9.607,10.306
8.229,5.278,13.507
7.379,7.795,15.174
2.886,9.622,12.508
0.019,6.227,6.245
9.409,1.576,10.986
2.414,8.569,10.983
9.307,3.214,12.521
8.979,8.184,17.163
2.988,5.984,8.972
9.787,9.439,19.227
9.235,5.715,14.95
9.014,5.018,14.032
8.642,2.133,10.774
4.636,6.906,11.542
1.49,3.365,4.856
0.931,6.859,7.79
4.385,6.06,10.445
3.584,5.979,9.564
5.328,8.969,14.297
2.422,0.34,2.763
7.902,1.413,9.315
5.443,8.001,13.444
3.831,9.859,13.69
2.122,2.01,4.133
2.613,4.081,6.694
5.835,4.371,10.206
7.602,7.853,15.455
8.829,6.209,15.039
1.962,7.521,9.483
2.455,2.752,5.207
7.539,9.306,16.845
3.207,4.872,8.079
7.299,4.289,11.589
5.673,1.048,6.721
8.41,5.571,13.98
3.772,5.488,9.26
1.338,7.597,8.936
0.762,9.228,9.99
2.59,0.7,3.291
1.038,8.794,9.833
4.647,0.81,5.458
5.303,4.837,10.141
0.797,3.295,4.092
0.065,7.274,7.339
7.74,6.483,14.224
7.943,1.375,9.318
7.914,5.228,13.142
5.165,3.892,9.057
9.044,3.731,12.775
9.016,2.747,11.763
7.16,9.526,16.685
7.076,0.231,7.306
8.04,9.459,17.499
1.794,1.069,2.863
0.097,8.464,8.561
7.52,6.779,14.3
9.29,4.935,14.225
5.697,3.229,8.926
0.012,8.516,8.528
3.398,4.483,7.881
1.16,0.761,1.921
1.581,9.031,10.611
4.447,9.724,14.171
9.616,8.854,18.469
7.417,8.265,15.681
2.956,4.238,7.194
1.077,0.846,1.923
2.161,0.606,2.768
3.443,8.689,12.132
6.467,1.045,7.513
5.822,9.471,15.293
3.23,8.366,11.596
0.431,5.982,6.413
8.675,0.496,9.171
1.088,2.18,3.268
8.384,8.452,16.836
4.049,6.534,10.584
1.066,5.187,6.254
7.769,4.816,12.585
0.985,8.721,9.707
8.603,3.954,12.557
5.152,5.493,10.645
8.591,5.569,14.159
6.532,8.648,15.18
5.45,1.121,6.571
2.944,9.079,12.022
8.036,8.009,16.045
8.689,4.874,13.563
8.478,5.458,13.937
9.895,1.317,11.211
4.301,0.483,4.785
7.079,0.836,7.915
2.234,0.06,2.295
0.45,0.755,1.205
3.442,8.987,12.429
4.955,5.862,10.817
8.843,3.575,12.418
3.642,4.885,8.527
0.276,5.913,6.189
8.825,5.178,14.003
1.739,4.396,6.135
2.264,8.859,11.123
7.866,1.464,9.33
2.648,8.089,10.737
8.786,7.209,15.995
9.596,5.363,14.96
7.367,7.227,14.594
7.867,4.758,12.625
6.252,2.725,8.977
0.189,1.15,1.339
0.343,2.677,3.02
8.878,3.305,12.183
4.89,3.723,8.613
3.366,4.922,8.288
0.585,3.478,4.063
2.661,6.782,9.443
8.843,2.466,11.31
1.022,1.01,2.032
9.39,2.903,12.293
1.543,7.673,9.216
7.778,7.313,15.092
8.817,8.677,17.495
8.705,4.122,12.827
4.688,2.67,7.358
9.696,9.427,19.123
4.394,8.674,13.067
2.137,5.963,8.1
3.391,2.764,6.154
5.39,4.168,9.558
6.038,2.385,8.423
7.311,5.049,12.359
5.762,3.147,8.909
6.191,5.729,11.92
1.606,6.348,7.954
3.675,8.133,11.808
5.836,9.583,15.42
0.822,0.993,1.816
9.705,6.567,16.272
2.947,7.505,10.452
0.16,8.805,8.965
1.115,2.195,3.31
7.652,1.589,9.241
8.495,0.038,8.533
3.653,4.156,7.809
7.133,0.613,7.746
4.098,2.768,6.866
0.26,1.085,1.344
4.77,9.106,13.876
7.132,2.415,9.547
4.183,2.308,6.49
5.592,3.015,8.607
7.031,9.654,16.685
8.835,2.307,11.142
6.075,2.749,8.824
5.893,5.362,11.256
5.273,1.138,6.411
8.402,2.305,10.707
8.822,4.034,12.856
5.828,7.726,13.553
0.169,1.035,1.204
5.327,4.691,10.018
5.315,3.096,8.411
1.207,2.87,4.077
0.166,2.087,2.253
9.521,5.554,15.075
5.691,5.052,10.743
4.359,2.05,6.409
0.204,0.747,0.951
1.965,4.022,5.987
0.615,1.325,1.94
4.903,6.656,11.559
6.806,9.687,16.493
0.062,7.424,7.486
7.464,3.562,11.026
8.361,1.772,10.133
2.336,5.395,7.73
5.028,7.089,12.117
6.411,1.435,7.846
4.884,3.838,8.721
4.914,3.328,8.242
9.877,0.003,9.88
8.29,0.9,9.19
4.492,5.688,10.18
4.689,5.186,9.875
0.026,8.88,8.906
1.583,3.636,5.219
2.573,0.945,3.519
1.29,0.8,2.09
5.444,9.504,14.948
2.29,1.318,3.608
6.823,4.374,11.197
7.606,3.141,10.747
5.164,7.788,12.952
6.114,3.51,9.623
7.105,8.34,15.446
3.197,4.717,7.914
4.146,8.637,12.783
8.379,7.868,16.248
5.477,0.251,5.728
6.734,2.912,9.646
5.577,7.781,13.358
5.119,4.451,9.57
7.255,1.257,8.513
9.778,9.984,19.762
7.843,0.319,8.162
6.113,3.905,10.018
1.28,9.549,10.829
2.817,2.188,5.005
9.892,5.065,14.957
2.667,2.207,4.874
9.861,1.565,11.426
5.026,4.164,9.19
4.494,5.066,9.561
8.566,8.079,16.645
6.214,8.632,14.846
6.431,0.4,6.832
7.158,7.394,14.553
3.75,3.34,7.091
1.883,3.823,5.706
4.845,1.191,6.036
8.073,3.055,11.129
4.754,5.286,10.041
5.097,9.653,14.75
0.452,3.108,3.559
5.205,2.088,7.293
8.985,8.72,17.706
0.438,3.924,4.362
5.532,2.102,7.634
8.628,5.448,14.076
2.408,1.487,3.896
0.162,6.622,6.783
8.226,5.026,13.253
4.498,7.222,11.72
6.844,6.047,12.891
0.799,0.502,1.302
5.713,3.244,8.957
8.579,9.096,17.675
5.997,3.722,9.719
5.931,9.218,15.149
5.057,5.434,10.491
0.431,5.152,5.583
7.399,7.641,15.041
3.822,1.458,5.281
7.207,7.988,15.195
7.952,1.121,9.073
9.964,0.918,10.882
7.987,0.105,8.092
5.24,5.43,10.67
1.29,3.997,5.288
2.692,0.501,3.192
4.817,7.758,12.576
1.165,8.316,9.481
9.169,0.413,9.583
4.817,3.074,7.892
7.703,4.583,12.286
2.274,5.92,8.195
6.523,0.758,7.281
2.717,1.25,3.967
8.439,6.967,15.405
8.316,9.938,18.254
0.676,6.167,6.844
2.539,6.585,9.124
3.155,1.758,4.913
0.696,3.293,3.989
1.904,7.453,9.356
0.646,4.259,4.905
1.571,9.939,11.51
6.389,0.684,7.073
6.737,8.752,15.49
9.481,2.578,12.059
4.923,8.39,13.313
1.746,0.997,2.743
8.544,3.971,12.515
1.74,1.889,3.629
8.6,7.024,15.624
2.061,4.393,6.453
4.334,5.041,9.375
6.7,8.664,15.364
0.727,3.559,4.286
3.136,9.774,12.91
2.005,8.248,10.253
6.38,2.396,8.776
0.907,0.078,0.986
9.452,8.417,17.869
2.376,7.456,9.832
9.473,6.256,15.729
5.176,7.195,12.371
3.618,7.457,11.074
3.422,1.66,5.082
1.256,5.91,7.165
8.884,2.944,11.828
7.944,3.389,11.333
6.79,4.14,10.93
1.508,0.983,2.49
8.623,0.113,8.736
0.96,2.205,3.165
1.963,1.209,3.172
0.168,4.358,4.526
2.01,7.733,9.743
0.974,3.676,4.65
2.949,1.231,4.18
4.986,3.081,8.067
4.734,6.465,11.199
7.706,5.84,13.546
9.741,3.626,13.367
4.14,3.934,8.074
8.442,3.268,11.71
4.568,3.91,8.478
3.211,0.199,3.41
7.425,9.035,16.459
7.93,4.313,12.244
1.316,2.528,3.844
0.925,6.692,7.617
2.541,5.508,8.048
8.924,9.646,18.57
9.332,3.341,12.673
1.694,4.937,6.631
9.0,4.73,13.73
0.308,1.59,1.898
1.965,0.43,2.395
9.815,3.185,13.0
2.318,4.178,6.497
8.377,8.362,16.739
2.851,1.956,4.808
8.022,2.513,10.534
8.201,5.391,13.592
3.27,9.549,12.819
8.206,0.55,8.755
4.622,5.131,9.753
8.185,5.147,13.332
8.038,1.992,10.03
9.343,2.19,11.533
7.481,3.226,10.707
7.58,7.678,15.259
1.528,1.369,2.897
5.417,0.722,6.139
6.787,6.997,13.785
0.789,9.564,10.352
2.308,2.685,4.993
1.311,3.707,5.018
9.415,1.665,11.08
7.988,6.87,14.859
9.305,9.336,18.641
0.59,7.8,8.391
3.124,7.395,10.519
7.973,2.512,10.485
2.293,9.957,12.25
3.945,0.858,4.802
2.9,6.17,9.07
1.018,2.944,3.963
1.08,1.28,2.36
8.143,2.809,10.952
8.6,3.938,12.538
3.33,0.49,3.821
1.996,0.859,2.855
2.668,3.792,6.46
0.215,3.351,3.566
4.001,4.418,8.419
2.407,0.559,2.966
9.935,3.059,12.994
7.281,7.227,14.508
0.853,0.601,1.454
7.493,1.085,8.578
0.942,1.624,2.565
1.08,0.319,1.399
8.139,2.903,11.042
9.654,7.344,16.998
1.939,9.104,11.043
9.006,8.719,17.725
9.78,1.145,10.925
8.835,9.739,18.575
0.933,6.579,7.512
1.342,9.902,11.244
2.501,9.242,11.743
0.5,1.679,2.179
7.876,3.206,11.081
3.865,6.681,10.546
5.028,2.193,7.222
2.155,9.125,11.28
3.604,3.19,6.793
4.104,9.331,13.435
6.854,0.497,7.351
2.89,1.301,4.191
7.493,2.205,9.698
7.766,4.08,11.847
6.854,6.236,13.09
8.666,4.987,13.653
1.42,3.387,4.807
9.908,8.999,18.907
4.896,7.732,12.627
6.44,7.854,14.294
5.562,8.05,13.612
3.266,8.89,12.156
3.172,2.464,5.636
6.826,3.812,10.638
6.737,7.417,14.153
8.686,3.982,12.669
7.669,8.633,16.301
9.539,2.558,12.096
1.681,5.945,7.626
0.132,6.607,6.739
2.72,1.458,4.178
4.711,7.292,12.003
7.32,8.755,16.076
9.115,1.443,10.558
0.26,4.636,4.896
9.247,2.182,11.43
1.036,1.484,2.52
4.174,2.107,6.28
1.858,6.435,8.293
8.858,9.729,18.586
6.449,5.583,12.032
6.624,2.87,9.494
6.963,4.975,11.938
2.238,2.841,5.079
0.064,1.627,1.691
2.292,2.366,4.658
3.287,9.687,12.974
0.722,6.8,7.522
8.646,9.225,17.871
3.21,5.758,8.969
5.27,3.674,8.944
2.112,6.866,8.978
9.228,6.775,16.003
0.611,4.379,4.99
6.243,1.62,7.863
8.204,3.207,11.412
5.451,4.014,9.464
8.797,7.141,15.938
2.285,6.871,9.156
7.727,5.515,13.242
6.384,4.708,11.092
3.094,2.65,5.744
8.885,3.98,12.865
2.956,3.326,6.281
8.346,4.715,13.061
5.712,3.587,9.299
2.262,2.947,5.209
7.692,7.155,14.847
5.25,7.297,12.546
0.435,8.44,8.875
7.222,9.352,16.574
6.679,9.354,16.033
2.835,8.338,11.173
0.225,8.994,9.219
1.527,0.941,2.468
3.732,6.927,10.659
1.541,4.953,6.494
0.425,1.97,2.395
7.21,5.31,12.519
0.42,1.211,1.631
4.535,5.774,10.309
6.798,7.639,14.436
3.542,6.223,9.765
2.879,8.422,11.301
8.407,3.41,11.817
8.768,5.653,14.421
6.954,4.844,11.798
3.89,9.078,12.968
1.223,0.572,1.795
8.918,1.202,10.12
5.159,3.817,8.976
9.843,7.08,16.923
5.021,5.288,10.308
6.598,4.105,10.703
5.02,4.454,9.474
0.921,5.203,6.125
8.466,7.572,16.039
6.639,1.135,7.774
2.597,5.849,8.446
6.565,1.369,7.933
5.266,0.392,5.657
4.669,2.866,7.535
6.328,9.303,15.631
4.642,2.074,6.716
9.409,3.294,12.703
1.154,0.853,2.007
9.263,0.692,9.955
4.381,3.151,7.532
5.781,6.446,12.226
9.709,7.851,17.56
6.92,9.46,16.38
7.782,6.633,14.415
7.033,8.043,15.076
3.258,4.932,8.19
1.795,7.896,9.691
6.578,7.716,14.294
1.193,7.631,8.824
9.676,9.723,19.399
9.09,7.633,16.723
2.851,7.151,10.002
7.243,2.022,9.265
5.792,1.894,7.685
4.994,0.888,5.882
9.556,1.507,11.063
0.541,2.819,3.36
3.133,3.619,6.752
1.248,2.528,3.776
8.247,8.74,16.987
0.41,9.436,9.846
7.958,1.008,8.967
7.0,7.339,14.339
7.179,3.341,10.52
0.471,1.546,2.018
8.027,6.671,14.698
7.716,5.84,13.557
1.183,8.794,9.977
9.928,9.16,19.088
5.752,5.57,11.322
0.815,5.086,5.901
8.827,7.774,16.601
1.981,0.191,2.172
6.18,2.488,8.668
1.337,2.903,4.24
3.69,8.845,12.536
0.942,4.573,5.515
4.432,5.624,10.056
3.852,7.389,11.241
8.021,0.5,8.521
9.816,7.925,17.741
5.085,3.189,8.274
4.74,0.275,5.015
6.057,8.682,14.739
4.217,0.823,5.04
1.604,3.173,4.777
4.708,5.075,9.783
0.257,9.392,9.65
4.175,7.895,12.069
0.47,4.207,4.677
2.548,2.756,5.304
9.161,7.303,16.464
2.293,0.842,3.136
8.706,8.144,16.849
9.246,6.233,15.479
8.689,3.376,12.065
5.456,5.803,11.26
1.453,4.015,5.468
8.745,5.018,13.763
5.081,0.472,5.553
1.095,7.544,8.639
7.891,0.522,8.413
0.074,4.049,4.123
2.99,0.298,3.287
6.634,3.835,10.469
0.009,5.83,5.838
8.794,3.594,12.389
9.096,1.227,10.323
2.168,3.845,6.013
3.427,1.474,4.901
0.232,2.325,2.557
7.233,4.064,11.296
0.367,7.934,8.301
1.298,6.44,7.738
1.875,8.495,10.37
1.967,8.636,10.603
1.934,2.542,4.476
2.29,3.872,6.162
1.281,2.35,3.631
5.825,3.62,9.445
7.404,6.22,13.624
9.083,7.978,17.061
9.589,5.198,14.788
6.188,0.463,6.651
4.116,5.961,10.078
6.655,1.628,8.282
3.427,5.692,9.119
7.952,4.215,12.167
5.646,5.105,10.751
3.963,7.957,11.92
2.577,4.719,7.296
9.205,0.636,9.842
6.685,0.052,6.736
6.81,7.744,14.554
3.065,4.289,7.354
9.138,2.379,11.517
1.154,0.321,1.475
3.456,9.314,12.769
7.415,3.63,11.044
5.3,7.762,13.061
0.221,6.337,6.558
4.321,1.617,5.938
1.72,8.47,10.19
1.936,3.185,5.121
0.353,1.461,1.815
1.658,4.139,5.797
2.852,2.764,5.616
0.498,6.209,6.707
7.974,2.854,10.827
2.275,7.488,9.763
9.824,6.455,16.279
2.121,9.518,11.639
9.948,6.364,16.312
2.134,8.808,10.942
9.398,7.168,16.566
4.826,3.945,8.772
3.402,0.245,3.647
4.964,6.945,11.908
6.207,7.788,13.996
4.473,0.247,4.72
6.3,4.311,10.61
2.29,1.19,3.48
4.727,6.918,11.645
8.959,3.243,12.202
3.81,5.645,9.456
5.275,4.064,9.339
2.023,7.401,9.425
2.119,2.983,5.102
2.701,5.222,7.923
4.136,7.05,11.186
2.041,2.294,4.335
2.995,8.276,11.271
1.435,0.694,2.129
1.411,5.707,7.118
3.93,0.166,4.096
2.382,7.818,10.2
7.606,4.666,12.272
8.016,8.84,16.856
7.721,4.29,12.011
1.673,1.541,3.214
2.263,9.127,11.39
3.627,9.622,13.249
6.103,6.415,12.518
9.597,5.341,14.937
2.811,9.403,12.214
8.407,1.158,9.565
4.147,9.73,13.876
6.155,0.68,6.835
9.677,4.184,13.86
1.439,5.871,7.31
3.665,4.333,7.998
8.072,0.525,8.596
2.834,1.064,3.898
9.836,8.613,18.448
5.612,7.303,12.915
6.681,3.176,9.857
8.398,9.37,17.768
8.688,7.276,15.964
7.227,1.794,9.02
5.48,9.462,14.941
3.91,7.982,11.891
6.44,5.196,11.636
5.41,2.475,7.884
7.096,4.857,11.954
2.169,3.507,5.677
1.623,8.006,9.629
0.896,9.079,9.975
2.338,5.957,8.295
6.333,6.519,12.851
1.796,9.623,11.419
7.905,0.974,8.879
6.691,9.866,16.557
7.32,3.661,10.981
6.689,4.248,10.937
4.855,2.722,7.577
1.322,2.25,3.572
1.185,9.403,10.588
1.347,3.506,4.854
6.231,1.106,7.337
3.125,3.639,6.763
2.71,2.505,5.215
4.411,6.332,10.743
7.758,8.466,16.224
5.436,9.961,15.398
3.334,9.684,13.017
4.315,3.147,7.462
4.235,1.42,5.654
5.541,6.109,11.65
0.977,6.811,7.788
7.978,9.206,17.184
6.846,1.664,8.51
2.486,4.753,7.239
8.996,2.531,11.527
4.768,0.887,5.655
0.129,3.828,3.957
7.596,0.605,8.2
2.71,4.957,7.667
4.789,5.745,10.534
8.685,0.863,9.548
2.781,6.576,9.357
2.179,8.681,10.86
5.043,3.183,8.226
6.26,6.346,12.607
2.134,2.462,4.596
7.296,7.893,15.189
7.082,2.869,9.951
4.44,5.24,9.681
0.601,0.389,0.99
8.492,4.92,13.412
6.617,9.734,16.351
1.604,9.055,10.659
2.677,4.217,6.895
4.223,5.695,9.917
5.427,4.213,9.639
9.869,0.956,10.825
5.874,0.64,6.514
6.309,1.407,7.715
3.672,2.648,6.32
7.011,5.691,12.701
1.317,5.953,7.27
7.613,2.283,9.895
4.632,6.776,11.409
5.938,0.443,6.381
3.936,3.64,7.577
8.19,2.825,11.016
2.859,0.602,3.461
8.136,3.591,11.727
1.11,1.285,2.395
8.847,8.424,17.271
4.065,0.175,4.24
1.668,0.754,2.422
9.124,5.187,14.311
9.65,4.074,13.724
4.132,3.663,7.795
5.509,8.568,14.077
7.26,9.155,16.415
6.396,8.316,14.711
1.915,1.9,3.815
2.238,6.059,8.297
9.386,6.258,15.644
3.528,9.549,13.077
0.935,1.865,2.8
0.706,9.244,9.95
3.573,0.522,4.095
9.905,9.697,19.601
0.498,8.364,8.862
9.379,2.216,11.595
4.839,0.738,5.577
3.302,0.632,3.935
2.635,0.903,3.539
6.17,0.628,6.798
0.18,7.579,7.758
7.411,6.663,14.074
5.891,3.96,9.851
3.151,2.439,5.59
1.297,5.95,7.247
9.104,2.416,11.52
3.61,4.88,8.49
3.16,2.226,5.385
4.606,7.251,11.858
0.407,1.549,1.955
1.504,6.074,7.578
6.196,4.032,10.228
2.908,7.072,9.981
6.935,7.883,14.817
1.294,5.252,6.546
2.494,1.828,4.322
9.672,6.661,16.333
5.526,0.914,6.44
1.275,2.018,3.294
0.841,6.562,7.402
7.122,0.037,7.159
3.538,0.928,4.467
1.662,8.875,10.537
1.301,3.843,5.144
4.624,6.637,11.261
9.578,6.277,15.855
9.798,9.419,19.217
0.446,3.84,4.287
8.343,6.111,14.454
9.467,2.223,11.69
6.527,4.937,11.463
9.821,4.836,14.657
2.626,5.99,8.615
1.097,1.402,2.499
9.741,6.884,16.624
6.061,6.461,12.523
1.615,1.144,2.759
8.615,6.562,15.177
9.186,7.55,16.736
4.369,7.469,11.839
1.366,9.653,11.019
1.459,3.853,5.312
3.743,2.044,5.787
9.749,5.207,14.955
3.593,6.729,10.322
3.857,5.529,9.385
4.426,4.652,9.079
6.507,7.958,14.465
6.822,0.145,6.966
2.886,3.212,6.098
3.59,5.394,8.984
1.331,2.512,3.843
0.599,6.342,6.941
8.43,3.994,12.425
8.403,4.935,13.337
2.223,9.842,12.065
8.891,4.151,13.041
4.273,4.694,8.967
0.205,6.353,6.558
4.802,5.209,10.011
8.171,5.131,13.302
6.946,0.9,7.846
9.091,2.012,11.104
1.443,1.032,2.475
0.714,1.544,2.258
0.003,4.76,4.763
2.396,7.648,10.043
6.8,8.318,15.119
7.63,7.884,15.514
5.709,6.845,12.554
6.552,5.31,11.862
3.594,0.215,3.809
9.603,2.328,11.931
1.783,1.624,3.406
7.154,2.327,9.481
5.925,1.015,6.94
0.247,4.791,5.038
3.316,8.493,11.809
0.503,8.41,8.912
2.638,1.316,3.954
5.749,2.105,7.854
5.441,7.01,12.452
3.518,5.657,9.175
9.142,7.728,16.87
9.55,5.082,14.632
7.729,6.299,14.028
7.898,2.762,10.66
5.779,6.574,12.353
3.128,7.51,10.639
2.019,9.692,11.711
9.097,6.909,16.006
2.646,1.368,4.013
5.014,3.192,8.206
5.583,4.889,10.472
1.889,7.96,9.849
1.685,3.853,5.538
9.435,6.871,16.305
9.649,1.921,11.57
8.367,3.578,11.945
5.332,1.541,6.873
9.483,5.266,14.748
7.813,6.367,14.179
9.341,3.123,12.465
3.715,8.774,12.489
9.472,1.794,11.267
9.589,5.591,15.18
6.762,1.473,8.236
8.015,6.059,14.074
1.54,8.276,9.816
2.042,7.552,9.593
9.153,3.635,12.788
0.895,9.217,10.113
7.853,7.438,15.292
8.902,3.675,12.576
2.33,5.922,8.252
0.932,0.477,1.409
3.057,3.609,6.667
8.902,6.673,15.575
3.651,0.938,4.589
8.49,3.004,11.493
8.174,8.34,16.514
0.567,3.21,3.777
9.476,8.856,18.332
8.382,6.144,14.526
9.594,6.523,16.118
9.513,8.839,18.352
5.644,4.403,10.046
0.501,4.889,5.39
3.544,9.412,12.957
6.142,7.216,13.358
1.783,6.514,8.296
3.456,8.504,11.96
3.218,2.013,5.232
6.931,6.723,13.654
7.092,7.905,14.997
8.387,6.597,14.984
7.424,7.925,15.349
7.03,3.996,11.025
8.273,8.574,16.847
0.291,3.074,3.364
9.018,6.938,15.956
5.621,4.468,10.089
3.629,5.283,8.912
6.89,6.579,13.468
8.147,2.584,10.731
4.155,2.474,6.629
2.287,2.262,4.549
7.96,2.178,10.138
0.25,2.319,2.569
5.252,8.942,14.194
0.286,4.652,4.938
7.733,5.853,13.586
6.79,6.109,12.899
5.457,5.253,10.71
0.497,4.343,4.84
1.38,3.016,4.396
9.904,4.707,14.611
4.681,2.515,7.196
8.769,8.248,17.016
8.264,5.691,13.955
2.73,4.507,7.237
4.619,8.236,12.855
4.022,7.979,12.001
7.635,2.292,9.927
3.112,8.211,11.323
9.611,2.081,11.692
4.067,2.269,6.335
5.837,8.883,14.719
0.853,7.216,8.069
9.771,0.377,10.148
2.224,6.3,8.524
8.709,1.873,10.582
8.021,1.847,9.867
8.874,8.724,17.597
6.266,4.424,10.69
4.374,8.428,12.802
3.465,5.21,8.675
2.597,2.057,4.653
0.592,9.663,10.255
7.512,6.094,13.606
9.043,6.703,15.745
8.011,2.895,10.906
6.383,5.708,12.091
7.157,1.076,8.232
2.943,4.288,7.231
9.35,3.236,12.586
3.62,4.549,8.169
6.53,4.705,11.235
8.261,1.499,9.76
1.0,9.255,10.255
3.414,2.007,5.421
1.178,9.076,10.254
7.21,5.922,13.132
5.797,8.791,14.587
8.406,1.975,10.381
4.228,1.196,5.425
2.796,2.452,5.248
7.024,7.297,14.32
0.793,3.422,4.215
8.384,7.142,15.526
1.075,2.103,3.178
2.227,8.807,11.033
4.153,3.446,7.599
0.538,7.04,7.577
4.795,0.899,5.694
4.703,1.323,6.026
0.354,3.328,3.683
9.073,6.436,15.509
5.954,1.01,6.964
4.328,6.006,10.334
6.198,4.067,10.266
8.974,6.966,15.94
4.079,5.635,9.714
2.676,2.8,5.476
9.186,1.585,10.771
5.679,7.112,12.791
4.772,9.421,14.193
0.158,4.908,5.066
2.12,5.926,8.046
7.105,9.18,16.284
2.417,9.87,12.286
8.9,7.381,16.282
9.711,1.26,10.971
7.279,2.584,9.863
4.589,5.398,9.987
0.26,7.635,7.895
1.854,8.662,10.516
7.578,0.183,7.761
0.798,5.491,6.289
0.757,1.877,2.634
9.836,1.586,11.422
2.602,9.625,12.227
0.483,7.864,8.347
3.185,1.132,4.317
3.792,4.223,8.016
4.195,1.06,5.255
1.725,3.951,5.676
9.148,5.952,15.1
9.311,1.135,10.447
9.044,0.246,9.29
9.813,2.646,12.458
2.856,7.077,9.932
4.361,4.939,9.3
9.102,3.896,12.998
8.642,5.589,14.232
6.296,1.004,7.3
1.264,1.156,2.421
9.809,4.999,14.808
1.073,0.587,1.66
5.0,7.249,12.25
4.51,4.395,8.905
9.974,3.993,13.967
6.472,0.555,7.026
1.09,8.067,9.157
7.084,9.298,16.382
7.056,5.824,12.88
6.309,1.612,7.921
9.47,3.207,12.677
5.73,6.344,12.075
1.218,2.833,4.051
3.93,2.475,6.405
9.153,4.769,13.922
5.869,9.367,15.236
8.251,7.597,15.848
3.464,5.954,9.418
3.228,1.335,4.563
0.871,5.798,6.669
1.265,1.543,2.808
2.361,2.785,5.147
6.38,4.271,10.651
3.959,0.676,4.634
9.569,8.627,18.196
0.594,6.711,7.304
3.997,5.997,9.994
6.045,7.1,13.145
8.724,5.947,14.67
5.298,9.479,14.777
5.317,8.772,14.09
5.835,4.846,10.681
0.803,7.573,8.376
1.891,3.398,5.289
5.538,0.398,5.936
8.379,8.971,17.35
2.409,5.375,7.784
3.216,6.238,9.454
4.7,2.933,7.633
8.067,6.039,14.106
8.369,0.801,9.17
4.574,8.038,12.613
9.697,7.501,17.198
4.439,2.404,6.843
1.486,3.078,4.564
9.725,0.766,10.492
1.734,9.656,11.39
2.688,3.879,6.567
8.041,4.014,12.055
1.916,8.634,10.55
7.915,4.622,12.536
7.3,3.612,10.912
6.002,8.083,14.085
7.913,4.405,12.318
2.573,1.405,3.978
0.428,3.623,4.051
2.586,0.842,3.429
1.349,6.027,7.376
0.116,0.962,1.078
6.485,3.024,9.509
5.727,3.959,9.686
6.356,6.715,13.071
2.007,4.488,6.495
3.576,8.822,12.397
1.583,3.951,5.534
5.408,0.642,6.05
0.561,5.547,6.108
2.233,2.874,5.108
1.178,0.09,1.268
5.871,5.173,11.044
3.595,3.622,7.217
5.885,4.891,10.776
5.532,3.047,8.578
9.621,0.66,10.281
4.946,9.384,14.329
6.739,0.564,7.303
6.537,2.757,9.294
2.351,9.346,11.697
0.013,8.672,8.686
6.287,0.44,6.727
1.336,0.574,1.911
4.324,6.228,10.552
5.727,8.456,14.183
4.891,4.442,9.333
1.528,3.169,4.698
4.317,3.255,7.572
2.074,6.211,8.285
4.576,1.036,5.612
8.841,5.759,14.6
3.071,5.622,8.692
7.641,3.758,11.399
6.837,5.125,11.962
0.335,1.801,2.136
5.428,6.858,12.286
9.533,9.34,18.874
8.38,7.815,16.195
7.091,1.702,8.793
4.814,3.962,8.776
5.488,3.443,8.931
3.912,9.193,13.105
8.018,2.693,10.711
6.187,9.43,15.617
1.51,3.435,4.944
2.357,5.124,7.481
9.363,0.047,9.41
9.721,1.634,11.355
0.309,9.754,10.063
8.724,7.133,15.857
3.59,7.005,10.594
5.029,9.312,14.341
0.378,1.56,1.938
4.167,8.736,12.902
3.872,2.573,6.446
1.994,7.809,9.803
0.019,0.216,0.235
3.279,8.274,11.553
4.53,1.235,5.765
8.5,7.331,15.831
4.028,3.142,7.171
3.747,2.828,6.574
8.201,4.329,12.53
5.334,5.41,10.743
9.656,0.52,10.177
6.621,4.152,10.772
2.676,4.088,6.764
9.986,1.897,11.883
2.56,8.019,10.58
3.355,0.838,4.193
9.857,0.414,10.27
9.482,8.046,17.528
5.44,0.22,5.66
3.594,1.779,5.373
8.446,8.652,17.098
2.155,8.243,10.398
9.797,8.907,18.705
1.39,3.264,4.654
6.793,0.07,6.863
5.686,6.205,11.891
5.826,5.519,11.345
7.195,9.632,16.827
4.442,6.591,11.033
5.542,4.256,9.797
8.187,2.447,10.634
0.835,9.786,10.621
5.435,3.135,8.569
0.956,7.01,7.967
0.101,3.489,3.59
4.634,6.362,10.996
8.2,7.45,15.65
5.187,0.956,6.143
4.151,6.933,11.084
5.654,1.126,6.781
8.544,9.957,18.501
2.231,1.616,3.847
0.632,4.282,4.914
3.534,9.376,12.91
5.746,7.632,13.378
4.214,6.516,10.73
5.136,1.512,6.648
9.739,7.742,17.481
2.931,6.215,9.146
5.733,7.578,13.311
8.866,1.868,10.733
7.91,6.724,14.634
6.35,1.251,7.601
9.667,7.484,17.151
2.91,9.367,12.277
1.89,2.743,4.633
0.834,1.949,2.782
4.066,9.347,13.413
1.857,1.871,3.728
9.281,0.149,9.429
4.253,0.363,4.616
5.147,7.148,12.295
4.406,2.001,6.406
5.503,9.704,15.207
5.973,1.19,7.163
1.383,9.156,10.539
8.344,6.741,15.085
8.371,3.45,11.821
6.003,9.323,15.326
6.355,2.87,9.225
8.673,3.781,12.454
0.344,2.435,2.78
4.386,4.959,9.345
2.737,9.742,12.479
5.478,5.357,10.835
6.499,1.667,8.166
2.824,7.326,10.15
6.014,1.83,7.845
2.353,3.936,6.288
3.121,7.055,10.176
2.447,3.64,6.087
7.739,0.175,7.914
0.344,9.517,9.862
3.785,4.0,7.785
6.283,4.708,10.991
7.078,8.573,15.651
5.863,2.261,8.124
7.333,3.887,11.22
0.523,6.864,7.387
3.129,1.278,4.408
9.405,2.305,11.71
1.09,6.598,7.687
4.798,3.427,8.225
3.177,9.219,12.396
2.99,3.778,6.768
0.869,3.263,4.132
2.176,6.66,8.837
4.97,8.688,13.658
8.212,0.219,8.431
5.01,0.276,5.286
4.617,1.113,5.729
4.253,7.805,12.058
5.534,3.027,8.561
7.164,6.187,13.351
5.901,8.039,13.94
2.797,4.421,7.218
7.699,6.068,13.767
9.891,2.4,12.29
3.265,5.722,8.987
9.359,2.204,11.563
7.915,4.052,11.968
8.556,3.063,11.619
4.206,0.066,4.272
7.314,2.35,9.663
0.763,8.992,9.754
4.513,1.412,5.925
4.144,1.674,5.818
1.869,5.342,7.211
9.044,0.643,9.687
4.375,8.884,13.259
2.224,1.475,3.7
8.391,3.909,12.3
0.95,5.646,6.596
6.064,4.656,10.719
4.579,2.557,7.135
3.181,9.518,12.699
1.454,4.896,6.35
1.065,6.43,7.495
7.56,2.099,9.659
8.597,1.227,9.824
5.171,9.812,14.983
6.467,2.725,9.193
0.271,9.006,9.277
8.035,8.31,16.345
5.951,8.615,14.566
6.58,4.767,11.347
3.168,1.885,5.053
9.962,4.882,14.843
9.863,7.38,17.243
8.002,8.628,16.63
5.225,0.141,5.366
4.91,5.957,10.867
1.813,1.681,3.494
1.047,5.758,6.804
7.485,0.642,8.127
6.746,0.822,7.568
9.847,5.647,15.494
1.102,1.658,2.761
6.466,6.693,13.159
4.005,1.507,5.512
1.911,6.613,8.524
8.582,3.843,12.425
2.565,2.07,4.635
6.181,4.216,10.398
7.521,0.76,8.281
5.661,0.124,5.785
6.527,2.444,8.971
8.889,6.434,15.323
5.251,4.714,9.965
8.653,5.173,13.826
9.981,8.781,18.762
4.783,6.814,11.597
6.395,4.703,11.099
2.032,5.974,8.006
1.991,2.546,4.537
3.864,1.495,5.359
0.088,9.105,9.193
5.297,8.431,13.729
4.447,8.566,13.012
3.355,9.438,12.793
3.598,5.592,9.19
5.107,6.993,12.1
7.244,0.971,8.215
0.545,7.26,7.805
1.21,2.966,4.176
7.572,1.703,9.275
9.67,7.726,17.396
3.934,0.863,4.796
8.396,5.614,14.01
3.962,9.404,13.366
0.158,7.566,7.724
2.346,7.264,9.61
4.188,4.254,8.442
7.762,1.447,9.209
8.161,3.384,11.545
0.49,3.502,3.992
5.352,8.069,13.422
6.624,8.906,15.53
6.415,6.199,12.614
2.783,0.159,2.942
1.937,8.524,10.461
9.101,8.047,17.148
0.307,7.171,7.477
0.427,5.485,5.912
1.226,7.854,9.08
9.197,4.135,13.332
1.884,2.394,4.278
4.891,6.178,11.069
5.329,6.562,11.891
5.153,6.767,11.92
6.434,8.93,15.364
6.579,4.826,11.405
8.366,2.409,10.775
6.056,0.459,6.515
3.276,9.679,12.955
2.585,8.139,10.724
5.79,9.097,14.887
2.933,0.154,3.087
5.643,1.281,6.924
3.588,5.69,9.278
6.149,9.973,16.122
3.656,1.575,5.231
8.12,0.786,8.905
2.783,9.871,12.655
4.348,1.206,5.553
4.816,4.948,9.764
4.606,4.012,8.617
7.158,6.499,13.656
7.021,2.388,9.409
7.905,6.117,14.022
4.359,2.435,6.794
6.112,3.223,9.335
8.275,8.555,16.83
9.906,0.621,10.527
9.55,1.693,11.243
5.901,1.671,7.572
9.069,0.719,9.788
2.963,2.079,5.042
0.888,6.086,6.974
1.966,9.89,11.856
7.816,8.091,15.907
7.21,5.122,12.333
4.671,5.946,10.617
8.899,6.197,15.096
0.808,9.175,9.983
9.655,6.481,16.136
5.259,2.314,7.572
9.535,1.589,11.124
4.007,3.241,7.248
5.985,0.843,6.828
1.164,8.843,10.007
2.418,9.975,12.394
3.246,5.117,8.363
3.105,7.194,10.299
0.97,8.706,9.676
7.539,3.267,10.806
0.886,5.882,6.769
7.789,7.729,15.518
3.681,1.387,5.068
0.808,1.322,2.13
0.283,4.101,4.385
2.46,4.331,6.791
4.362,5.32,9.682
5.882,7.498,13.38
6.671,0.387,7.058
8.911,1.365,10.276
6.901,8.077,14.978
9.968,7.093,17.061
1.37,2.006,3.376
0.627,5.306,5.933
6.317,3.108,9.425
2.671,4.13,6.801
1.237,4.502,5.738
8.569,3.346,11.915
6.966,8.189,15.155
9.274,4.758,14.032
2.758,0.222,2.98
7.307,3.644,10.951
4.176,9.298,13.474
6.497,8.389,14.885
1.979,6.847,8.826
8.302,9.475,17.778
5.154,3.078,8.231
0.208,3.283,3.49
6.642,5.677,12.319
5.384,5.052,10.436
1.719,0.571,2.289
0.424,9.282,9.706
0.373,3.564,3.937
1.289,9.169,10.458
1.56,1.939,3.499
9.106,9.61,18.716
3.001,6.278,9.28
5.576,6.86,12.436
4.737,3.382,8.119
0.712,4.308,5.02
0.787,8.879,9.666
3.767,5.322,9.089
2.316,5.231,7.547
1.829,5.926,7.755
4.588,1.073,5.661
2.033,9.847,11.88
8.652,1.118,9.77
2.432,2.729,5.161
5.102,1.608,6.71
4.424,6.584,11.007
1.253,7.224,8.477
7.345,1.631,8.977
1.549,4.649,6.198
7.695,5.057,12.752
0.851,5.285,6.136
4.966,1.337,6.302
2.409,3.891,6.3
1.306,0.242,1.548
4.841,1.195,6.036
2.137,8.157,10.294
4.611,4.996,9.606
4.439,6.755,11.194
6.561,3.794,10.355
5.27,3.651,8.921
1.698,3.786,5.484
7.244,1.525,8.769
2.179,3.721,5.901
8.736,7.502,16.238
7.05,7.1,14.15
8.623,7.572,16.195
9.846,4.86,14.706
7.017,9.718,16.735
3.475,4.139,7.614
8.937,6.366,15.303
2.427,0.331,2.758
1.332,3.082,4.414
9.142,6.521,15.663
3.191,5.072,8.263
1.728,8.096,9.824
6.638,2.248,8.885
7.308,9.752,17.059
5.038,0.35,5.388
3.706,0.072,3.777
5.712,0.66,6.372
6.809,2.197,9.005
5.496,9.214,14.71
2.341,1.846,4.187
5.212,0.849,6.062
2.581,4.435,7.015
2.379,7.146,9.525
6.054,3.937,9.991
8.588,4.789,13.377
5.275,0.56,5.835
8.352,9.991,18.343
1.441,7.841,9.282
9.224,3.859,13.083
7.897,2.772,10.669
5.618,5.7,11.318
4.146,6.045,10.191
2.68,9.831,12.51
8.106,7.652,15.757
9.209,2.419,11.629
1.423,2.66,4.083
1.046,1.065,2.111
2.641,6.638,9.279
9.185,5.899,15.084
4.692,2.053,6.745
7.155,7.849,15.004
5.198,0.728,5.926
9.346,6.002,15.349
3.595,1.206,4.8
6.58,4.665,11.245
8.693,7.473,16.165
9.423,1.632,11.055
4.175,3.094,7.27
4.329,2.844,7.173
7.703,7.413,15.116
0.121,4.221,4.342
2.174,4.055,6.229
6.2,9.34,15.54
6.857,4.21,11.067
7.721,6.012,13.733
6.224,9.056,15.281
6.185,1.565,7.75
3.357,9.893,13.25
2.834,5.969,8.803
2.981,8.006,10.987
9.871,2.651,12.522
8.671,1.232,9.903
8.824,9.402,18.227
4.103,8.77,12.873
7.688,2.225,9.913
9.098,5.754,14.852
6.537,3.238,9.775
1.988,1.736,3.724
8.301,3.109,11.41
9.515,3.366,12.881
4.474,9.614,14.088
8.058,1.811,9.869
8.784,7.528,16.312
4.919,2.137,7.056
6.004,9.886,15.89
0.313,1.109,1.422
3.851,5.311,9.162
1.434,1.542,2.975
1.096,9.486,10.582
1.231,3.313,4.545
5.583,6.787,12.37
3.634,0.519,4.152
1.406,4.444,5.85
2.775,7.42,10.195
0.119,1.414,1.533
9.881,3.433,13.313
7.184,9.876,17.06
5.803,6.812,12.615
1.237,9.396,10.633
8.101,8.637,16.738
3.094,3.695,6.789
9.262,7.898,17.159
6.516,9.195,15.712
2.677,9.556,12.233
5.616,8.37,13.986
6.529,5.374,11.903
5.526,6.872,12.398
2.29,8.998,11.288
6.642,9.744,16.386
3.012,0.851,3.862
3.75,1.17,4.92
2.407,2.236,4.643
6.613,3.122,9.735
7.872,4.724,12.597
9.666,6.839,16.505
7.153,5.509,12.661
5.142,4.653,9.794
4.903,2.988,7.891
4.539,9.688,14.227
6.932,5.064,11.995
6.248,5.988,12.236
0.399,2.02,2.418
4.677,5.91,10.588
3.784,7.296,11.081
5.273,2.335,7.608
4.62,5.636,10.255
6.025,7.798,13.823
3.852,8.546,12.397
0.875,8.716,9.591
4.295,4.771,9.066
4.952,6.614,11.566
6.318,1.649,7.968
6.081,5.866,11.946
5.011,3.111,8.121
9.178,9.18,18.358
0.253,0.603,0.856
3.99,5.874,9.864
8.967,5.46,14.428
4.149,8.526,12.675
5.362,6.643,12.005
0.877,3.207,4.085
6.139,8.978,15.117
0.161,6.014,6.175
3.5,8.987,12.487
5.074,2.475,7.549
1.328,7.573,8.901
5.458,0.873,6.33
8.455,0.146,8.601
0.475,2.088,2.563
9.32,9.883,19.203
4.04,2.562,6.602
4.595,8.824,13.419
1.04,0.256,1.297
8.323,8.883,17.205
1.013,3.265,4.277
7.939,0.594,8.533
5.814,2.106,7.92
9.988,1.032,11.021
6.507,7.088,13.595
0.717,8.278,8.994
5.292,1.837,7.129
0.901,4.623,5.525
6.545,4.687,11.231
6.536,0.516,7.052
3.718,5.723,9.44
5.848,7.41,13.258
5.265,3.207,8.471
6.294,8.402,14.696
8.219,2.975,11.193
5.717,2.273,7.99
5.791,3.31,9.101
9.019,4.687,13.706
9.468,3.669,13.137
0.829,7.445,8.274
7.748,7.443,15.191
4.82,8.476,13.297
4.748,4.76,9.507
7.647,1.908,9.555
4.139,6.973,11.112
7.536,1.458,8.994
6.742,0.494,7.236
4.672,8.108,12.78
2.049,7.928,9.977
1.527,2.798,4.325
4.473,2.978,7.451
2.38,7.604,9.984
3.952,8.615,12.567
1.191,7.04,8.231
2.114,3.263,5.377
6.416,9.947,16.363
1.572,8.765,10.337
5.347,3.765,9.112
3.081,8.375,11.457
7.6,7.389,14.989
8.138,8.82,16.958
4.877,6.303,11.18
9.432,7.753,17.185
0.088,7.558,7.646
8.947,7.096,16.043
5.74,6.678,12.418
2.254,5.526,7.78
3.476,8.281,11.758
7.123,1.655,8.779
7.406,7.29,14.696
5.725,9.927,15.652
2.718,7.204,9.922
6.582,1.472,8.053
1.838,0.42,2.258
8.88,2.241,11.12
5.777,9.125,14.902
6.864,0.07,6.934
9.413,6.032,15.445
3.233,4.198,7.431
7.983,6.833,14.816
4.955,1.852,6.808
9.32,3.312,12.632
1.233,4.424,5.658
1.525,9.032,10.556
6.679,4.775,11.454
9.342,8.549,17.892
3.669,0.021,3.689
0.593,5.825,6.418
1.147,3.233,4.38
2.504,0.779,3.284
1.741,7.709,9.45
3.69,2.916,6.606
6.593,9.213,15.806
7.267,4.641,11.908
8.041,7.56,15.601
6.171,2.187,8.358
4.642,7.186,11.828
5.541,4.995,10.537
2.613,0.626,3.239
2.265,2.904,5.168
0.913,8.352,9.265
3.473,9.065,12.538
1.825,4.962,6.788
7.103,6.386,13.489
7.182,4.582,11.764
6.229,9.934,16.163
4.966,1.961,6.927
9.502,9.815,19.317
6.335,4.172,10.507
4.148,0.472,4.62
9.628,0.936,10.565
4.825,9.944,14.769
9.749,7.566,17.316
2.557,1.936,4.493
7.367,9.847,17.215
8.92,1.718,10.638
1.849,0.551,2.399
3.99,0.369,4.359
1.037,6.848,7.885
8.238,9.528,17.766
1.159,2.535,3.694
5.34,9.069,14.409
8.482,7.161,15.644
5.535,2.757,8.292
8.623,1.778,10.401
1.178,9.57,10.747
7.745,5.01,12.754
6.212,6.903,13.114
7.078,3.006,10.084
1.722,6.972,8.694
8.598,1.88,10.478
8.024,9.254,17.278
7.701,6.302,14.003
4.487,4.655,9.141
2.185,7.918,10.104
0.931,2.34,3.271
0.156,9.283,9.439
4.041,7.246,11.287
3.972,6.923,10.895
5.389,9.505,14.894
6.387,9.351,15.738
6.704,6.225,12.929
4.065,3.036,7.101
0.875,1.73,2.605
5.179,6.124,11.302
6.608,8.831,15.439
1.303,2.364,3.667
2.78,4.851,7.631
8.297,7.703,16.0
5.892,5.997,11.889
0.422,1.286,1.708
6.02,7.002,13.022
9.473,4.713,14.186
4.909,8.498,13.407
4.015,7.843,11.857
0.712,1.707,2.419
7.513,8.641,16.154
0.48,6.634,7.114
5.521,7.384,12.905
6.932,3.712,10.644
2.136,5.048,7.184
6.744,2.169,8.913
0.51,5.962,6.472
6.123,9.335,15.457
2.03,9.826,11.856
4.03,6.473,10.502
8.018,7.656,15.673
8.46,7.712,16.172
3.4,7.062,10.462
5.578,0.636,6.213
9.886,3.904,13.79
8.687,4.155,12.842
6.067,2.485,8.552
0.055,7.021,7.076
5.514,3.243,8.757
3.925,6.703,10.628
9.072,2.257,11.329
6.283,2.934,9.217
3.441,8.995,12.436
3.36,5.48,8.84
0.8,3.935,4.735
4.593,4.493,9.086
8.816,9.79,18.606
2.533,0.345,2.878
5.224,4.607,9.831
9.651,3.869,13.52
2.011,6.163,8.175
3.746,2.155,5.901
0.885,9.855,10.74
4.507,5.276,9.783
3.103,3.793,6.896
8.247,6.778,15.026
3.443,3.932,7.375
9.091,1.281,10.372
7.867,0.268,8.134
8.306,7.67,15.976
6.825,3.909,10.734
8.916,8.5,17.417
9.276,6.73,16.006
2.947,5.504,8.451
4.758,3.508,8.265
2.468,9.534,12.002
0.843,5.33,6.173
2.652,1.504,4.156
3.13,0.529,3.659
3.865,6.18,10.045
2.081,4.064,6.145
8.79,2.426,11.215
9.543,8.167,17.71
8.772,8.352,17.124
5.405,1.485,6.889
3.881,0.721,4.602
0.916,9.303,10.219
9.616,4.905,14.521
2.979,1.918,4.897
8.26,6.376,14.636
5.875,0.036,5.911
1.09,7.978,9.068
4.709,3.692,8.401
0.98,1.853,2.833
7.898,6.005,13.903
6.66,3.529,10.189
9.906,9.278,19.184
1.613,3.655,5.268
2.234,3.336,5.571
3.74,4.156,7.896
9.553,6.784,16.337
3.741,0.775,4.517
8.362,4.803,13.165
2.479,4.098,6.578
3.204,3.633,6.837
2.37,6.673,9.043
8.286,3.014,11.299
2.074,4.401,6.475
6.864,3.743,10.607
0.131,5.091,5.222
3.783,4.888,8.671
2.956,8.183,11.139
0.491,5.54,6.03
0.278,6.046,6.324
8.773,1.42,10.193
9.455,0.054,9.509
7.065,8.302,15.367
4.596,8.476,13.072
2.752,2.384,5.135
2.658,2.058,4.716
2.376,3.515,5.891
4.404,7.851,12.254
8.128,5.983,14.112
7.081,8.644,15.725
8.836,2.698,11.533
4.509,6.308,10.817
7.437,7.03,14.467
9.409,3.653,13.062
0.362,8.534,8.896
1.342,5.49,6.831
4.522,3.33,7.852
1.301,4.645,5.946
4.276,7.46,11.736
1.552,9.035,10.587
0.315,4.878,5.193
1.557,4.478,6.034
4.702,8.834,13.536
3.282,4.552,7.835
6.944,3.287,10.232
0.113,8.888,9.002
2.288,4.566,6.854
9.036,0.088,9.124
6.999,6.391,13.39
8.177,3.539,11.716
1.818,9.713,11.53
6.364,7.638,14.002
8.543,6.12,14.662
3.339,6.611,9.95
5.727,3.02,8.746
3.514,0.77,4.284
5.781,8.667,14.447
3.558,8.477,12.036
4.795,5.535,10.329
4.346,1.764,6.11
3.495,7.096,10.591
3.566,2.305,5.871
6.631,1.907,8.538
7.823,1.634,9.457
9.588,3.35,12.938
7.727,0.09,7.817
9.841,4.928,14.769
0.024,1.772,1.796
5.31,7.521,12.83
6.184,0.587,6.77
9.716,5.601,15.317
2.067,8.636,10.703
1.266,7.737,9.003
5.076,5.955,11.031
9.452,4.25,13.703
0.849,7.195,8.045
6.777,0.631,7.408
6.458,3.493,9.95
7.586,6.961,14.546
9.225,3.088,12.312
4.53,7.884,12.414
5.475,1.86,7.336
5.584,7.952,13.536
1.648,0.23,1.878
4.452,7.886,12.338
9.423,4.375,13.798
5.204,1.983,7.186
0.694,3.78,4.474
1.047,0.782,1.829
7.159,3.093,10.252
0.18,5.456,5.636
0.98,7.396,8.376
3.169,1.306,4.475
3.313,9.863,13.176
4.536,7.592,12.128
5.55,7.483,13.033
1.637,2.739,4.376
2.155,1.225,3.38
8.051,6.207,14.258
2.725,3.052,5.777
1.34,0.598,1.938
5.746,1.513,7.259
7.065,5.084,12.149
1.948,9.904,11.852
3.481,3.419,6.901
3.397,8.623,12.02
6.958,7.485,14.442
0.73,0.732,1.462
1.361,8.935,10.296
5.052,4.622,9.675
1.505,3.912,5.417
4.172,5.431,9.603
2.405,5.741,8.147
3.624,6.723,10.346
2.404,9.036,11.44
5.869,9.03,14.899
3.534,9.953,13.487
0.025,2.78,2.805
7.416,5.574,12.991
7.114,7.276,14.389
9.113,9.03,18.143
2.668,1.236,3.904
0.399,7.422,7.821
6.922,9.177,16.1
0.887,4.643,5.531
4.354,4.461,8.815
1.247,5.422,6.669
5.945,7.376,13.321
3.144,0.887,4.031
8.646,6.271,14.917
2.194,2.972,5.166
7.628,4.103,11.731
5.121,4.3,9.421
3.443,9.34,12.783
2.949,1.726,4.674
2.632,4.584,7.216
0.238,7.416,7.655
2.619,0.456,3.075
5.205,8.882,14.087
2.71,6.546,9.256
2.859,2.216,5.075
7.771,4.78,12.551
8.43,6.468,14.898
9.628,7.271,16.899
5.348,0.763,6.111
7.34,3.759,11.099
0.507,7.794,8.3
2.268,1.086,3.354
0.92,4.906,5.826
8.321,2.638,10.958
6.258,9.266,15.524
2.327,0.243,2.57
5.768,9.482,15.25
8.843,0.194,9.037
5.266,2.722,7.988
1.892,1.761,3.653
6.354,9.39,15.744
9.217,1.52,10.738
8.938,4.658,13.597
9.523,6.409,15.932
5.954,1.8,7.754
9.675,4.909,14.584
8.639,0.176,8.816
3.736,0.288,4.024
3.575,9.155,12.73
3.225,9.885,13.11
9.873,0.663,10.536
9.598,3.875,13.473
9.053,9.059,18.113
6.709,9.251,15.96
2.955,0.963,3.918
9.449,2.188,11.636
0.821,6.138,6.959
5.149,7.061,12.21
1.225,4.023,5.248
2.53,2.918,5.449
9.483,8.5,17.983
3.27,0.447,3.717
8.699,2.819,11.518
6.114,1.443,7.558
2.167,1.939,4.106
2.908,5.709,8.617
8.923,5.99,14.913
9.684,1.551,11.235
4.677,2.898,7.575
2.65,3.461,6.11
6.037,7.244,13.281
0.264,6.567,6.831
9.735,3.717,13.452
9.061,6.203,15.264
9.421,3.878,13.299
5.704,1.912,7.616
6.4,9.049,15.449
7.823,1.494,9.317
0.338,5.126,5.463
4.574,3.194,7.768
3.434,9.443,12.877
1.011,1.54,2.551
8.193,0.437,8.63
3.568,3.606,7.174
2.453,9.871,12.324
2.459,7.314,9.773
7.658,5.431,13.09
3.402,0.546,3.947
0.675,1.498,2.173
4.283,0.166,4.449
9.59,5.337,14.928
3.447,8.949,12.397
0.373,8.049,8.422
5.042,8.375,13.417
8.574,4.243,12.817
9.109,1.501,10.61
7.191,2.285,9.475
8.875,9.602,18.477
4.993,6.699,11.692
4.148,7.922,12.07
6.476,4.774,11.25
3.548,1.69,5.238
9.931,7.859,17.79
5.329,6.23,11.559
2.805,8.846,11.651
7.215,8.175,15.39
6.756,0.215,6.971
5.539,4.778,10.317
2.39,2.808,5.198
9.508,5.641,15.149
5.682,4.549,10.231
5.645,6.35,11.995
5.38,0.246,5.626
8.614,7.477,16.09
4.182,9.29,13.472
3.897,0.019,3.916
2.994,4.077,7.071
9.233,0.137,9.37
2.957,0.709,3.667
3.231,3.321,6.552
8.794,2.31,11.104
5.492,7.125,12.617
8.422,2.966,11.388
9.596,9.935,19.531
0.791,0.405,1.195
4.425,3.255,7.68
5.956,8.623,14.579
1.304,3.203,4.506
5.326,9.3,14.626
5.788,7.396,13.184
6.385,0.836,7.221
3.32,2.297,5.617
4.48,7.027,11.507
5.327,0.279,5.607
9.033,0.468,9.501
3.551,3.556,7.107
8.675,5.784,14.459
5.097,9.287,14.384
4.297,2.114,6.411
5.614,9.866,15.48
1.814,5.048,6.862
2.926,4.45,7.376
6.685,5.996,12.681
7.314,4.865,12.178
3.685,2.424,6.109
9.912,9.122,19.034
9.556,3.824,13.381
2.046,4.318,6.365
8.531,3.808,12.339
1.062,1.864,2.926
6.508,0.806,7.314
2.716,6.589,9.305
8.909,5.227,14.136
1.428,8.534,9.961
9.332,0.426,9.757
6.65,6.778,13.428
4.939,2.965,7.904
3.991,8.26,12.251
3.446,9.38,12.826
3.199,3.024,6.223
1.202,7.125,8.327
6.597,1.953,8.55
4.257,0.274,4.531
7.644,5.428,13.071
9.895,8.969,18.864
6.811,0.877,7.689
9.767,3.52,13.287
7.515,2.014,9.53
6.59,3.941,10.531
8.961,8.733,17.694
9.353,1.547,10.9
5.293,3.392,8.685
6.954,9.008,15.962
9.705,1.632,11.337
3.087,4.749,7.836
8.835,6.991,15.826
0.223,5.107,5.33
4.496,6.038,10.534
2.981,3.984,6.965
8.902,7.185,16.087
8.728,0.974,9.701
7.507,5.536,13.043
8.311,1.174,9.485
9.743,3.598,13.341
3.794,1.675,5.47
4.447,1.114,5.56
4.761,7.788,12.548
0.468,7.954,8.422
2.252,1.062,3.313
0.69,2.023,2.713
6.881,1.162,8.043
0.113,4.949,5.061
4.428,1.427,5.855
3.796,5.289,9.084
6.927,4.799,11.726
9.306,7.48,16.786
0.48,6.029,6.509
2.838,9.497,12.335
8.654,6.394,15.048
1.4,8.33,9.73
8.052,3.245,11.297
1.675,4.577,6.252
5.499,7.994,13.493
8.346,9.776,18.122
9.305,2.364,11.668
6.536,9.525,16.061
6.723,7.561,14.284
2.687,1.653,4.34
9.174,4.152,13.326
4.834,6.19,11.025
6.749,5.811,12.56
7.85,9.383,17.233
9.311,4.821,14.131
0.383,9.341,9.724
3.101,9.11,12.211
0.618,6.949,7.567
4.548,2.55,7.097
4.003,2.836,6.839
2.682,3.268,5.95
0.133,0.366,0.499
0.122,9.84,9.961
9.161,7.208,16.37
1.515,6.436,7.951
8.456,4.311,12.766
8.629,5.06,13.689
1.428,2.753,4.18
3.714,4.477,8.19
1.304,6.665,7.969
1.928,0.96,2.888
0.648,6.96,7.608
7.555,0.755,8.31
7.33,1.241,8.571
9.524,9.769,19.294
3.555,7.686,11.24
7.757,6.557,14.314
7.228,4.413,11.641
2.586,5.228,7.814
5.122,4.479,9.602
6.571,6.511,13.082
8.834,5.188,14.022
3.467,5.688,9.155
0.657,7.599,8.257
2.251,7.221,9.473
2.905,8.084,10.989
6.979,4.29,11.269
8.926,2.215,11.141
6.541,8.725,15.266
1.771,2.83,4.6
6.386,6.362,12.748
9.859,8.966,18.825
8.47,7.206,15.676
1.016,1.617,2.633
8.274,8.323,16.597
8.515,7.322,15.837
2.711,9.209,11.919
4.176,6.16,10.336
2.645,6.312,8.957
3.07,8.029,11.098
8.243,6.204,14.447
3.163,9.211,12.374
1.303,9.694,10.997
5.44,3.252,8.693
7.746,4.694,12.44
0.364,4.702,5.066
8.749,1.684,10.433
4.69,8.716,13.407
1.05,1.141,2.19
8.033,8.391,16.424
1.536,9.162,10.699
3.734,0.815,4.55
3.531,2.778,6.309
7.573,5.852,13.425
8.008,3.204,11.212
2.125,9.905,12.03
7.612,9.609,17.222
9.451,1.345,10.796
8.568,4.685,13.253
3.456,4.21,7.667
3.225,2.04,5.265
1.428,8.355,9.783
1.723,8.505,10.227
3.861,1.85,5.71
6.441,9.034,15.474
0.002,7.55,7.552
4.532,1.392,5.924
1.611,6.182,7.793
4.553,2.646,7.199
8.81,7.453,16.263
0.556,8.496,9.052
5.487,8.876,14.363
6.677,3.331,10.008
6.331,5.622,11.954
1.345,1.247,2.592
6.841,6.85,13.69
7.225,5.215,12.44
9.207,7.607,16.814
7.872,8.992,16.864
6.618,3.334,9.952
4.305,7.466,11.771
2.566,1.903,4.469
0.602,3.841,4.443
3.303,2.679,5.982
8.138,1.73,9.868
1.162,8.229,9.392
7.861,2.42,10.281
7.59,2.915,10.505
2.537,4.258,6.796
4.817,2.127,6.944
1.729,7.381,9.11
1.654,4.087,5.741
6.452,0.012,6.464
3.241,2.651,5.892
8.526,4.327,12.853
0.482,4.548,5.029
6.024,4.394,10.418
8.628,1.947,10.575
6.277,8.566,14.843
3.161,9.8,12.961
2.97,1.022,3.992
9.079,4.489,13.568
1.689,5.94,7.629
1.287,2.449,3.737
3.913,7.051,10.964
4.737,2.463,7.2
1.336,9.135,10.47
0.411,6.175,6.586
9.787,5.222,15.009
6.109,0.071,6.18
3.523,3.744,7.268
1.542,4.241,5.782
0.17,1.715,1.885
8.096,1.124,9.22
7.561,7.207,14.768
8.265,4.128,12.392
3.185,6.044,9.229
1.714,0.609,2.322
4.24,0.553,4.793
3.469,3.539,7.008
0.393,8.741,9.134
5.941,4.727,10.667
4.559,0.218,4.778
9.833,3.527,13.36
7.783,0.566,8.349
6.03,8.724,14.754
4.116,1.89,6.006
7.097,6.839,13.937
5.184,4.57,9.754
1.101,8.766,9.867
3.043,9.037,12.08
6.852,8.245,15.098
6.719,0.318,7.037
7.819,5.473,13.292
2.679,5.128,7.806
8.909,1.916,10.826
1.639,0.531,2.169
2.584,8.261,10.844
1.21,8.257,9.467
8.841,2.653,11.494
7.122,6.476,13.598
0.059,5.612,5.671
1.194,3.941,5.135
5.561,7.345,12.906
2.276,8.516,10.792
0.671,9.305,9.975
4.926,1.137,6.063
2.008,5.732,7.74
1.804,1.283,3.087
9.559,6.365,15.924
3.194,3.912,7.106
9.353,6.323,15.676
2.491,1.03,3.521
9.815,7.062,16.876
8.072,1.487,9.56
6.07,9.648,15.718
3.269,2.188,5.457
8.011,7.739,15.75
4.918,9.004,13.922
5.657,9.243,14.9
2.918,8.737,11.656
1.922,5.397,7.319
2.519,8.92,11.439
7.176,8.704,15.88
2.169,9.397,11.566
8.407,6.985,15.392
1.903,1.756,3.658
6.423,3.247,9.67
9.538,8.934,18.472
8.228,1.867,10.095
1.728,4.994,6.721
9.356,7.282,16.638
7.611,3.21,10.821
1.917,5.874,7.791
9.045,9.645,18.69
5.879,6.85,12.729
1.687,4.199,5.886
8.24,0.1,8.34
0.912,7.491,8.403
5.189,1.055,6.244
5.19,5.931,11.122
3.676,8.12,11.795
8.467,1.561,10.028
5.69,7.587,13.278
1.424,8.397,9.82
5.12,9.191,14.311
7.705,5.561,13.266
2.045,5.607,7.652
7.269,4.513,11.782
3.75,1.385,5.135
8.826,8.951,17.777
1.442,0.269,1.711
4.134,2.914,7.048
0.134,8.682,8.816
1.948,3.143,5.09
3.009,0.447,3.456
9.246,0.418,9.664
5.947,4.078,10.026
4.633,4.351,8.984
6.36,3.617,9.977
5.531,9.637,15.168
8.843,9.579,18.422
5.82,9.858,15.678
1.463,7.414,8.878
7.575,4.023,11.599
0.417,9.217,9.634
7.552,2.299,9.851
6.852,8.11,14.962
1.514,2.591,4.104
6.417,2.457,8.874
1.549,8.158,9.706
2.479,3.88,6.359
7.265,0.934,8.199
3.257,0.011,3.268
7.427,4.83,12.257
0.84,9.673,10.512
9.094,8.045,17.139
4.13,0.761,4.891
5.203,1.66,6.863
8.622,7.769,16.392
5.885,1.11,6.995
4.805,2.887,7.692
5.932,0.553,6.486
9.876,0.832,10.708
8.969,7.608,16.576
3.37,3.302,6.672
9.207,8.822,18.03
9.142,3.386,12.527
1.171,9.182,10.352
8.102,9.328,17.43
0.805,7.454,8.259
3.73,0.804,4.534
7.144,6.451,13.595
6.173,5.143,11.316
3.248,2.592,5.84
8.881,8.342,17.222
8.273,8.612,16.885
8.757,9.872,18.629
5.688,5.3,10.987
2.608,9.434,12.043
7.5,3.819,11.319
1.006,9.816,10.822
7.797,8.84,16.638
6.882,9.464,16.346
1.744,4.112,5.856
0.808,2.89,3.698
4.288,3.863,8.151
7.776,6.579,14.354
4.792,5.496,10.288
5.909,1.416,7.325
7.857,8.053,15.909
1.274,8.283,9.556
7.372,4.474,11.846
0.563,3.189,3.752
4.683,0.83,5.513
9.802,9.096,18.898
4.536,3.149,7.686
3.76,6.88,10.64
3.22,5.993,9.212
3.766,6.418,10.184
8.212,3.865,12.077
6.587,3.485,10.071
6.527,8.898,15.426
3.644,1.487,5.131
1.37,8.034,9.405
7.575,6.129,13.703
8.423,6.726,15.149
4.601,3.729,8.329
9.684,1.403,11.086
7.965,0.221,8.187
5.996,8.754,14.75
2.004,4.451,6.455
5.957,9.77,15.727
7.734,3.064,10.798
1.266,7.407,8.673
4.587,9.309,13.895
2.848,3.724,6.572
2.441,7.89,10.331
9.967,5.72,15.687
5.654,4.923,10.577
4.012,4.111,8.123
9.002,3.413,12.415
0.494,4.406,4.901
6.039,2.457,8.496
8.466,8.068,16.534
9.671,5.612,15.283
8.738,3.463,12.201
5.487,5.026,10.513
5.165,8.523,13.688
2.342,4.396,6.737
8.233,3.449,11.682
9.383,2.45,11.833
7.041,5.942,12.984
9.725,8.222,17.947
7.747,6.453,14.2
8.836,3.176,12.012
3.379,2.894,6.273
4.491,4.206,8.697
7.304,3.671,10.975
9.255,1.984,11.239
8.794,8.563,17.357
7.158,3.021,10.179
6.614,7.876,14.489
2.999,8.399,11.398
4.875,5.158,10.033
3.298,6.21,9.508
0.494,5.541,6.035
7.881,6.575,14.456
7.533,5.647,13.18
5.052,4.333,9.385
1.71,6.789,8.499
6.82,4.89,11.71
8.378,0.309,8.686
0.628,0.073,0.7
6.327,0.746,7.073
3.897,1.349,5.246
5.074,4.757,9.832
5.488,6.13,11.618
1.16,1.218,2.378
9.762,9.037,18.799
0.508,0.34,0.847
8.554,2.964,11.519
2.752,4.72,7.471
2.088,0.741,2.829
9.468,4.145,13.613
0.432,8.291,8.723
3.012,0.255,3.267
7.666,0.928,8.594
5.999,1.205,7.205
3.157,0.751,3.908
0.714,0.29,1.004
7.926,5.821,13.746
5.688,3.83,9.518
5.377,1.907,7.284
1.697,3.451,5.148
6.083,1.76,7.843
0.143,0.804,0.947
1.635,1.317,2.952
7.225,9.027,16.253
3.332,2.39,5.722
2.339,2.935,5.274
0.729,3.83,4.559
9.432,0.424,9.856
3.404,4.025,7.429
5.586,5.684,11.27
6.557,9.54,16.097
3.64,1.711,5.351
6.787,7.8,14.587
8.37,5.079,13.449
0.632,9.651,10.283
4.008,7.894,11.902
1.051,3.018,4.069
9.791,8.109,17.9
0.577,0.903,1.481
8.348,9.313,17.66
1.464,8.908,10.372
0.032,9.4,9.432
5.197,7.402,12.6
7.879,2.309,10.188
0.929,4.431,5.361
4.245,9.626,13.872
4.075,4.158,8.233
9.949,4.864,14.813
3.478,6.954,10.432
0.131,7.87,8.001
2.455,4.5,6.955
2.623,6.004,8.627
8.301,3.951,12.252
8.029,7.115,15.144
4.944,6.627,11.571
9.825,7.908,17.734
8.304,4.872,13.177
0.906,7.237,8.143
0.516,9.154,9.67
6.08,9.847,15.926
0.98,8.875,9.855
7.741,3.995,11.736
9.175,1.242,10.417
7.53,0.651,8.181
8.778,8.232,17.01
3.76,1.07,4.83
2.069,3.532,5.601
9.137,0.969,10.107
7.512,1.424,8.936
2.408,4.511,6.919
6.836,8.943,15.779
4.087,6.529,10.615
2.786,4.246,7.032
7.399,1.676,9.075
7.712,0.244,7.956
3.524,6.611,10.135
1.619,0.938,2.557
2.009,5.642,7.651
0.564,7.714,8.278
3.571,7.408,10.979
0.089,4.37,4.459
1.741,8.767,10.507
3.391,8.243,11.634
6.663,5.765,12.428
6.269,1.388,7.657
2.071,9.573,11.644
0.482,7.048,7.53
5.858,5.012,10.869
2.056,9.707,11.763
1.747,5.581,7.328
3.025,4.534,7.559
0.831,8.936,9.767
8.703,3.852,12.555
9.121,0.963,10.083
6.611,5.463,12.074
2.858,2.537,5.396
8.925,7.076,16.001
3.204,8.588,11.792
6.028,2.917,8.945
3.623,2.219,5.842
7.455,4.677,12.133
3.605,2.406,6.012
7.081,8.464,15.545
8.935,3.367,12.303
3.46,5.369,8.829
5.861,6.127,11.988
2.394,7.314,9.708
1.509,4.422,5.931
5.581,3.858,9.439
1.826,3.581,5.407
6.728,1.414,8.142
5.915,0.353,6.268
5.597,8.305,13.902
7.892,9.022,16.914
3.454,2.177,5.63
5.928,5.156,11.084
9.125,4.586,13.711
1.094,8.947,10.041
5.192,7.487,12.679
8.355,3.523,11.878
0.309,5.32,5.628
1.917,3.734,5.651
5.57,6.294,11.864
4.641,4.852,9.493
6.503,4.341,10.844
6.835,3.531,10.367
3.95,0.444,4.394
0.862,2.205,3.067
0.549,6.275,6.825
0.737,9.27,10.007
2.188,0.85,3.038
7.475,1.552,9.027
8.588,2.007,10.595
7.037,5.511,12.549
1.56,6.247,7.807
8.947,6.32,15.267
0.462,0.727,1.189
3.876,4.342,8.218
4.191,4.4,8.591
2.695,4.106,6.801
9.163,1.002,10.165
3.475,4.951,8.427
8.017,1.249,9.266
2.428,7.457,9.884
4.281,2.039,6.32
0.426,7.666,8.093
3.523,5.72,9.243
8.942,4.743,13.685
1.962,4.807,6.769
0.091,0.337,0.429
8.323,9.124,17.447
3.754,4.492,8.246
7.688,2.451,10.139
4.27,4.122,8.393
5.39,6.93,12.32
2.547,7.59,10.137
3.67,7.061,10.731
6.609,0.798,7.407
7.621,0.146,7.767
3.342,7.021,10.363
0.486,0.241,0.727
9.98,7.181,17.161
8.146,2.73,10.876
9.065,1.735,10.8
6.956,1.033,7.989
6.963,7.41,14.373
2.143,0.505,2.648
2.436,0.292,2.728
2.805,5.769,8.574
7.01,7.241,14.25
9.577,2.129,11.705
3.891,5.755,9.646
4.569,1.975,6.544
3.005,8.973,11.978
0.873,8.909,9.782
4.204,8.815,13.019
8.271,4.541,12.812
2.854,0.511,3.365
3.181,0.344,3.525
3.118,8.835,11.953
8.867,7.839,16.706
8.155,4.787,12.942
8.619,6.824,15.443
9.302,0.324,9.627
1.632,4.442,6.074
4.939,1.336,6.275
6.1,8.337,14.437
8.265,4.715,12.981
5.742,7.582,13.324
5.185,3.629,8.813
3.507,7.354,10.861
0.531,9.678,10.209
1.667,5.789,7.456
7.085,2.853,9.939
1.255,7.06,8.315
5.196,6.219,11.414
2.043,1.434,3.477
5.864,4.87,10.734
1.979,0.715,2.693
6.427,5.327,11.754
4.112,0.445,4.557
9.17,1.916,11.086
8.158,0.503,8.661
9.322,2.592,11.914
0.394,0.741,1.135
9.813,7.609,17.422
8.366,8.985,17.351
4.266,9.98,14.246
1.644,3.248,4.892
