1.44,1.141,2.582
9.778,3.855,13.633
0.495,3.057,3.552
5.242,3.362,8.604
7.696,0.108,7.804
9.817,1.806,11.623
2.41,2.705,5.115
7.091,8.806,15.897
0.554,1.974,2.527
4.731,4.35,9.08
8.934,5.878,14.812
7.584,8.286,15.87
3.439,6.567,10.006
1.07,2.382,3.452
4.039,2.439,6.478
6.547,9.938,16.485
3.61,8.363,11.972
5.464,2.677,8.141
3.696,2.117,5.813
0.854,2.542,3.396
7.141,3.789,10.93
6.928,4.486,11.414
2.656,4.863,7.519
3.25,1.392,4.642
8.935,5.474,14.41
4.974,8.633,13.607
7.124,1.103,8.227
4.857,2.43,7.286
3.965,7.002,10.968
9.446,0.7,10.146
8.312,9.284,17.597
1.2,2.273,3.473
8.022,2.513,10.534
0.513,4.068,4.58
9.862,3.056,12.918
1.695,1.222,2.918
5.967,1.985,7.952
5.252,7.554,12.806
1.668,4.757,6.425
2.125,3.821,5.945
3.983,0.124,4.107
8.234,7.188,15.422
3.313,3.704,7.017
7.33,5.865,13.195
3.91,4.518,8.427
1.521,2.161,3.681
3.689,3.266,6.955
4.609,4.328,8.937
4.124,4.102,8.227
8.429,4.467,12.896
5.315,2.625,7.939
4.689,3.652,8.341
5.563,1.031,6.595
6.188,1.586,7.774
1.171,0.403,1.575
4.826,7.496,12.322
4.773,3.481,8.254
8.064,5.56,13.625
0.648,8.722,9.37
4.489,4.629,9.118
8.014,5.096,13.111
4.504,2.12,6.624
2.907,3.559,6.466
6.203,2.793,8.996
8.699,5.282,13.98
2.612,9.66,12.273
1.983,7.05,9.032
8.5,4.098,12.598
6.34,2.693,9.034
6.477,4.877,11.354
1.127,4.657,5.784
2.007,4.488,6.495
9.798,9.419,19.217
0.054,7.964,8.018
1.576,5.706,7.282
1.172,0.597,1.769
8.434,6.945,15.379
4.313,8.197,12.511
1.405,4.671,6.076
0.812,2.144,2.957
3.889,4.398,8.287
2.211,0.517,2.729
4.297,2.854,7.152
8.162,3.521,11.684
8.712,3.264,11.975
1.209,8.909,10.118
1.537,4.4,5.937
9.353,7.221,16.575
6.074,3.659,9.733
0.462,2.264,2.726
0.32,0.859,1.179
6.088,4.271,10.359
9.67,9.033,18.703
9.99,6.086,16.076
8.125,3.854,11.98
8.123,1.43,9.553
3.754,9.829,13.582
3.076,8.548,11.624
6.932,7.49,14.422
2.354,0.442,2.796
5.533,8.316,13.849
3.879,1.507,5.387
5.61,2.271,7.881
1.635,1.317,2.952
2.415,2.917,5.332
5.551,1.623,7.174
4.195,5.175,9.37
2.272,0.007,2.278
0.42,8.623,9.043
6.941,2.628,9.568
0.168,9.84,10.008
1.3,0.171,1.471
8.341,3.594,11.935
1.085,8.912,9.997
9.752,9.772,19.523
4.915,1.81,6.724
0.502,3.759,4.261
9.247,3.291,12.538
8.426,7.97,16.397
9.904,1.97,11.874
9.367,9.875,19.243
1.323,1.705,3.027
5.676,8.315,13.99
8.702,4.782,13.484
6.978,7.551,14.528
4.589,7.163,11.752
7.204,7.453,14.656
7.917,9.736,17.653
4.351,0.197,4.548
7.109,9.508,16.618
0.22,5.147,5.367
2.221,3.832,6.052
5.136,5.951,11.087
7.939,9.486,17.425
4.319,7.779,12.098
4.366,5.565,9.931
5.209,2.001,7.21
4.866,4.527,9.393
2.309,1.638,3.947
7.97,2.035,10.006
8.458,1.601,10.059
7.616,8.208,15.823
8.769,1.79,10.559
9.269,4.369,13.638
0.999,0.53,1.529
3.507,7.354,10.861
4.001,4.586,8.587
3.263,1.454,4.717
2.22,2.711,4.93
2.284,9.707,11.99
0.724,2.271,2.995
0.93,4.212,5.142
5.068,2.261,7.329
2.821,7.781,10.602
6.952,8.632,15.585
9.574,8.166,17.74
8.488,4.744,13.233
2.442,4.73,7.172
7.609,6.647,14.256
6.206,5.158,11.364
2.438,3.355,5.793
1.214,1.108,2.321
3.034,7.178,10.212
9.704,6.338,16.043
7.199,0.605,7.805
5.086,9.076,14.162
4.073,2.173,6.246
3.34,1.126,4.466
1.572,0.594,2.166
4.08,6.437,10.517
9.199,1.596,10.795
0.383,9.148,9.531
8.502,0.472,8.974
7.098,4.155,11.253
1.653,6.914,8.567
7.363,1.133,8.497
6.733,4.658,11.391
3.511,2.611,6.122
1.698,8.635,10.333
7.164,0.071,7.235
3.273,7.92,11.193
6.981,8.821,15.803
7.336,6.467,13.803
8.873,2.411,11.285
1.339,1.158,2.498
4.974,7.852,12.826
6.881,8.263,15.144
6.246,1.757,8.003
8.423,3.532,11.956
7.015,0.366,7.381
3.05,9.034,12.085
8.57,1.041,9.611
0.292,4.02,4.312
6.514,8.431,14.945
3.382,2.736,6.118
6.383,3.439,9.822
5.803,1.487,7.29
3.764,0.875,4.639
8.592,8.793,17.385
5.774,1.359,7.133
6.893,9.772,16.665
2.512,8.636,11.148
6.214,4.985,11.2
3.941,0.331,4.271
8.481,6.734,15.215
7.402,6.214,13.616
4.147,5.04,9.186
4.604,2.461,7.066
1.742,8.043,9.785
9.391,3.144,12.535
0.3,6.052,6.352
5.213,7.97,13.183
5.247,7.486,12.733
1.282,1.285,2.567
5.043,9.711,14.755
4.389,5.388,9.777
2.81,2.112,4.923
3.82,2.584,6.404
8.704,2.613,11.316
1.58,1.801,3.381
4.442,7.379,11.821
2.777,0.679,3.457
3.896,8.294,12.19
1.961,1.246,3.208
4.171,0.465,4.637
7.638,6.827,14.464
3.244,9.383,12.628
6.904,4.4,11.304
3.548,1.444,4.992
9.857,9.77,19.627
3.228,5.896,9.124
9.283,5.344,14.627
7.697,2.606,10.303
0.791,6.052,6.842
6.902,3.797,10.699
7.21,5.31,12.519
7.892,8.167,16.058
7.721,9.9,17.621
7.302,6.46,13.762
3.925,2.025,5.95
9.897,4.057,13.954
3.598,0.764,4.362
6.604,9.23,15.834
3.609,4.619,8.228
4.683,0.83,5.513
0.51,5.487,5.997
4.172,1.802,5.973
6.342,0.147,6.489
9.831,8.495,18.326
3.947,6.605,10.552
1.666,7.007,8.673
7.166,2.995,10.161
4.029,0.001,4.03
1.998,1.52,3.517
1.292,3.815,5.106
7.046,3.802,10.848
8.616,3.072,11.688
8.34,2.501,10.841
1.13,5.674,6.804
2.01,1.382,3.393
1.889,2.532,4.421
1.936,1.324,3.26
4.218,6.148,10.367
0.511,1.468,1.979
7.037,1.315,8.351
1.981,0.876,2.857
0.492,9.544,10.036
9.495,5.811,15.306
5.324,2.118,7.442
2.353,3.328,5.68
6.398,6.119,12.517
8.161,7.368,15.528
7.611,2.713,10.323
7.927,6.976,14.904
9.076,8.81,17.886
9.559,9.32,18.878
5.932,6.646,12.578
5.905,9.447,15.353
2.295,9.037,11.332
4.079,0.373,4.452
2.568,6.418,8.986
2.862,7.509,10.371
7.907,1.523,9.43
1.83,6.059,7.889
1.936,4.441,6.376
5.073,9.178,14.251
0.533,0.317,0.85
0.634,1.844,2.479
3.69,4.708,8.398
9.868,9.392,19.261
3.793,2.805,6.598
4.042,2.072,6.114
4.289,7.095,11.384
4.961,8.814,13.775
4.925,7.55,12.476
3.489,9.516,13.005
8.187,9.047,17.234
1.676,5.626,7.302
7.935,6.607,14.543
1.625,9.905,11.53
9.482,1.179,10.66
3.012,7.358,10.37
9.479,2.421,11.9
7.619,8.84,16.459
9.008,4.229,13.237
5.226,2.634,7.859
5.407,0.259,5.666
9.99,3.43,13.42
3.421,6.223,9.644
5.62,8.817,14.437
9.119,5.152,14.271
9.336,1.679,11.015
5.938,2.223,8.161
5.578,9.353,14.931
3.214,0.638,3.853
0.416,3.299,3.715
7.208,1.492,8.7
1.067,0.7,1.767
9.853,4.02,13.872
9.064,8.795,17.859
6.864,3.743,10.607
3.727,2.714,6.44
3.27,6.125,9.396
3.562,4.582,8.144
1.71,7.334,9.044
5.667,0.392,6.059
5.02,1.637,6.657
4.42,5.402,9.823
5.279,0.769,6.048
1.182,0.841,2.023
6.09,5.31,11.4
6.0,1.732,7.732
0.955,7.224,8.179
1.846,1.243,3.089
0.138,4.73,4.868
4.923,1.124,6.047
2.32,8.81,11.129
5.073,4.197,9.27
4.058,2.613,6.671
5.137,3.048,8.186
4.394,2.784,7.178
4.245,9.626,13.872
5.331,5.792,11.124
9.333,5.708,15.041
2.721,4.126,6.847
4.732,0.464,5.196
6.591,9.067,15.658
2.053,6.783,8.836
6.75,3.219,9.968
0.038,0.576,0.614
3.349,5.974,9.323
4.737,0.22,4.956
7.601,2.052,9.653
2.287,0.607,2.894
7.728,6.717,14.445
5.268,8.599,13.867
7.499,4.246,11.745
3.352,4.022,7.374
4.234,1.416,5.65
5.869,0.449,6.319
9.94,4.941,14.881
8.862,1.113,9.975
9.692,7.802,17.494
4.494,0.033,4.528
1.651,8.713,10.364
4.056,0.107,4.163
3.961,0.38,4.342
4.458,9.882,14.34
0.69,8.102,8.793
3.148,3.868,7.016
5.358,0.321,5.679
3.588,6.909,10.496
8.475,5.226,13.701
4.711,6.51,11.222
0.898,7.033,7.931
4.637,1.751,6.388
5.682,6.941,12.623
3.085,5.056,8.142
9.184,7.747,16.931
3.113,1.699,4.812
0.885,9.855,10.74
1.643,5.55,7.193
5.924,2.288,8.213
8.176,7.068,15.244
3.133,0.668,3.801
3.774,9.835,13.61
6.346,4.692,11.038
6.729,3.957,10.687
3.262,8.516,11.778
4.382,7.158,11.54
5.039,6.724,11.763
3.535,5.509,9.044
4.113,0.111,4.223
3.263,7.026,10.289
3.284,6.429,9.713
8.836,5.692,14.529
9.975,7.104,17.079
3.521,7.551,11.072
3.882,1.581,5.462
5.084,3.582,8.666
2.334,9.884,12.218
6.873,6.627,13.499
3.343,8.332,11.676
6.399,0.195,6.593
3.538,7.408,10.946
8.401,3.8,12.201
0.23,0.423,0.653
9.408,9.379,18.788
1.991,6.116,8.106
8.461,2.789,11.25
8.264,8.609,16.873
0.98,3.842,4.822
2.38,9.45,11.83
7.156,1.788,8.944
2.932,5.507,8.439
4.282,7.734,12.015
8.243,6.204,14.447
1.194,3.941,5.135
2.423,3.376,5.8
8.073,2.494,10.567
4.563,6.864,11.427
7.544,9.201,16.745
6.498,2.83,9.327
3.014,5.182,8.196
5.545,6.498,12.044
9.617,0.176,9.793
4.95,5.893,10.842
0.768,3.206,3.974
0.919,5.803,6.722
4.881,5.743,10.624
9.753,1.69,11.443
1.321,8.444,9.766
2.419,9.895,12.314
3.096,9.318,12.414
9.11,1.25,10.361
9.06,0.184,9.245
1.394,2.468,3.862
5.798,4.799,10.597
8.204,3.207,11.412
8.539,7.009,15.549
5.468,1.76,7.228
8.239,9.623,17.862
0.313,7.969,8.282
8.692,4.721,13.413
6.307,6.189,12.496
4.175,5.993,10.168
0.291,7.193,7.484
0.382,8.268,8.65
2.124,5.177,7.302
3.025,6.452,9.477
7.078,1.283,8.362
9.298,6.753,16.051
9.17,0.884,10.054
7.299,3.886,11.185
1.249,0.697,1.946
3.373,7.053,10.426
5.038,6.466,11.504
8.838,7.202,16.04
5.551,4.877,10.427
5.028,0.234,5.262
8.299,2.297,10.595
2.142,9.057,11.199
6.204,1.828,8.033
7.368,7.629,14.997
3.725,5.901,9.626
7.489,0.402,7.891
7.275,0.649,7.924
9.022,6.993,16.014
4.172,5.431,9.603
3.096,8.489,11.585
7.304,5.771,13.075
2.708,4.934,7.641
8.418,6.675,15.092
1.087,6.52,7.607
2.48,3.715,6.196
0.93,3.265,4.195
5.465,4.767,10.232
8.764,9.705,18.469
8.826,2.919,11.745
6.096,2.973,9.069
8.703,6.573,15.275
7.724,8.355,16.079
6.923,5.069,11.992
0.6,0.387,0.987
7.954,4.664,12.619
8.08,9.496,17.575
7.631,8.492,16.123
7.24,9.964,17.204
3.241,4.216,7.457
2.246,0.898,3.144
3.825,2.614,6.439
4.297,2.096,6.393
6.504,6.873,13.377
7.872,1.857,9.729
5.682,3.809,9.491
1.243,1.187,2.43
4.128,3.2,7.327
0.08,8.494,8.573
4.718,4.192,8.91
8.772,8.352,17.124
8.652,8.737,17.389
8.915,4.766,13.681
7.283,2.529,9.812
0.195,7.563,7.759
9.185,5.711,14.896
2.704,9.466,12.169
1.384,7.427,8.811
9.594,1.643,11.238
8.984,9.431,18.415
1.619,0.938,2.557
5.264,5.089,10.353
3.598,8.836,12.434
6.369,0.718,7.086
5.116,2.339,7.454
7.733,8.387,16.119
0.825,4.13,4.955
6.498,9.421,15.919
7.45,1.588,9.038
9.647,2.528,12.175
1.732,1.067,2.799
3.84,7.26,11.1
0.721,9.493,10.214
2.68,0.78,3.46
7.576,8.241,15.817
5.46,5.005,10.465
5.543,7.306,12.848
1.808,4.051,5.858
6.121,8.164,14.284
9.392,8.327,17.719
7.596,1.415,9.011
3.837,2.626,6.463
6.786,2.539,9.326
5.881,0.095,5.976
2.031,0.358,2.389
9.953,9.605,19.558
3.338,1.676,5.014
5.331,6.238,11.569
2.928,2.676,5.605
3.34,9.957,13.297
6.44,3.158,9.597
9.853,0.846,10.699
6.348,2.191,8.538
4.846,9.884,14.73
3.912,0.502,4.414
4.462,6.34,10.803
6.731,4.477,11.208
3.405,7.846,11.251
0.829,1.182,2.011
9.612,9.553,19.165
3.205,9.423,12.629
3.628,4.351,7.979
1.611,6.182,7.793
8.633,1.35,9.983
9.542,2.334,11.876
2.86,4.214,7.074
4.005,1.507,5.512
1.75,2.932,4.682
2.14,2.595,4.735
7.894,4.018,11.912
1.348,6.228,7.576
6.019,3.813,9.832
2.955,0.963,3.918
0.348,6.038,6.387
5.761,0.208,5.969
2.766,5.995,8.762
1.084,5.896,6.981
5.63,8.552,14.182
8.656,5.076,13.732
1.761,4.479,6.24
4.803,6.779,11.583
5.258,8.097,13.355
5.88,9.342,15.222
9.575,4.677,14.252
8.993,0.232,9.225
5.783,7.591,13.374
7.114,7.626,14.74
4.154,2.589,6.743
3.338,0.277,3.615
3.967,8.935,12.902
3.601,4.884,8.485
1.748,0.414,2.162
9.249,6.332,15.581
9.968,5.932,15.9
2.322,0.504,2.825
5.479,3.466,8.945
5.962,1.009,6.971
9.38,5.946,15.327
2.643,5.393,8.037
1.002,2.568,3.57
9.034,3.481,12.515
2.021,3.186,5.207
5.352,4.201,9.553
2.86,1.853,4.712
2.75,0.687,3.437
2.066,2.806,4.872
1.23,1.665,2.896
3.721,4.679,8.399
1.294,0.919,2.213
7.159,8.692,15.85
9.929,5.518,15.447
2.318,4.887,7.205
7.534,0.803,8.337
0.604,7.001,7.605
4.588,6.523,11.111
1.397,6.77,8.167
3.172,2.923,6.095
3.531,5.315,8.846
4.128,7.436,11.564
7.869,8.073,15.942
5.454,5.132,10.585
6.948,5.963,12.911
5.953,8.843,14.796
0.296,1.107,1.403
6.506,6.027,12.532
9.332,3.275,12.607
7.11,9.43,16.54
7.288,7.444,14.732
0.461,7.777,8.238
5.15,3.194,8.344
5.234,1.402,6.636
5.181,2.523,7.704
4.576,5.677,10.253
5.677,6.184,11.861
4.387,2.824,7.211
9.277,1.27,10.547
9.154,6.817,15.97
6.897,4.599,11.496
7.777,8.763,16.539
7.12,4.664,11.784
8.364,0.217,8.581
7.113,8.137,15.249
6.267,0.997,7.264
8.261,5.091,13.351
7.354,4.754,12.108
0.859,7.739,8.598
9.217,9.878,19.095
2.609,4.036,6.645
1.303,8.646,9.949
0.938,9.304,10.242
6.334,0.383,6.717
4.028,1.82,5.848
3.606,0.092,3.698
5.983,1.721,7.705
9.818,1.163,10.98
8.565,9.688,18.252
1.535,3.82,5.355
8.648,8.436,17.084
8.562,7.586,16.148
7.686,6.03,13.716
9.689,7.075,16.764
2.531,1.292,3.823
8.31,9.591,17.901
3.796,2.106,5.902
0.205,1.075,1.28
2.895,0.917,3.812
3.724,6.158,9.882
0.933,9.482,10.415
6.167,2.732,8.899
6.257,0.026,6.284
5.148,0.896,6.044
5.133,7.478,12.611
7.098,3.265,10.363
8.488,9.291,17.779
1.825,6.282,8.108
0.242,5.534,5.777
7.04,6.831,13.871
9.295,8.084,17.379
4.195,8.904,13.099
0.588,4.396,4.984
1.795,2.87,4.665
4.977,9.797,14.773
0.219,4.594,4.813
6.71,9.642,16.352
2.312,5.226,7.538
8.234,9.993,18.227
7.104,1.067,8.171
7.514,6.094,13.608
0.563,3.221,3.784
6.447,6.424,12.871
2.786,4.246,7.032
1.719,6.537,8.256
0.274,2.21,2.484
2.727,9.965,12.691
2.603,8.008,10.611
6.663,0.897,7.56
1.094,5.536,6.63
2.007,2.746,4.753
3.338,6.425,9.763
0.959,8.91,9.87
2.753,4.609,7.362
5.099,0.27,5.369
3.958,6.055,10.012
3.566,6.598,10.164
8.474,6.305,14.779
1.285,3.813,5.098
9.987,9.764,19.751
4.686,6.119,10.805
9.389,4.424,13.813
7.406,8.313,15.719
9.757,6.271,16.028
5.933,8.682,14.615
6.209,6.936,13.145
3.493,4.195,7.688
2.88,9.76,12.64
7.41,1.678,9.088
1.151,5.659,6.81
3.224,0.678,3.902
3.157,3.633,6.789
2.981,3.96,6.942
2.418,9.975,12.394
2.226,8.338,10.564
7.13,5.62,12.751
6.514,1.882,8.397
4.978,3.659,8.636
6.892,0.77,7.662
1.8,7.369,9.169
8.427,5.603,14.03
4.865,6.948,11.813
5.177,5.952,11.128
9.376,7.895,17.271
6.635,9.837,16.472
2.545,6.22,8.766
5.035,9.931,14.966
7.686,4.177,11.863
3.042,0.774,3.817
1.329,8.914,10.243
5.57,1.933,7.503
6.032,5.424,11.456
6.754,7.305,14.059
0.912,7.491,8.403
2.905,3.89,6.795
9.808,2.492,12.301
4.705,2.997,7.702
1.615,6.165,7.78
6.956,0.772,7.728
4.253,7.827,12.079
5.162,1.633,6.795
2.136,9.372,11.507
5.549,2.033,7.582
4.382,9.888,14.27
1.561,4.637,6.197
6.513,5.002,11.515
0.845,9.569,10.414
6.003,1.891,7.894
3.562,5.934,9.496
8.202,4.755,12.957
7.33,7.364,14.695
8.468,2.171,10.639
2.021,1.887,3.909
4.223,2.633,6.856
9.783,5.579,15.361
8.887,5.88,14.767
7.063,0.825,7.888
0.093,1.438,1.532
7.498,4.065,11.563
2.157,6.693,8.85
6.005,2.683,8.688
2.21,8.229,10.439
3.642,3.271,6.912
6.162,9.744,15.906
0.773,6.174,6.947
1.349,6.64,7.989
6.836,6.458,13.294
1.391,4.191,5.581
8.884,6.47,15.354
4.089,8.959,13.048
7.857,0.67,8.527
3.245,0.756,4.0
6.161,2.215,8.376
9.256,2.126,11.383
2.51,0.873,3.382
2.53,0.144,2.674
8.166,8.192,16.358
8.38,3.29,11.669
7.493,1.224,8.717
0.658,9.878,10.536
9.876,3.489,13.365
7.685,3.937,11.622
2.844,0.022,2.867
8.301,9.276,17.577
8.479,2.965,11.443
3.371,4.45,7.821
8.826,6.152,14.978
8.122,5.134,13.256
8.966,0.205,9.171
4.492,4.631,9.123
7.941,5.611,13.552
0.806,9.428,10.234
9.861,3.803,13.665
1.225,4.023,5.248
9.349,3.798,13.148
7.499,8.079,15.579
0.717,6.382,7.098
3.348,3.594,6.942
1.231,5.683,6.914
2.489,0.712,3.2
1.678,1.988,3.666
6.437,8.393,14.83
6.135,5.862,11.997
9.308,1.871,11.179
8.875,9.602,18.477
1.333,1.847,3.18
0.607,0.725,1.332
7.441,8.337,15.778
4.891,4.442,9.333
5.512,9.417,14.929
6.425,1.157,7.581
3.556,1.998,5.554
9.282,1.672,10.954
0.231,9.701,9.933
7.996,5.435,13.431
5.627,8.59,14.217
4.281,3.957,8.237
5.257,0.376,5.633
3.792,6.996,10.788
9.409,1.523,10.932
1.639,6.555,8.194
6.033,7.186,13.219
5.783,9.436,15.219
5.486,3.764,9.25
8.522,8.475,16.997
1.007,0.882,1.889
1.036,3.678,4.713
4.774,8.36,13.134
4.271,5.668,9.939
6.621,8.158,14.779
5.643,3.527,9.17
1.224,4.137,5.361
0.438,7.084,7.522
8.382,5.12,13.502
2.821,7.538,10.359
2.016,5.736,7.752
0.553,1.551,2.103
6.212,3.948,10.16
1.629,0.922,2.551
4.057,5.322,9.379
6.026,2.725,8.75
0.45,1.865,2.315
1.101,3.96,5.06
9.148,3.337,12.485
1.911,6.762,8.673
8.293,8.84,17.133
1.388,7.122,8.51
8.591,7.346,15.937
5.517,9.972,15.489
5.98,5.667,11.647
7.522,9.804,17.327
9.809,7.44,17.249
2.603,3.079,5.681
2.417,8.012,10.429
8.386,0.471,8.857
8.36,7.024,15.384
1.36,0.025,1.385
7.517,6.604,14.121
2.398,3.787,6.185
7.577,6.364,13.941
8.077,3.513,11.59
5.684,6.355,12.039
1.477,9.39,10.867
3.899,0.264,4.163
3.807,6.768,10.575
9.427,4.09,13.517
5.466,9.84,15.306
7.79,5.124,12.915
4.891,6.178,11.069
7.305,7.946,15.251
3.393,2.435,5.828
3.361,3.515,6.876
4.798,9.078,13.876
9.444,5.098,14.542
7.879,4.086,11.965
8.695,1.685,10.38
4.252,1.329,5.581
6.222,1.01,7.233
3.86,6.452,10.312
2.478,8.613,11.092
9.527,8.856,18.383
9.175,3.404,12.579
5.296,8.123,13.419
1.931,9.64,11.571
6.462,7.193,13.656
4.631,3.716,8.346
3.325,0.776,4.101
6.815,5.428,12.243
7.567,0.985,8.553
7.969,5.747,13.716
5.999,4.872,10.87
6.797,6.161,12.958
1.751,9.289,11.04
9.711,3.324,13.034
1.952,9.622,11.574
9.557,0.65,10.207
9.381,6.344,15.725
0.512,4.498,5.01
3.534,7.891,11.425
7.024,2.598,9.622
9.983,5.378,15.361
7.345,1.631,8.977
2.929,8.007,10.936
7.104,3.047,10.151
3.269,2.519,5.787
5.288,6.184,11.472
7.238,5.404,12.642
0.104,7.016,7.121
9.244,0.462,9.706
7.537,6.247,13.784
6.221,1.863,8.084
1.785,6.344,8.129
3.31,2.566,5.876
7.892,3.998,11.89
0.304,2.591,2.896
9.263,9.625,18.888
8.697,8.019,16.717
2.118,3.43,5.548
8.118,0.058,8.176
9.13,9.062,18.192
4.097,9.958,14.056
1.357,2.441,3.798
3.898,8.041,11.939
8.367,2.352,10.719
3.529,2.878,6.407
5.717,8.048,13.765
7.083,0.415,7.498
7.242,9.354,16.596
0.582,5.516,6.099
6.654,5.042,11.697
2.766,7.549,10.314
2.992,5.871,8.863
1.696,4.403,6.099
8.063,3.909,11.972
9.015,4.003,13.018
2.774,0.825,3.599
5.685,3.478,9.164
8.244,6.907,15.15
9.607,1.961,11.568
4.419,7.796,12.214
7.929,2.84,10.769
1.105,4.231,5.336
5.019,8.271,13.29
5.567,0.681,6.248
2.514,7.073,9.588
6.404,7.698,14.102
0.639,4.793,5.432
8.983,6.542,15.526
5.252,4.405,9.657
7.3,8.556,15.857
9.254,9.236,18.489
9.772,5.921,15.693
3.702,3.777,7.479
3.423,8.853,12.277
6.967,4.444,11.41
2.89,4.82,7.711
2.494,0.039,2.533
7.352,2.432,9.785
7.406,3.233,10.639
2.407,2.243,4.65
0.833,4.045,4.877
3.788,4.935,8.723
3.431,9.493,12.923
3.045,1.696,4.741
3.585,5.44,9.025
8.065,5.536,13.601
0.132,4.464,4.596
7.743,7.333,15.075
3.157,8.847,12.004
9.994,4.0,13.994
2.345,1.722,4.066
8.512,2.651,11.163
4.125,6.479,10.604
6.665,1.562,8.227
1.031,1.291,2.322
5.606,0.957,6.564
7.942,1.25,9.192
7.174,7.226,14.4
8.637,9.155,17.791
9.921,3.447,13.368
6.981,7.619,14.6
3.356,0.851,4.207
3.419,5.138,8.557
4.292,4.516,8.808
5.521,9.925,15.446
9.839,6.048,15.887
8.281,4.198,12.479
4.458,9.035,13.493
2.805,7.695,10.5
3.752,9.24,12.992
7.78,1.338,9.119
3.558,5.405,8.963
1.386,8.868,10.254
7.416,0.218,7.635
1.457,0.851,2.308
6.366,9.016,15.382
3.302,4.668,7.97
9.691,4.328,14.02
1.31,2.727,4.037
5.977,2.459,8.435
8.528,7.602,16.131
1.783,1.73,3.513
3.162,9.486,12.648
1.593,1.286,2.879
4.473,4.6,9.072
5.71,8.292,14.002
4.404,9.214,13.618
2.031,5.839,7.87
2.539,2.449,4.987
5.242,1.783,7.025
3.37,5.197,8.567
1.139,1.698,2.837
5.077,8.449,13.525
6.027,5.298,11.325
5.105,0.858,5.962
4.346,4.196,8.542
7.643,6.347,13.99
0.767,0.441,1.207
2.393,3.557,5.95
5.023,5.713,10.736
0.811,9.879,10.69
8.008,2.955,10.962
3.201,7.125,10.326
1.317,5.173,6.49
9.583,9.544,19.127
5.363,4.649,10.012
5.299,6.984,12.283
6.581,9.886,16.467
6.458,3.493,9.95
8.571,3.175,11.745
7.942,8.233,16.175
6.443,4.376,10.819
2.761,2.724,5.485
7.055,9.712,16.767
6.232,0.71,6.942
2.876,4.883,7.759
0.518,2.379,2.897
4.296,0.344,4.64
8.99,9.189,18.179
7.549,9.228,16.777
1.616,6.265,7.881
7.221,0.563,7.784
0.426,4.921,5.348
0.797,4.184,4.981
0.624,8.063,8.686
8.146,7.688,15.834
4.176,6.893,11.07
1.109,0.727,1.836
1.356,2.597,3.953
0.436,6.224,6.661
8.649,3.529,12.178
4.644,6.081,10.725
8.08,4.087,12.167
1.718,5.609,7.327
0.552,4.493,5.045
6.384,4.708,11.092
8.421,0.253,8.674
0.839,9.841,10.68
0.553,6.181,6.733
5.593,0.594,6.188
9.64,8.473,18.112
6.064,9.629,15.693
1.623,9.051,10.674
9.211,9.305,18.517
6.969,0.049,7.018
2.238,7.835,10.073
0.412,5.907,6.318
8.804,5.757,14.561
8.033,3.885,11.918
0.177,0.318,0.495
0.811,1.202,2.013
1.046,5.381,6.428
5.703,3.533,9.236
9.941,5.374,15.315
3.601,2.121,5.723
9.506,6.293,15.799
7.775,2.011,9.786
4.918,4.962,9.88
2.04,9.846,11.887
9.112,1.098,10.21
3.851,8.509,12.359
4.208,6.852,11.061
7.751,7.855,15.605
2.431,3.464,5.895
9.065,0.976,10.041
6.262,9.63,15.892
9.937,9.787,19.724
9.198,9.091,18.289
7.092,0.579,7.672
4.29,6.209,10.499
8.476,4.56,13.037
3.843,0.501,4.344
3.649,0.749,4.398
9.556,0.541,10.096
0.544,5.582,6.126
0.429,4.76,5.189
5.606,7.31,12.916
3.846,8.304,12.151
7.571,4.584,12.156
1.064,3.666,4.73
6.883,0.455,7.339
0.05,5.435,5.485
5.566,1.942,7.509
1.206,4.409,5.615
3.071,1.868,4.939
7.887,5.487,13.373
0.025,3.604,3.629
5.163,7.323,12.486
1.848,9.405,11.253
0.876,7.146,8.023
1.697,3.451,5.148
8.77,2.886,11.656
7.201,6.284,13.485
0.445,7.489,7.934
0.311,0.961,1.271
0.349,7.474,7.823
6.644,3.816,10.46
2.666,2.324,4.989
4.005,2.204,6.209
9.725,0.766,10.492
7.266,3.329,10.595
9.095,6.545,15.641
2.614,5.481,8.094
5.331,6.959,12.29
5.36,6.637,11.997
5.314,7.312,12.626
4.956,3.003,7.958
1.357,8.966,10.323
7.499,7.885,15.384
5.575,7.175,12.75
4.108,7.162,11.271
4.833,9.972,14.805
7.013,1.979,8.992
4.728,1.42,6.149
0.684,7.084,7.768
0.053,3.206,3.26
9.165,3.965,13.13
5.444,4.526,9.971
3.987,9.056,13.043
4.901,5.241,10.142
7.017,3.344,10.361
0.848,2.359,3.207
6.573,8.159,14.733
9.317,1.092,10.409
4.972,8.153,13.125
3.991,7.221,11.212
4.988,5.581,10.569
5.44,6.303,11.743
9.36,6.725,16.085
3.592,6.368,9.96
3.972,0.665,4.638
7.89,1.194,9.085
7.73,3.631,11.361
5.702,1.571,7.273
1.812,0.662,2.473
4.575,9.884,14.459
0.037,9.169,9.206
8.498,5.766,14.263
0.22,8.554,8.774
5.293,1.249,6.542
7.652,0.774,8.427
9.088,2.75,11.838
6.838,9.461,16.299
5.279,5.29,10.569
5.912,5.298,11.21
6.555,1.389,7.944
2.692,5.255,7.947
1.969,8.786,10.755
6.782,7.714,14.496
3.354,8.792,12.146
5.696,2.257,7.954
0.813,6.904,7.717
1.965,9.798,11.763
1.213,8.476,9.689
2.553,0.927,3.48
1.53,3.031,4.561
5.309,2.24,7.549
1.588,5.111,6.699
0.157,5.084,5.24
1.464,9.829,11.293
7.72,6.757,14.476
6.112,8.316,14.428
9.63,5.058,14.688
9.92,6.082,16.001
9.091,4.044,13.135
7.56,3.512,11.072
9.761,4.125,13.886
7.228,8.465,15.693
9.698,1.369,11.066
0.942,2.023,2.965
5.218,2.368,7.586
9.893,3.746,13.639
6.588,0.628,7.216
2.841,3.114,5.955
9.981,4.473,14.454
0.907,6.423,7.33
2.778,5.727,8.504
6.04,1.917,7.957
6.827,5.057,11.884
5.662,2.776,8.438
0.888,4.037,4.925
2.626,4.367,6.993
2.363,5.01,7.372
8.321,4.278,12.598
6.875,3.862,10.737
5.655,9.885,15.54
3.611,7.773,11.384
1.718,2.137,3.855
1.435,2.826,4.261
8.828,2.926,11.754
5.424,7.49,12.914
3.618,1.779,5.397
8.021,7.735,15.756
4.672,9.391,14.063
9.117,5.252,14.369
4.89,6.602,11.492
2.551,2.077,4.627
0.484,6.996,7.48
2.264,2.933,5.196
6.523,3.491,10.015
2.791,5.918,8.709
3.101,0.848,3.949
2.176,4.3,6.476
0.214,7.352,7.566
4.819,1.067,5.886
3.401,0.035,3.436
8.783,7.693,16.476
0.064,6.086,6.15
4.506,9.632,14.137
1.231,4.417,5.648
9.476,1.44,10.916
9.397,7.961,17.358
1.103,6.317,7.419
0.389,1.878,2.267
1.642,9.881,11.523
0.011,0.809,0.821
0.668,8.964,9.633
6.464,5.862,12.325
4.33,0.323,4.653
0.53,7.619,8.149
6.042,7.009,13.051
0.471,8.214,8.686
9.966,3.135,13.1
6.739,4.719,11.458
7.558,4.309,11.866
8.805,2.496,11.301
9.627,5.264,14.892
9.903,5.888,15.791
2.472,2.053,4.525
1.806,4.201,6.006
3.305,7.139,10.444
1.363,7.607,8.97
9.399,4.206,13.605
0.157,8.8,8.956
7.58,3.338,10.919
6.548,8.589,15.137
6.472,0.555,7.026
2.906,6.094,9.0
8.314,6.173,14.486
2.35,9.751,12.102
0.903,3.588,4.492
7.873,3.105,10.978
5.955,2.68,8.634
1.435,9.315,10.75
0.866,2.334,3.2
2.025,3.248,5.273
2.52,8.327,10.847
5.382,4.995,10.377
8.624,7.718,16.342
3.393,6.301,9.694
2.324,1.267,3.591
6.418,3.335,9.753
8.743,8.638,17.381
0.069,5.772,5.841
3.315,4.314,7.63
7.435,9.687,17.122
7.857,9.861,17.719
4.464,2.256,6.72
2.538,5.258,7.796
2.544,4.51,7.054
0.621,4.619,5.241
3.948,8.164,12.112
9.915,2.891,12.807
4.637,4.66,9.298
0.338,9.42,9.758
2.972,8.153,11.125
5.262,8.417,13.678
3.911,9.305,13.216
7.667,8.951,16.617
6.868,6.268,13.136
1.097,1.306,2.403
5.117,1.495,6.612
4.088,6.874,10.962
8.327,4.605,12.932
3.574,1.901,5.475
4.938,5.839,10.778
9.746,9.313,19.059
1.182,6.96,8.142
9.96,1.557,11.516
5.717,0.654,6.37
5.165,4.492,9.656
3.367,3.836,7.203
1.261,0.757,2.018
3.989,1.347,5.336
6.945,5.371,12.317
1.501,1.201,2.702
4.103,1.253,5.357
4.407,9.253,13.661
1.804,6.994,8.798
3.778,6.24,10.018
5.602,4.533,10.135
6.964,4.605,11.569
7.678,7.542,15.22
0.06,5.158,5.218
9.002,2.318,11.32
0.968,2.061,3.029
1.365,7.686,9.052
4.298,0.959,5.257
1.639,6.118,7.757
3.088,0.35,3.438
4.963,2.361,7.324
8.616,8.543,17.159
8.673,3.838,12.511
3.627,5.368,8.995
0.388,3.448,3.836
4.491,2.665,7.156
6.865,7.517,14.382
0.149,1.392,1.542
4.988,0.961,5.948
7.15,7.021,14.171
8.915,1.733,10.648
0.951,6.702,7.653
0.769,0.093,0.862
3.118,6.535,9.653
6.081,8.25,14.332
4.248,6.083,10.331
1.061,9.787,10.848
3.997,9.348,13.345
4.153,5.46,9.612
8.621,2.06,10.681
4.317,4.115,8.432
7.422,6.783,14.205
3.675,5.39,9.065
5.502,5.366,10.868
7.934,2.47,10.404
7.741,6.704,14.446
2.02,7.351,9.37
1.714,4.176,5.89
6.117,7.502,13.619
3.596,3.007,6.603
0.748,4.748,5.496
5.74,5.148,10.888
1.381,2.792,4.173
2.295,9.472,11.767
7.529,7.018,14.547
0.352,1.376,1.728
1.399,2.082,3.481
9.316,0.272,9.588
5.031,5.126,10.157
1.566,6.147,7.713
3.719,2.407,6.126
8.827,2.414,11.241
7.171,7.171,14.343
3.217,7.803,11.021
4.52,3.434,7.954
9.047,2.942,11.989
0.071,2.877,2.948
6.838,2.424,9.262
9.931,4.562,14.494
6.413,7.285,13.697
4.179,4.242,8.421
3.721,9.796,13.517
9.62,6.058,15.678
0.941,4.953,5.894
7.585,4.435,12.02
4.95,4.291,9.241
9.926,7.681,17.607
8.13,5.491,13.622
7.115,3.873,10.988
4.437,5.754,10.191
3.648,1.472,5.119
4.57,7.338,11.908
5.788,3.99,9.778
3.241,2.497,5.738
0.326,0.006,0.332
6.472,8.337,14.81
2.619,3.612,6.231
0.726,0.891,1.616
2.006,3.757,5.763
9.517,1.515,11.032
5.026,2.207,7.232
0.474,5.793,6.267
1.19,8.623,9.813
7.81,3.934,11.744
5.718,4.768,10.486
1.747,2.514,4.262
2.554,0.639,3.193
2.91,1.912,4.822
3.061,8.624,11.686
4.249,6.137,10.386
7.158,9.364,16.523
3.239,9.997,13.236
1.605,4.177,5.782
2.552,2.698,5.25
5.199,2.887,8.087
7.621,9.868,17.489
6.758,4.473,11.231
5.239,7.184,12.423
0.746,1.86,2.606
8.119,9.489,17.609
4.797,7.385,12.183
9.918,2.447,12.365
6.836,2.784,9.62
5.39,5.113,10.503
9.361,6.146,15.507
5.964,1.747,7.711
5.35,5.037,10.387
4.843,7.768,12.611
0.162,5.143,5.304
0.963,0.025,0.988
9.372,9.865,19.237
2.754,7.078,9.832
7.894,4.826,12.721
1.621,9.129,10.75
4.03,7.508,11.538
2.723,7.109,9.832
7.661,6.989,14.65
2.985,9.226,12.21
5.662,3.852,9.515
5.687,8.294,13.981
0.822,6.769,7.591
2.66,4.414,7.074
8.746,8.779,17.525
4.452,3.541,7.993
5.999,3.793,9.792
8.953,0.111,9.063
1.089,2.224,3.313
5.629,7.604,13.233
0.939,6.752,7.691
1.3,9.494,10.794
5.425,4.694,10.119
0.273,8.68,8.953
9.776,1.576,11.351
1.529,6.705,8.234
8.894,3.224,12.119
0.403,3.044,3.447
5.564,4.106,9.67
9.124,8.656,17.78
6.063,0.29,6.353
1.331,2.735,4.065
8.596,4.014,12.609
9.682,5.984,15.666
5.784,1.077,6.861
6.255,7.585,13.84
9.785,6.052,15.837
7.695,3.033,10.728
7.78,1.185,8.965
6.314,6.432,12.746
5.778,4.885,10.662
6.379,6.948,13.326
9.292,6.346,15.639
9.228,3.019,12.247
9.67,1.63,11.3
7.661,3.359,11.02
8.721,5.548,14.269
4.274,0.291,4.565
9.606,9.73,19.336
1.938,7.22,9.159
6.429,5.577,12.006
7.926,2.632,10.558
1.896,2.324,4.219
2.685,3.294,5.978
8.133,2.509,10.642
6.435,4.219,10.654
2.602,2.907,5.509
5.674,6.004,11.678
3.696,0.352,4.047
6.143,9.533,15.675
2.224,5.385,7.609
1.069,6.038,7.107
5.016,2.115,7.132
4.665,9.213,13.878
1.16,5.078,6.237
1.154,4.684,5.838
4.754,9.807,14.56
7.033,9.219,16.252
0.079,5.942,6.022
5.288,6.319,11.607
3.685,8.087,11.772
9.496,7.265,16.761
4.128,8.582,12.709
8.892,0.083,8.976
9.169,5.621,14.79
7.133,7.343,14.476
1.585,5.869,7.454
4.475,7.561,12.036
5.392,9.271,14.663
0.877,9.439,10.315
2.092,9.983,12.074
7.145,5.699,12.843
6.426,4.485,10.911
0.855,2.972,3.827
5.085,3.618,8.703
0.942,6.633,7.574
5.724,8.466,14.189
5.654,0.06,5.714
1.665,7.053,8.718
0.889,9.856,10.745
2.608,9.434,12.043
6.041,4.786,10.827
6.736,8.315,15.051
9.249,5.977,15.226
7.523,1.522,9.045
0.719,0.921,1.64
3.439,6.25,9.689
3.991,3.384,7.375
5.718,7.799,13.517
5.295,9.75,15.045
3.965,8.877,12.842
6.421,3.857,10.278
5.81,3.229,9.039
8.885,9.741,18.626
1.921,0.391,2.312
3.74,3.08,6.82
6.868,1.038,7.906
2.314,3.293,5.607
7.272,6.856,14.127
7.349,1.035,8.384
4.392,1.889,6.281
4.292,4.881,9.173
4.235,1.901,6.136
5.875,2.421,8.297
6.156,0.291,6.448
2.087,4.142,6.229
5.588,2.072,7.661
6.429,2.052,8.481
1.617,1.027,2.644
7.932,7.797,15.729
7.35,2.446,9.795
7.281,7.529,14.809
2.546,1.172,3.718
0.349,3.041,3.39
7.125,2.261,9.386
2.623,0.347,2.971
3.347,3.55,6.897
6.284,1.423,7.707
0.845,9.651,10.495
2.111,2.931,5.043
5.052,9.075,14.127
0.843,6.177,7.02
0.305,5.933,6.237
8.892,5.906,14.798
2.377,8.256,10.633
3.514,6.558,10.072
2.15,8.46,10.611
0.393,8.785,9.178
4.48,5.153,9.633
0.072,3.957,4.029
9.873,3.435,13.308
1.505,6.26,7.765
5.168,0.006,5.174
0.109,5.207,5.316
5.457,2.119,7.576
0.965,3.796,4.761
1.264,9.983,11.247
5.605,9.078,14.683
9.327,8.028,17.355
9.271,8.325,17.596
9.299,8.293,17.592
8.997,4.809,13.806
3.598,4.737,8.336
7.817,9.605,17.422
8.004,2.248,10.253
8.047,1.224,9.271
7.185,6.603,13.788
0.465,6.352,6.816
7.412,1.759,9.171
0.593,5.469,6.063
1.538,2.032,3.57
0.891,2.053,2.943
2.035,7.92,9.956
6.35,9.759,16.109
0.745,5.54,6.286
8.007,2.743,10.75
3.989,6.645,10.634
8.937,0.598,9.535
7.896,0.476,8.372
8.172,9.139,17.311
1.141,3.203,4.344
2.033,8.689,10.722
3.92,0.991,4.911
2.885,2.305,5.191
7.428,4.934,12.363
7.007,4.359,11.366
1.913,1.116,3.03
6.821,1.708,8.528
1.292,8.493,9.784
9.194,6.797,15.991
5.447,8.585,14.032
3.422,8.861,12.282
9.071,9.708,18.779
4.798,5.971,10.769
9.473,6.256,15.729
5.016,3.63,8.646
9.048,5.387,14.435
7.402,1.337,8.74
7.959,0.172,8.131
4.734,5.659,10.393
0.339,7.4,7.739
4.297,2.816,7.114
7.791,2.709,10.5
2.187,8.552,10.739
0.438,3.924,4.362
5.886,5.047,10.933
9.496,3.987,13.483
5.628,4.28,9.909
9.578,3.414,12.992
3.731,2.126,5.858
1.48,9.372,10.852
6.283,4.708,10.991
1.841,8.966,10.807
0.771,6.044,6.814
0.966,2.374,3.341
4.0,1.275,5.276
2.073,2.244,4.317
2.271,7.305,9.576
7.056,2.605,9.661
1.965,5.809,7.774
7.783,0.976,8.759
5.547,9.524,15.072
9.526,2.481,12.008
8.362,4.922,13.284
1.554,8.504,10.058
9.241,9.368,18.61
3.419,6.538,9.957
3.871,0.865,4.737
0.89,7.732,8.623
5.325,0.155,5.48
9.367,5.279,14.646
5.956,0.406,6.362
1.209,7.053,8.262
0.698,4.206,4.904
7.436,2.946,10.382
3.958,2.923,6.881
2.178,0.698,2.876
3.96,7.201,11.161
5.459,1.961,7.42
6.319,2.364,8.683
5.491,6.225,11.717
1.888,3.417,5.305
1.565,1.297,2.862
8.205,5.409,13.613
7.206,2.22,9.426
6.494,0.204,6.699
1.744,6.438,8.182
7.203,2.559,9.761
8.493,9.785,18.279
5.728,8.325,14.053
1.371,1.352,2.723
8.241,4.414,12.655
2.935,2.384,5.319
9.582,0.802,10.384
6.005,1.911,7.916
7.97,9.202,17.172
7.413,7.351,14.764
9.246,0.753,9.999
8.082,5.731,13.812
2.757,8.123,10.881
8.869,2.617,11.485
6.271,9.15,15.42
8.8,7.127,15.927
5.46,5.766,11.226
8.027,8.323,16.35
5.796,2.689,8.485
1.712,6.963,8.674
1.783,4.272,6.055
2.822,3.728,6.55
2.731,6.706,9.436
9.534,9.682,19.216
0.313,4.192,4.504
4.276,7.46,11.736
5.728,0.908,6.635
8.671,4.886,13.557
8.595,5.132,13.726
0.126,5.57,5.696
8.498,8.568,17.066
6.58,3.696,10.276
8.564,5.2,13.764
6.095,7.496,13.591
5.252,5.836,11.088
1.876,2.553,4.429
1.466,5.994,7.46
3.44,3.526,6.967
8.395,5.66,14.055
0.824,3.038,3.862
6.205,8.016,14.22
4.459,5.895,10.355
3.899,6.805,10.704
9.288,2.603,11.891
7.981,0.788,8.769
7.479,5.12,12.599
9.217,5.807,15.025
4.784,7.55,12.334
4.969,4.476,9.445
3.435,4.305,7.74
3.945,3.381,7.326
5.895,1.022,6.917
8.652,1.118,9.77
0.788,7.213,8.001
1.902,5.946,7.848
5.032,7.435,12.467
8.329,3.097,11.426
3.815,7.9,11.715
8.072,1.487,9.56
2.244,3.953,6.197
4.165,8.826,12.991
1.828,5.891,7.718
5.344,8.797,14.141
7.431,2.012,9.443
4.868,4.501,9.368
6.657,6.515,13.172
1.208,8.899,10.108
4.226,0.878,5.104
6.116,8.184,14.299
4.48,2.516,6.996
6.73,7.16,13.891
3.163,6.642,9.804
8.454,4.795,13.248
2.2,3.221,5.421
4.602,3.784,8.385
4.599,4.862,9.461
3.927,5.106,9.033
3.272,5.447,8.719
1.111,0.486,1.597
0.873,8.909,9.782
3.677,0.57,4.248
5.956,0.956,6.911
5.501,6.415,11.916
9.828,0.28,10.109
0.66,0.78,1.44
5.948,2.46,8.409
1.339,6.242,7.581
7.95,6.738,14.688
3.459,7.537,10.997
7.078,7.55,14.628
2.406,7.83,10.236
6.503,6.908,13.411
5.536,0.616,6.153
8.647,3.762,12.409
4.01,2.432,6.442
5.006,2.372,7.378
8.9,0.865,9.765
6.731,7.816,14.547
9.273,1.751,11.024
7.261,1.704,8.965
8.007,0.038,8.045
4.998,6.917,11.916
5.679,3.924,9.603
6.425,8.956,15.381
5.248,0.766,6.013
0.992,3.428,4.42
2.397,0.233,2.63
0.462,1.487,1.949
0.454,7.867,8.32
3.919,6.804,10.722
2.427,6.282,8.709
8.389,8.816,17.205
9.791,2.84,12.631
3.704,7.54,11.244
5.83,2.592,8.422
9.197,0.014,9.211
7.486,2.986,10.472
5.428,8.381,13.809
9.982,6.208,16.19
7.141,4.589,11.73
0.431,7.084,7.515
5.135,5.693,10.828
5.239,2.495,7.734
9.726,2.955,12.681
7.417,8.265,15.681
2.052,4.459,6.511
3.422,7.312,10.734
1.797,6.814,8.611
1.607,5.703,7.311
4.407,7.555,11.962
2.104,4.467,6.571
8.625,7.462,16.087
1.605,2.13,3.735
1.839,6.827,8.665
3.664,8.342,12.006
3.511,4.703,8.214
8.537,8.111,16.649
2.379,4.906,7.285
9.374,1.892,11.266
6.945,4.059,11.004
4.295,1.434,5.729
0.043,9.752,9.795
7.291,8.942,16.233
1.211,3.2,4.411
1.562,9.22,10.782
4.605,9.14,13.744
3.896,0.469,4.365
6.623,9.82,16.443
7.844,1.106,8.949
6.911,1.096,8.007
8.923,1.54,10.463
6.768,1.296,8.064
8.912,0.388,9.301
6.562,0.784,7.345
2.286,2.858,5.145
4.167,2.634,6.801
6.866,9.562,16.428
2.953,4.184,7.137
6.411,1.535,7.947
5.23,8.647,13.877
8.853,5.403,14.256
4.295,1.559,5.854
1.107,2.33,3.437
3.698,0.216,3.914
8.932,0.505,9.436
3.632,6.914,10.546
5.434,6.986,12.42
8.601,1.663,10.263
8.573,9.262,17.835
8.927,2.104,11.031
4.907,4.054,8.961
2.975,1.04,4.015
6.458,7.846,14.304
4.308,2.351,6.658
9.253,1.783,11.036
1.978,8.558,10.536
6.781,3.872,10.653
3.974,9.877,13.851
7.705,1.231,8.936
5.91,6.429,12.339
5.143,2.896,8.039
9.326,9.042,18.368
4.987,1.108,6.094
5.006,6.906,11.912
7.264,6.887,14.151
5.719,6.856,12.575
7.877,6.759,14.636
9.898,3.517,13.415
6.185,3.751,9.936
1.427,7.399,8.827
0.527,0.252,0.78
7.723,9.737,17.459
7.346,3.442,10.787
1.25,8.436,9.686
3.876,3.936,7.812
3.373,0.227,3.6
0.508,3.605,4.114
3.147,1.932,5.078
2.297,9.465,11.762
4.944,5.546,10.491
0.441,6.56,7.0
3.112,0.066,3.178
9.488,4.96,14.449
8.174,8.616,16.79
7.267,9.529,16.796
2.595,4.251,6.845
3.13,6.98,10.109
2.025,6.95,8.975
7.649,7.174,14.823
3.88,2.715,6.595
0.835,3.532,4.367
9.353,6.323,15.676
1.812,1.17,2.983
0.053,9.937,9.99
3.265,5.468,8.734
5.458,1.566,7.024
8.253,6.529,14.781
1.243,2.351,3.594
5.711,5.255,10.966
8.645,7.514,16.159
9.179,1.552,10.731
4.067,8.956,13.023
1.047,0.314,1.361
9.308,7.812,17.121
3.123,6.324,9.447
6.626,0.768,7.394
7.34,5.725,13.065
0.638,8.896,9.533
7.517,9.034,16.55
7.752,5.489,13.241
2.369,4.835,7.203
7.084,9.805,16.889
8.701,7.765,16.467
5.767,8.36,14.126
5.951,4.341,10.293
8.727,4.01,12.737
6.883,0.947,7.83
9.896,6.595,16.491
7.675,6.531,14.206
7.799,3.091,10.891
8.725,7.238,15.963
0.392,7.644,8.036
8.974,6.966,15.94
8.795,9.273,18.068
5.107,6.993,12.1
5.843,8.269,14.112
1.234,1.631,2.865
8.373,3.487,11.86
5.973,9.146,15.119
6.035,3.793,9.829
5.055,7.523,12.578
7.756,1.878,9.635
2.408,3.901,6.309
0.569,2.987,3.557
9.524,8.339,17.863
7.424,4.786,12.21
8.844,7.65,16.495
8.162,2.17,10.332
1.426,9.557,10.984
8.889,6.931,15.82
1.321,7.07,8.391
3.069,2.116,5.184
1.931,4.91,6.84
3.071,9.562,12.633
8.622,5.505,14.127
3.398,9.399,12.797
9.103,5.423,14.526
7.532,9.787,17.318
8.8,9.332,18.132
7.168,9.419,16.587
7.264,9.131,16.394
4.663,1.471,6.135
5.104,7.375,12.479
9.097,5.65,14.747
4.176,6.677,10.853
9.32,3.312,12.632
8.303,8.916,17.219
1.706,3.508,5.213
7.319,8.035,15.354
9.118,3.037,12.155
1.173,8.873,10.047
4.33,8.989,13.319
1.258,8.387,9.645
9.925,8.524,18.449
6.291,7.35,13.641
1.888,9.55,11.438
8.154,0.035,8.19
1.333,9.726,11.059
4.487,2.6,7.087
0.305,3.393,3.698
2.347,1.496,3.843
4.44,5.862,10.301
2.733,6.894,9.627
3.313,0.994,4.307
7.792,5.381,13.174
6.278,6.75,13.029
9.589,5.591,15.18
0.8,2.678,3.478
5.108,2.27,7.378
0.271,1.188,1.46
9.129,6.156,15.284
8.332,1.136,9.467
5.168,9.497,14.664
0.139,3.088,3.227
6.895,4.876,11.771
0.622,2.486,3.108
5.361,8.833,14.193
2.423,8.631,11.054
5.281,5.854,11.136
7.396,6.461,13.857
3.138,9.635,12.773
6.999,8.819,15.818
3.823,6.127,9.95
3.645,6.354,9.999
4.547,4.083,8.629
9.903,3.753,13.656
4.59,9.277,13.867
3.722,1.972,5.693
6.025,2.65,8.675
6.02,7.329,13.349
5.206,3.295,8.502
3.254,2.564,5.818
8.357,1.352,9.709
3.42,0.014,3.434
3.048,2.221,5.269
7.717,7.413,15.13
0.131,2.834,2.965
1.576,4.292,5.868
9.512,5.201,14.713
8.995,6.641,15.636
5.58,3.582,9.161
8.808,9.772,18.58
1.265,5.044,6.309
5.95,8.259,14.209
0.474,8.788,9.262
6.588,5.007,11.595
8.048,3.19,11.238
5.811,6.328,12.139
5.35,2.304,7.655
8.586,2.486,11.072
0.483,4.389,4.872
8.514,2.999,11.513
0.632,1.808,2.44
9.683,2.142,11.825
8.099,0.223,8.321
2.703,2.687,5.39
8.98,7.346,16.326
0.92,5.144,6.065
4.323,5.241,9.564
5.44,7.23,12.669
2.724,8.254,10.978
8.395,7.795,16.19
0.293,2.061,2.354
3.918,5.097,9.016
1.673,0.28,1.953
0.488,8.273,8.761
6.339,4.486,10.824
0.511,3.59,4.1
6.64,1.378,8.018
7.656,8.963,16.62
2.519,6.88,9.399
9.113,6.845,15.958
7.753,0.566,8.319
4.275,0.12,4.394
6.888,0.54,7.428
6.092,5.234,11.327
3.143,9.063,12.207
1.656,8.045,9.701
3.607,1.787,5.394
4.356,2.861,7.217
1.463,0.739,2.203
8.52,5.001,13.521
3.967,2.527,6.494
0.327,5.355,5.682
0.089,0.757,0.846
2.045,0.76,2.805
2.433,0.914,3.347
6.557,8.202,14.759
6.711,3.461,10.172
4.519,2.122,6.64
0.753,0.168,0.921
0.653,4.101,4.754
0.653,5.658,6.312
8.536,0.779,9.315
0.252,8.716,8.968
9.912,0.925,10.838
7.517,6.57,14.087
3.505,2.71,6.214
6.564,5.052,11.616
3.283,3.335,6.618
3.674,4.39,8.064
3.639,1.525,5.165
0.803,7.576,8.38
5.37,7.748,13.118
1.679,3.495,5.174
3.833,2.267,6.1
7.057,6.019,13.076
7.521,9.809,17.33
4.241,7.316,11.557
5.815,7.503,13.317
8.761,0.126,8.887
3.533,3.69,7.223
8.914,9.6,18.514
4.887,1.544,6.432
4.955,1.852,6.808
7.737,9.476,17.213
8.124,9.323,17.447
8.675,1.331,10.007
4.464,6.986,11.45
6.463,0.394,6.858
4.958,5.87,10.828
4.202,6.946,11.148
5.318,3.039,8.356
6.155,5.108,11.264
2.159,5.281,7.439
9.828,0.427,10.255
0.121,0.864,0.986
9.298,4.206,13.504
8.409,8.928,17.338
0.92,2.948,3.868
9.578,5.126,14.704
7.176,4.82,11.996
9.872,4.044,13.916
5.362,2.615,7.977
5.995,5.127,11.123
3.682,5.236,8.918
3.665,6.88,10.545
1.107,2.902,4.009
4.344,3.834,8.178
8.648,7.935,16.582
3.718,0.803,4.521
9.371,3.356,12.728
1.943,3.228,5.171
2.063,5.492,7.554
1.931,1.354,3.285
5.667,4.489,10.156
0.083,9.543,9.626
3.426,8.59,12.016
4.409,7.713,12.122
1.384,3.912,5.297
4.609,9.647,14.256
2.999,1.996,4.995
2.314,1.528,3.842
1.914,9.382,11.295
9.721,6.626,16.347
1.193,8.393,9.586
0.11,2.243,2.353
9.626,1.327,10.953
5.033,3.658,8.691
1.814,5.654,7.468
5.084,7.563,12.647
7.929,5.971,13.9
4.919,9.75,14.668
3.506,1.813,5.319
3.23,5.633,8.863
4.678,0.372,5.051
2.911,1.103,4.014
6.151,6.917,13.068
1.267,3.498,4.765
9.692,5.837,15.529
5.715,3.245,8.96
9.155,0.301,9.456
8.318,1.391,9.709
1.959,9.42,11.379
6.842,8.56,15.402
2.439,3.692,6.131
5.055,3.679,8.734
6.351,3.422,9.774
9.611,6.06,15.671
9.004,7.734,16.738
6.324,4.547,10.871
8.065,6.171,14.237
2.041,1.018,3.058
2.062,0.632,2.694
2.642,3.011,5.653
9.593,3.481,13.074
3.34,8.982,12.323
9.518,6.948,16.465
3.588,7.971,11.559
9.148,1.405,10.553
4.5,5.809,10.309
2.312,4.4,6.713
5.785,3.742,9.527
2.72,5.77,8.491
2.464,5.209,7.673
4.128,7.744,11.872
9.223,4.267,13.49
8.804,1.608,10.413
2.439,7.392,9.831
1.748,6.873,8.621
5.876,5.607,11.484
1.792,5.738,7.53
7.83,1.171,9.001
7.285,7.372,14.657
2.521,2.992,5.512
6.355,9.363,15.717
0.227,3.81,4.037
2.707,2.267,4.975
8.622,4.495,13.117
5.373,3.151,8.524
4.588,1.452,6.04
6.03,7.036,13.066
9.641,5.848,15.489
6.461,4.55,11.011
5.455,2.161,7.615
6.347,2.605,8.952
0.488,7.667,8.156
8.387,9.904,18.291
7.094,7.232,14.327
9.322,1.337,10.66
0.93,1.053,1.983
0.798,7.697,8.495
0.494,9.795,10.289
8.38,8.474,16.854
2.271,4.68,6.95
3.09,3.87,6.96
1.405,3.725,5.131
5.887,0.196,6.084
4.418,2.244,6.662
8.779,6.726,15.505
4.254,6.469,10.723
7.43,9.031,16.46
6.375,1.671,8.046
3.902,8.72,12.621
6.431,0.506,6.937
8.433,7.808,16.241
6.69,8.355,15.045
1.374,0.909,2.283
6.93,4.58,11.51
4.886,7.678,12.565
3.195,1.42,4.614
1.121,8.388,9.509
5.385,4.904,10.289
4.799,1.53,6.329
4.995,9.872,14.867
8.497,2.46,10.957
3.346,6.746,10.091
5.239,2.008,7.247
4.297,1.192,5.488
1.573,0.781,2.354
5.028,5.057,10.085
9.238,2.795,12.032
1.655,7.287,8.942
6.046,7.939,13.986
2.14,8.189,10.329
2.909,7.926,10.836
1.748,7.367,9.114
0.916,2.511,3.426
9.137,0.969,10.107
2.908,5.709,8.617
8.382,9.799,18.181
8.736,4.692,13.429
0.208,3.471,3.679
5.634,4.69,10.323
9.444,4.651,14.095
8.946,0.717,9.663
8.491,9.043,17.534
1.014,6.801,7.814
7.817,7.763,15.579
8.516,8.686,17.202
4.443,7.252,11.695
5.293,1.786,7.079
1.414,1.305,2.719
7.893,9.475,17.368
7.73,8.813,16.543
0.457,9.142,9.599
2.985,0.845,3.83
6.462,7.113,13.575
7.781,8.883,16.664
2.597,2.472,5.069
7.231,2.422,9.653
6.768,5.349,12.117
3.645,1.155,4.8
7.904,8.093,15.997
5.619,5.501,11.12
2.626,5.397,8.023
4.894,1.113,6.007
4.538,0.396,4.933
6.806,5.498,12.305
0.486,3.767,4.253
4.465,2.395,6.86
4.03,8.984,13.014
9.864,2.748,12.612
0.481,9.764,10.245
0.127,6.573,6.7
3.985,5.253,9.238
9.734,3.272,13.005
7.576,3.917,11.493
5.227,1.186,6.413
3.069,4.14,7.21
2.315,2.27,4.585
5.024,7.967,12.991
6.203,8.225,14.428
4.991,2.095,7.086
2.093,0.76,2.853
4.079,0.423,4.503
8.787,5.057,13.845
2.47,7.84,10.31
9.627,1.475,11.102
3.092,8.357,11.448
0.963,7.015,7.978
2.569,4.188,6.757
6.123,4.898,11.022
0.903,4.28,5.183
3.959,8.377,12.336
7.796,8.117,15.913
6.451,1.849,8.3
0.933,8.682,9.615
2.629,2.294,4.923
9.199,5.313,14.512
6.35,2.81,9.16
6.408,7.47,13.878
2.464,8.514,10.978
4.711,3.074,7.785
6.286,2.76,9.045
3.746,2.155,5.901
5.024,5.023,10.047
4.081,7.554,11.635
7.367,4.926,12.293
4.083,6.687,10.769
7.605,4.439,12.043
3.447,5.167,8.614
7.848,5.237,13.084
8.644,0.094,8.738
0.46,8.7,9.16
0.476,4.187,4.663
7.007,2.853,9.861
5.715,7.424,13.14
3.551,8.791,12.343
9.109,9.426,18.535
4.227,7.169,11.396
1.863,6.604,8.467
2.184,4.183,6.368
1.528,5.123,6.651
3.813,5.558,9.371
0.621,7.694,8.315
2.703,0.667,3.37
2.397,1.387,3.784
0.958,2.833,3.791
5.942,3.386,9.328
2.998,3.653,6.651
4.871,2.084,6.955
7.967,7.003,14.97
7.099,3.776,10.874
8.67,1.929,10.599
7.332,5.211,12.543
3.197,5.089,8.285
9.511,3.368,12.879
5.583,4.889,10.472
1.157,0.33,1.487
5.6,2.248,7.847
3.791,1.181,4.972
2.292,0.669,2.961
2.687,1.817,4.504
2.727,3.954,6.681
9.481,2.839,12.32
0.68,1.058,1.738
1.987,2.18,4.167
9.551,7.394,16.945
4.258,2.299,6.557
3.014,1.506,4.52
6.788,2.039,8.827
8.682,3.25,11.932
2.909,5.661,8.57
1.016,8.702,9.718
2.946,1.823,4.769
9.683,2.321,12.004
0.044,6.435,6.48
9.906,9.845,19.751
5.331,2.667,7.998
7.616,8.465,16.08
9.991,9.685,19.677
5.926,3.215,9.141
6.173,7.689,13.861
4.228,3.062,7.29
7.104,8.643,15.747
3.932,0.94,4.872
0.753,7.238,7.991
4.742,8.216,12.958
6.901,4.44,11.341
8.525,3.099,11.624
4.363,5.063,9.426
6.211,2.046,8.257
2.454,6.205,8.659
0.426,6.321,6.747
2.639,1.679,4.319
5.243,1.804,7.047
7.43,0.374,7.804
0.634,7.871,8.505
0.68,4.322,5.002
0.25,3.847,4.097
5.207,1.467,6.674
6.726,1.539,8.265
1.085,2.877,3.962
9.956,8.209,18.165
4.022,8.631,12.653
0.642,7.059,7.701
9.141,9.569,18.71
8.73,8.731,17.461
8.874,7.874,16.748
8.364,4.485,12.85
0.253,0.603,0.856
3.987,6.248,10.236
3.345,3.8,7.145
4.239,4.882,9.121
9.151,1.027,10.178
7.287,7.395,14.682
6.204,6.612,12.816
2.671,5.208,7.879
7.399,1.096,8.496
4.746,9.717,14.463
0.863,2.166,3.029
0.228,6.699,6.927
5.005,1.117,6.122
5.367,8.954,14.321
7.61,3.82,11.43
0.765,8.862,9.626
2.769,6.658,9.427
7.685,6.228,13.914
7.63,2.447,10.077
2.717,9.641,12.358
4.556,7.593,12.148
7.377,2.742,10.12
9.521,7.049,16.57
2.091,7.239,9.33
8.324,2.115,10.438
8.318,8.349,16.666
6.473,8.093,14.566
0.388,0.861,1.248
4.224,5.25,9.474
1.504,4.037,5.541
3.162,4.968,8.13
6.526,2.433,8.959
0.458,3.693,4.151
2.163,1.519,3.683
3.934,4.294,8.228
7.918,0.859,8.777
3.033,1.573,4.606
2.945,9.038,11.983
2.234,0.06,2.295
8.494,7.854,16.348
4.699,8.236,12.935
4.883,4.795,9.677
6.242,4.989,11.231
6.023,7.92,13.943
1.32,3.793,5.113
7.392,5.968,13.36
0.424,1.161,1.585
6.463,1.43,7.893
9.245,4.243,13.487
8.016,9.134,17.15
2.797,6.201,8.998
2.295,6.451,8.746
9.477,9.849,19.326
7.349,2.426,9.775
2.115,4.952,7.067
6.876,7.755,14.631
4.584,6.622,11.206
2.449,7.332,9.781
7.991,6.731,14.722
5.475,9.186,14.661
8.556,3.015,11.571
2.444,1.001,3.445
8.167,6.367,14.534
6.034,8.094,14.128
5.836,5.918,11.753
8.668,5.536,14.203
6.734,9.641,16.375
4.957,8.602,13.558
5.842,8.616,14.458
5.292,9.326,14.618
6.922,9.177,16.1
8.516,9.294,17.809
0.855,0.102,0.957
8.739,6.678,15.417
6.478,3.931,10.408
1.105,8.148,9.253
2.758,8.661,11.419
5.121,9.225,14.346
6.008,1.104,7.112
4.538,8.063,12.6
8.752,4.801,13.553
6.034,3.11,9.144
1.963,8.006,9.969
1.125,5.936,7.061
9.582,2.709,12.291
7.503,2.727,10.23
3.249,0.72,3.969
9.628,0.095,9.723
1.257,2.734,3.992
8.922,5.178,14.1
2.426,3.813,6.239
3.216,6.238,9.454
9.943,8.648,18.592
5.649,7.838,13.487
2.701,7.461,10.162
3.482,9.734,13.215
5.416,1.377,6.792
3.399,9.329,12.727
7.963,7.066,15.03
1.727,2.904,4.632
4.11,8.577,12.687
4.508,8.787,13.295
7.332,0.242,7.573
2.52,6.988,9.507
9.432,9.195,18.627
6.787,9.325,16.112
8.266,6.281,14.547
4.773,5.254,10.027
5.512,8.629,14.141
8.389,6.559,14.948
5.612,7.303,12.915
0.701,5.031,5.732
6.572,9.75,16.322
3.049,1.506,4.555
2.359,6.488,8.847
7.5,6.663,14.164
4.214,6.617,10.831
3.434,5.061,8.494
5.438,7.936,13.374
1.209,1.109,2.318
6.278,7.63,13.908
5.651,3.77,9.421
5.546,2.186,7.732
0.859,9.577,10.435
0.719,5.999,6.718
0.459,5.397,5.856
6.291,8.612,14.904
5.532,2.102,7.634
0.275,2.241,2.516
4.031,0.986,5.016
3.989,8.655,12.644
3.755,2.398,6.152
6.156,6.146,12.301
4.428,8.333,12.761
9.978,2.456,12.434
1.095,0.941,2.036
7.261,5.295,12.555
7.458,2.439,9.897
2.71,3.263,5.973
3.589,2.514,6.102
5.958,6.659,12.616
1.749,0.75,2.499
3.028,7.062,10.09
0.574,1.934,2.508
1.265,6.641,7.905
6.43,1.339,7.769
6.341,8.264,14.605
5.557,3.154,8.711
9.44,9.131,18.571
9.336,9.994,19.331
5.583,1.692,7.274
0.195,6.689,6.884
3.326,3.111,6.437
5.737,6.858,12.595
7.46,0.438,7.899
6.901,2.434,9.335
7.432,1.832,9.263
1.27,8.402,9.672
2.497,8.62,11.117
5.462,2.907,8.369
6.07,3.925,9.995
2.197,7.373,9.57
1.555,5.236,6.791
2.154,5.665,7.82
4.164,3.994,8.159
8.443,1.803,10.246
4.513,1.412,5.925
5.327,9.524,14.851
0.67,4.748,5.418
1.736,4.681,6.417
9.23,1.297,10.527
6.552,7.158,13.71
8.414,2.483,10.897
3.334,9.684,13.017
1.051,7.05,8.101
4.265,8.474,12.739
2.536,6.195,8.73
7.722,8.017,15.739
5.955,5.977,11.931
4.271,7.966,12.237
4.857,8.301,13.158
2.742,4.926,7.668
9.379,3.691,13.07
9.51,3.727,13.237
5.4,0.198,5.598
0.002,4.942,4.944
0.439,9.008,9.447
4.818,9.846,14.664
1.847,2.934,4.781
5.973,9.713,15.686
5.793,1.016,6.809
8.321,6.081,14.402
7.899,8.797,16.695
7.893,9.73,17.624
8.756,5.393,14.149
0.543,9.554,10.097
7.204,7.274,14.478
9.895,2.916,12.811
2.125,4.082,6.207
9.34,9.714,19.054
5.142,9.055,14.198
0.076,3.889,3.964
1.206,2.926,4.132
0.967,5.995,6.962
4.037,1.308,5.345
6.983,8.185,15.168
1.184,2.488,3.672
1.406,5.257,6.664
1.304,1.733,3.037
5.294,0.463,5.757
9.092,1.372,10.465
7.822,0.574,8.397
7.022,5.221,12.243
8.391,4.793,13.184
9.019,4.687,13.706
9.967,7.123,17.09
2.517,7.9,10.417
6.551,1.528,8.079
5.307,0.298,5.604
6.801,4.813,11.614
4.312,7.311,11.623
6.263,2.853,9.116
9.192,5.456,14.648
7.299,2.551,9.85
3.105,6.84,9.944
2.654,7.248,9.901
2.705,8.468,11.174
6.69,9.415,16.105
7.572,9.701,17.273
7.954,2.741,10.695
3.806,7.077,10.883
0.843,6.29,7.133
4.281,2.106,6.387
9.355,0.861,10.216
4.746,8.914,13.66
0.343,4.322,4.665
5.443,7.356,12.798
2.218,2.248,4.465
1.523,9.347,10.87
1.82,8.426,10.247
5.254,1.923,7.177
1.387,0.259,1.646
1.718,5.797,7.515
9.095,2.361,11.456
7.892,3.921,11.813
1.053,6.507,7.56
5.444,9.655,15.099
6.048,1.56,7.608
0.142,1.192,1.334
1.787,3.163,4.95
6.277,4.917,11.194
1.23,5.7,6.93
8.177,3.539,11.716
4.423,2.223,6.646
1.496,2.92,4.416
4.46,0.537,4.998
0.705,7.831,8.536
1.244,2.289,3.533
2.84,2.722,5.562
1.764,8.976,10.74
4.208,0.104,4.312
6.323,0.819,7.142
2.577,9.031,11.608
1.492,1.731,3.222
6.097,7.763,13.859
2.992,3.433,6.425
8.64,2.316,10.957
1.075,5.61,6.685
8.177,5.958,14.135
7.902,8.859,16.761
2.471,5.566,8.036
5.445,3.674,9.119
3.24,5.741,8.981
6.839,9.727,16.566
9.271,8.375,17.645
8.636,0.869,9.505
1.437,3.476,4.914
4.765,1.842,6.608
4.931,0.985,5.916
6.709,9.251,15.96
3.24,6.348,9.588
2.368,6.165,8.533
3.522,3.706,7.228
4.544,6.075,10.618
5.457,0.336,5.793
2.877,9.927,12.804
5.77,4.735,10.505
5.477,1.634,7.111
4.314,0.852,5.166
2.69,3.308,5.998
8.917,0.013,8.93
9.777,1.066,10.844
8.743,9.982,18.725
5.487,6.792,12.278
5.148,1.616,6.763
4.102,3.848,7.95
2.58,0.812,3.392
4.458,2.485,6.944
4.514,7.525,12.039
3.536,3.906,7.442
0.399,2.338,2.738
5.48,2.83,8.31
6.85,5.178,12.028
7.523,8.794,16.317
8.104,7.179,15.283
9.546,8.334,17.881
5.823,8.157,13.979
4.756,9.892,14.648
0.12,5.691,5.811
1.47,2.348,3.818
6.765,6.695,13.459
5.536,6.488,12.025
1.982,4.017,5.999
4.698,7.948,12.646
1.317,3.006,4.323
2.569,1.856,4.425
3.389,7.531,10.921
4.983,4.892,9.875
4.062,9.649,13.711
6.787,5.265,12.052
2.705,2.897,5.602
1.358,6.736,8.093
9.118,7.139,16.256
1.051,0.313,1.365
8.839,7.167,16.006
0.805,1.261,2.066
1.706,6.06,7.766
1.604,9.719,11.323
0.139,6.984,7.122
6.192,2.577,8.768
7.947,9.265,17.212
8.33,2.485,10.815
0.308,6.264,6.572
2.03,9.826,11.856
4.477,0.886,5.363
4.723,8.343,13.065
4.99,2.177,7.167
1.253,7.694,8.947
9.453,1.471,10.925
4.042,1.536,5.579
5.421,8.67,14.091
9.188,1.772,10.96
7.266,0.842,8.109
3.174,8.333,11.508
7.051,4.093,11.144
9.712,0.635,10.347
6.774,2.063,8.837
0.396,8.353,8.749
8.689,2.531,11.22
8.737,8.923,17.66
5.41,0.62,6.031
4.357,8.027,12.384
7.692,1.748,9.44
4.913,8.965,13.878
4.256,7.47,11.726
6.787,6.991,13.779
8.335,8.176,16.511
8.981,4.5,13.481
6.55,6.643,13.194
1.049,8.228,9.277
1.818,3.529,5.348
7.748,3.689,11.437
8.406,6.547,14.952
9.259,0.66,9.919
0.264,5.542,5.806
4.565,1.347,5.912
1.063,2.707,3.769
6.907,6.876,13.783
2.151,9.224,11.376
8.244,7.324,15.568
4.993,6.699,11.692
9.9,1.966,11.866
4.766,1.372,6.138
5.14,6.459,11.599
3.71,7.883,11.593
8.248,1.593,9.841
1.083,4.451,5.534
8.148,3.276,11.424
1.944,8.931,10.876
8.446,1.696,10.142
2.194,6.602,8.796
7.043,8.731,15.774
1.028,5.514,6.542
6.514,6.808,13.322
5.37,6.849,12.219
2.841,2.169,5.01
5.641,3.832,9.473
6.949,4.887,11.836
0.018,6.442,6.46
6.178,7.038,13.217
1.599,4.259,5.858
4.477,3.439,7.915
9.4,7.421,16.821
8.467,7.199,15.666
6.888,9.286,16.174
9.178,9.18,18.358
4.107,1.67,5.776
8.74,8.499,17.24
7.373,6.15,13.522
5.793,2.919,8.712
2.072,4.536,6.607
8.658,6.193,14.851
5.786,1.534,7.32
5.22,6.641,11.861
2.379,3.145,5.523
9.98,7.892,17.872
3.754,9.435,13.189
5.24,5.923,11.163
3.255,5.819,9.074
0.589,1.588,2.176
2.78,8.777,11.557
3.938,7.904,11.842
3.623,1.622,5.245
8.45,8.441,16.892
5.939,7.904,13.844
5.995,9.803,15.798
9.586,2.558,12.143
6.954,2.682,9.636
0.933,8.129,9.062
4.53,0.244,4.774
5.965,6.613,12.578
9.112,2.991,12.103
5.246,2.979,8.225
0.702,6.825,7.527
2.309,3.872,6.181
7.212,4.834,12.046
2.598,1.421,4.019
6.19,5.158,11.348
9.16,7.796,16.956
0.668,4.276,4.944
4.585,4.241,8.827
1.274,8.283,9.556
0.123,9.566,9.689
0.982,0.797,1.779
2.636,0.393,3.029
6.794,0.666,7.461
2.782,2.882,5.664
8.709,3.351,12.06
2.958,0.938,3.897
0.18,3.061,3.241
6.321,7.909,14.23
5.863,3.59,9.454
4.253,2.094,6.347
3.822,9.126,12.948
2.58,0.068,2.648
5.819,9.537,15.356
1.594,6.578,8.172
5.637,8.867,14.504
8.031,5.41,13.44
1.724,0.319,2.042
0.491,1.179,1.67
6.722,4.468,11.19
8.941,1.442,10.382
3.599,3.476,7.075
3.933,9.099,13.032
7.158,6.499,13.656
8.529,1.607,10.135
9.206,3.93,13.136
8.231,8.311,16.542
1.786,0.021,1.807
8.546,8.389,16.935
8.818,6.063,14.881
0.276,6.592,6.868
8.091,6.268,14.359
8.763,5.841,14.603
4.726,3.818,8.544
4.442,6.964,11.406
0.346,1.586,1.932
1.78,8.244,10.025
1.281,2.35,3.631
6.189,1.264,7.453
3.666,2.66,6.326
0.323,5.378,5.701
9.274,2.395,11.668
3.212,5.894,9.106
7.98,8.728,16.708
5.575,1.502,7.077
5.585,5.683,11.268
6.839,4.399,11.238
5.599,4.896,10.495
5.815,6.964,12.778
1.502,3.352,4.854
0.137,4.523,4.659
9.109,9.358,18.467
7.578,4.353,11.93
0.95,6.151,7.101
4.376,7.289,11.664
8.927,5.501,14.428
5.044,8.52,13.564
6.701,7.104,13.805
9.596,5.734,15.33
7.166,0.659,7.824
4.267,8.671,12.938
7.46,3.125,10.585
7.4,0.348,7.748
2.847,8.394,11.241
7.065,2.9,9.965
5.441,7.366,12.807
9.259,2.33,11.589
5.512,9.79,15.302
5.17,4.714,9.885
9.538,1.302,10.84
2.133,9.349,11.482
6.101,9.031,15.132
6.227,4.093,10.319
5.338,7.793,13.131
3.675,3.44,7.115
7.278,4.896,12.173
2.698,2.228,4.926
0.145,2.602,2.747
6.029,0.718,6.747
4.192,8.896,13.088
1.751,7.054,8.805
9.402,2.812,12.214
4.068,9.447,13.515
7.372,4.111,11.483
4.91,8.499,13.409
2.542,1.77,4.312
5.393,4.18,9.573
0.312,6.85,7.163
4.989,0.284,5.274
7.448,3.288,10.737
6.258,8.018,14.276
0.33,4.392,4.722
6.447,9.144,15.59
7.081,1.599,8.68
4.018,5.701,9.719
4.552,4.787,9.339
4.106,3.753,7.859
5.573,0.966,6.539
7.067,4.37,11.437
6.606,3.442,10.047
3.237,3.094,6.331
2.018,8.217,10.235
4.689,1.176,5.865
1.779,4.394,6.173
0.744,7.354,8.098
0.652,2.157,2.809
4.311,6.555,10.867
3.741,8.639,12.38
6.142,3.47,9.612
3.172,0.822,3.994
6.19,2.396,8.587
9.328,0.859,10.188
7.988,3.996,11.985
8.884,2.159,11.043
5.425,5.924,11.349
2.692,2.852,5.544
2.452,5.725,8.176
1.372,3.769,5.141
3.398,9.224,12.622
9.163,0.596,9.759
7.575,1.255,8.83
4.474,5.05,9.523
7.923,5.158,13.081
9.763,1.993,11.756
9.371,0.595,9.966
0.902,0.713,1.615
2.485,9.6,12.085
5.122,4.144,9.266
1.636,5.003,6.638
7.162,8.079,15.241
1.814,9.357,11.171
6.209,4.836,11.045
1.252,9.698,10.951
2.564,2.086,4.65
5.987,2.823,8.809
2.49,9.277,11.768
5.316,6.402,11.718
5.66,3.014,8.674
5.445,4.293,9.738
6.808,2.207,9.015
4.219,4.032,8.251
3.883,1.98,5.863
7.339,7.264,14.603
3.051,4.895,7.946
3.574,7.226,10.8
1.839,3.24,5.079
2.5,6.704,9.204
4.561,9.813,14.374
7.273,3.207,10.48
6.806,8.127,14.933
1.362,7.09,8.452
6.337,0.616,6.953
1.385,4.684,6.069
1.792,9.286,11.078
2.268,1.086,3.354
0.587,3.941,4.528
0.561,5.847,6.408
7.187,8.293,15.481
9.518,3.948,13.466
0.311,9.785,10.096
5.84,9.576,15.416
9.047,2.057,11.104
0.766,3.352,4.118
8.219,7.037,15.256
6.561,7.638,14.199
9.223,4.016,13.24
6.781,2.426,9.207
1.065,0.63,1.695
1.639,6.104,7.744
4.396,9.001,13.398
3.586,1.766,5.353
1.37,8.352,9.723
9.076,2.111,11.187
4.9,5.442,10.342
6.537,0.142,6.678
6.422,2.963,9.385
7.933,0.021,7.954
0.106,0.791,0.898
4.731,9.769,14.5
3.118,1.208,4.326
1.732,0.961,2.693
2.643,5.802,8.445
8.462,7.871,16.334
7.746,7.189,14.936
1.524,7.904,9.428
3.203,2.803,6.007
7.36,5.176,12.536
5.558,4.057,9.615
6.878,4.603,11.481
1.454,7.125,8.579
4.433,3.81,8.243
1.383,9.229,10.612
3.574,0.824,4.398
4.432,5.491,9.923
7.338,6.286,13.624
8.428,1.04,9.469
3.149,4.462,7.611
5.976,5.386,11.361
9.168,0.211,9.379
9.551,6.18,15.731
1.81,1.006,2.817
7.133,3.799,10.932
4.955,5.862,10.817
7.873,0.341,8.215
0.972,0.586,1.558
7.614,4.928,12.542
6.192,2.061,8.253
6.488,3.399,9.887
8.198,3.347,11.545
3.458,2.983,6.441
0.013,6.541,6.555
5.282,6.862,12.143
7.127,5.469,12.596
9.807,3.801,13.608
5.82,8.432,14.252
3.203,2.989,6.192
4.302,4.602,8.904
8.116,9.52,17.635
7.854,7.619,15.473
9.051,8.661,17.711
5.21,8.004,13.215
4.981,1.304,6.286
0.025,9.988,10.013
6.991,2.699,9.69
2.779,1.546,4.325
3.124,8.707,11.831
0.193,6.501,6.695
2.391,0.624,3.015
8.837,4.403,13.24
0.812,9.605,10.416
2.781,5.599,8.38
4.208,7.805,12.014
7.314,6.921,14.236
8.211,2.969,11.18
9.882,8.74,18.622
2.617,3.686,6.303
3.521,0.609,4.13
8.407,2.802,11.209
0.819,0.608,1.427
7.032,0.598,7.63
6.945,4.268,11.214
9.531,2.066,11.597
9.518,0.784,10.302
0.039,6.839,6.878
6.474,7.92,14.394
0.589,4.767,5.356
6.309,3.928,10.237
4.923,6.616,11.54
3.74,4.156,7.896
4.71,2.606,7.316
0.95,6.028,6.978
5.196,2.572,7.768
2.285,5.443,7.729
0.336,6.905,7.241
0.753,5.707,6.46
5.563,2.237,7.8
8.784,2.122,10.905
8.715,7.718,16.432
3.8,7.728,11.528
2.279,6.495,8.773
7.005,4.232,11.237
0.741,6.853,7.594
2.704,7.907,10.611
2.845,9.937,12.782
4.192,8.935,13.127
0.084,1.909,1.993
4.985,1.338,6.323
2.799,7.935,10.734
0.402,4.365,4.767
1.124,9.21,10.335
2.893,4.198,7.091
7.849,2.691,10.54
0.093,8.6,8.693
3.321,3.576,6.897
0.344,2.435,2.78
1.282,8.691,9.973
4.45,1.629,6.079
7.423,1.747,9.17
7.001,7.498,14.5
2.903,2.679,5.582
5.713,0.099,5.812
1.442,3.268,4.711
2.555,2.237,4.792
4.104,0.831,4.935
7.887,6.181,14.068
2.454,4.442,6.896
3.837,4.743,8.58
6.576,2.933,9.509
1.578,4.94,6.517
9.618,5.854,15.472
1.3,6.076,7.376
0.41,1.332,1.742
6.366,7.325,13.692
4.457,2.302,6.759
7.781,2.498,10.279
6.191,2.581,8.772
9.777,8.134,17.911
0.966,9.366,10.331
8.324,7.562,15.885
0.041,8.914,8.955
9.521,6.45,15.971
7.955,5.258,13.213
3.481,4.636,8.117
3.243,1.409,4.653
1.757,1.663,3.42
1.893,9.24,11.134
6.777,3.633,10.409
5.697,8.619,14.316
0.153,6.281,6.433
8.258,4.631,12.889
2.453,1.585,4.038
1.786,3.106,4.892
7.279,1.581,8.86
8.739,9.224,17.963
9.197,3.244,12.441
1.69,9.784,11.474
9.35,5.647,14.996
7.804,1.442,9.247
4.096,3.282,7.378
8.265,0.949,9.214
8.053,8.088,16.141
2.925,0.552,3.477
9.096,1.049,10.144
8.202,5.243,13.445
9.914,2.458,12.371
4.996,5.261,10.257
7.647,9.191,16.838
8.4,4.805,13.205
7.752,7.92,15.671
3.862,2.697,6.558
1.16,2.574,3.735
0.149,0.785,0.934
4.435,4.568,9.002
9.178,4.545,13.723
0.881,8.469,9.35
8.598,5.611,14.209
5.698,7.557,13.255
3.907,8.146,12.054
0.651,6.195,6.846
1.346,4.75,6.096
1.263,4.239,5.503
1.858,5.866,7.724
6.335,5.577,11.912
8.68,6.168,14.849
0.439,5.241,5.68
9.683,9.203,18.885
2.098,4.644,6.742
2.785,7.247,10.032
2.886,5.006,7.892
5.622,8.665,14.286
3.716,4.983,8.7
1.472,2.865,4.337
9.501,4.528,14.029
1.552,5.577,7.129
8.661,8.965,17.626
9.432,5.336,14.768
6.071,6.158,12.23
0.685,5.448,6.133
3.939,7.317,11.256
3.373,3.694,7.067
8.324,1.543,9.866
1.395,7.704,9.1
3.64,5.905,9.545
7.436,9.826,17.262
4.714,1.765,6.478
4.497,7.909,12.406
2.154,3.002,5.156
1.755,0.269,2.024
2.515,3.71,6.225
6.072,7.451,13.523
3.341,0.541,3.882
5.256,9.871,15.127
4.745,5.517,10.262
5.283,9.409,14.692
1.453,7.524,8.977
9.089,0.946,10.035
4.522,7.155,11.677
2.921,5.709,8.63
8.622,7.152,15.774
9.321,5.098,14.419
6.537,7.155,13.692
2.547,0.593,3.14
6.241,1.105,7.346
5.944,7.259,13.203
0.323,9.934,10.257
9.423,0.568,9.991
9.175,3.671,12.846
2.46,1.381,3.841
7.644,8.888,16.533
8.672,9.556,18.228
7.513,8.641,16.154
2.713,4.958,7.671
4.696,9.433,14.129
0.146,4.56,4.706
0.922,1.005,1.927
1.075,2.103,3.178
4.425,2.658,7.084
2.36,0.29,2.65
7.153,6.474,13.627
9.158,8.026,17.184
3.179,9.972,13.151
9.115,1.443,10.558
8.771,4.514,13.284
0.527,7.328,7.854
8.181,5.526,13.707
6.748,5.611,12.359
3.354,4.551,7.905
7.3,3.271,10.571
6.273,1.656,7.929
9.13,1.841,10.971
8.931,8.101,17.031
7.874,7.511,15.385
8.254,5.514,13.767
5.129,5.085,10.214
4.3,6.476,10.776
3.044,3.856,6.9
7.755,7.999,15.755
1.434,3.682,5.116
8.341,3.165,11.506
7.279,0.442,7.721
6.749,8.943,15.692
8.179,1.44,9.619
5.151,6.166,11.317
9.562,9.173,18.735
4.154,8.98,13.134
5.212,7.56,12.772
7.148,7.518,14.666
6.773,4.361,11.135
0.83,4.816,5.646
1.956,8.297,10.253
1.31,6.8,8.11
0.516,4.857,5.373
3.657,8.781,12.438
0.26,0.172,0.432
6.858,7.11,13.968
1.222,9.736,10.958
6.766,6.105,12.872
8.694,2.081,10.775
2.201,0.695,2.896
0.312,3.457,3.769
1.25,5.509,6.759
0.075,9.607,9.682
6.455,6.811,13.266
0.034,1.282,1.317
0.742,6.485,7.226
4.506,5.981,10.488
4.404,7.688,12.092
1.72,7.192,8.913
8.425,7.885,16.309
6.85,1.256,8.106
9.15,0.452,9.603
5.623,0.976,6.599
8.509,3.942,12.451
9.2,5.871,15.071
8.567,3.353,11.92
6.063,8.768,14.832
6.624,6.531,13.155
9.335,5.36,14.695
8.133,4.596,12.729
3.041,2.78,5.822
2.407,5.459,7.866
5.222,1.524,6.747
5.626,6.571,12.197
8.758,4.91,13.668
9.037,8.001,17.037
2.729,6.174,8.903
6.092,8.361,14.453
3.334,4.974,8.309
0.863,2.508,3.371
8.324,9.792,18.116
8.391,7.744,16.134
2.768,7.635,10.402
6.621,7.686,14.308
1.894,3.258,5.152
7.754,0.724,8.477
6.379,6.809,13.188
9.15,5.008,14.158
6.253,6.587,12.841
3.444,4.943,8.387
0.657,1.578,2.236
3.881,6.491,10.372
8.382,3.318,11.7
2.76,3.726,6.486
8.251,0.961,9.212
2.745,1.62,4.365
9.687,9.824,19.512
2.684,9.872,12.555
0.507,9.532,10.04
6.959,7.799,14.758
7.862,7.15,15.012
7.754,9.598,17.351
4.625,8.142,12.767
9.856,0.446,10.302
5.227,6.857,12.084
6.629,0.178,6.806
3.237,0.147,3.385
5.165,3.96,9.125
2.769,8.17,10.939
8.875,8.854,17.729
2.53,7.745,10.274
0.628,4.974,5.602
9.513,6.803,16.316
7.002,5.182,12.183
8.631,9.16,17.791
2.454,5.852,8.306
0.18,9.841,10.022
7.126,3.048,10.174
2.827,0.802,3.628
1.013,3.265,4.277
0.928,6.313,7.241
0.057,2.681,2.739
1.291,6.531,7.822
9.183,4.323,13.506
0.395,1.507,1.902
6.803,5.286,12.089
3.379,5.485,8.864
7.964,2.434,10.399
8.92,3.923,12.843
6.204,4.272,10.476
6.135,2.785,8.92
0.238,2.292,2.53
4.543,3.393,7.936
3.976,3.71,7.686
9.227,1.856,11.084
9.895,9.666,19.561
3.637,1.843,5.481
8.495,7.158,15.653
4.56,8.899,13.459
9.944,4.193,14.137
0.879,3.709,4.589
6.932,5.639,12.571
9.318,7.394,16.712
2.781,6.576,9.357
3.502,5.653,9.155
1.917,6.002,7.919
9.897,0.266,10.163
5.548,3.53,9.078
3.33,6.482,9.812
3.607,3.197,6.805
3.475,6.309,9.784
9.554,2.852,12.406
0.126,5.106,5.232
6.962,2.624,9.586
9.91,9.148,19.059
5.241,7.571,12.812
6.808,6.424,13.232
8.262,2.095,10.357
5.861,0.913,6.774
0.59,6.011,6.602
3.545,4.12,7.665
7.872,6.13,14.002
3.015,5.345,8.36
9.669,5.209,14.878
1.694,3.205,4.899
9.952,7.581,17.533
5.418,8.899,14.317
6.136,6.244,12.381
4.51,3.554,8.064
2.549,8.468,11.017
4.159,9.299,13.458
9.646,1.927,11.573
9.493,7.883,17.375
6.245,9.14,15.385
1.805,7.685,9.49
0.777,6.871,7.647
8.083,3.049,11.132
0.1,3.501,3.601
0.369,4.104,4.473
3.941,2.647,6.588
6.018,1.136,7.154
5.634,9.383,15.017
0.561,9.491,10.052
3.049,6.801,9.849
5.623,7.75,13.373
8.146,6.114,14.26
6.443,9.198,15.641
6.066,3.136,9.202
5.475,8.319,13.794
1.018,0.857,1.875
0.402,1.702,2.104
9.506,6.874,16.381
7.264,8.644,15.908
6.364,0.559,6.924
4.499,5.119,9.617
2.182,4.16,6.342
6.927,2.483,9.41
3.398,3.436,6.834
7.761,9.194,16.955
7.091,1.702,8.793
6.338,5.641,11.979
2.379,7.146,9.525
4.328,6.794,11.122
1.317,5.458,6.776
2.779,8.081,10.86
9.56,6.785,16.345
8.64,3.843,12.484
7.24,2.863,10.103
9.851,3.684,13.535
1.322,1.374,2.696
6.356,4.647,11.003
8.473,9.82,18.293
2.852,2.228,5.079
9.353,2.541,11.894
3.018,5.043,8.062
5.683,0.302,5.985
2.561,5.879,8.441
4.051,4.405,8.457
4.783,1.47,6.253
8.201,4.163,12.364
5.172,3.592,8.765
6.552,5.31,11.862
5.346,8.479,13.825
2.981,9.519,12.499
0.467,7.669,8.137
0.712,6.375,7.088
8.424,4.321,12.746
8.982,2.45,11.432
2.24,2.482,4.722
0.266,1.788,2.055
9.188,2.322,11.509
4.521,5.952,10.474
1.473,6.208,7.681
9.574,8.949,18.523
4.532,6.925,11.457
2.079,0.974,3.053
9.119,6.097,15.216
3.512,5.646,9.158
2.595,6.277,8.872
6.689,4.248,10.937
1.851,7.986,9.837
4.896,3.396,8.292
0.102,1.14,1.242
5.863,6.323,12.186
0.071,6.335,6.406
5.679,9.253,14.932
9.874,1.939,11.813
1.718,9.801,11.52
6.01,8.327,14.337
0.331,1.723,2.054
1.788,5.472,7.26
9.906,8.525,18.431
8.32,2.225,10.545
5.207,9.88,15.087
1.508,1.334,2.842
2.299,8.132,10.43
1.892,4.776,6.668
8.429,5.992,14.421
2.325,6.305,8.631
9.754,3.803,13.557
6.431,0.481,6.912
4.303,7.389,11.691
5.182,9.463,14.645
4.723,9.193,13.916
4.932,6.328,11.26
9.895,4.901,14.796
7.225,7.981,15.205
6.51,8.903,15.413
1.773,2.895,4.667
4.685,1.175,5.86
5.828,2.831,8.659
2.53,3.8,6.33
4.249,0.195,4.444
7.64,1.663,9.303
1.58,0.848,2.428
5.219,3.602,8.821
6.074,3.079,9.154
6.123,3.599,9.722
6.86,3.689,10.549
4.394,7.11,11.504
8.571,1.071,9.642
0.111,1.718,1.829
9.189,2.647,11.836
3.796,3.014,6.81
2.575,3.749,6.324
4.985,1.988,6.973
0.051,5.799,5.85
1.056,1.86,2.916
4.259,6.088,10.347
1.135,3.423,4.557
5.791,3.542,9.333
0.983,4.124,5.107
5.355,8.827,14.182
6.399,3.143,9.542
3.659,9.835,13.493
4.329,3.846,8.175
3.914,2.734,6.648
8.122,3.252,11.374
9.708,4.798,14.506
8.857,4.154,13.011
6.994,5.547,12.541
9.969,3.671,13.64
2.636,3.88,6.516
6.813,3.535,10.348
6.855,9.692,16.547
9.914,5.904,15.818
2.331,6.426,8.757
4.139,7.741,11.88
7.652,6.161,13.812
3.96,5.367,9.327
3.818,8.352,12.17
1.871,0.804,2.675
3.56,6.063,9.624
7.53,2.727,10.257
5.008,4.932,9.94
3.535,1.884,5.419
6.864,0.07,6.934
7.201,4.564,11.765
4.239,1.771,6.01
5.727,8.456,14.183
6.989,6.599,13.588
7.275,5.443,12.718
3.492,5.185,8.677
7.98,7.743,15.723
1.491,3.081,4.571
7.955,2.41,10.364
5.903,9.473,15.377
0.299,5.911,6.21
1.141,5.567,6.708
4.787,9.755,14.541
2.123,4.356,6.479
7.301,8.957,16.259
0.11,1.549,1.659
9.428,7.402,16.83
8.901,8.99,17.891
8.539,4.545,13.084
3.599,8.514,12.113
3.895,0.735,4.63
9.751,5.035,14.786
8.658,6.143,14.801
2.635,7.869,10.505
5.395,5.593,10.988
3.602,3.323,6.925
4.494,2.455,6.949
0.873,5.84,6.712
1.189,0.463,1.652
5.954,0.326,6.28
4.938,8.344,13.282
6.181,1.498,7.679
8.169,6.514,14.683
1.473,0.996,2.468
6.587,9.636,16.223
6.044,5.722,11.766
8.569,4.807,13.376
4.032,9.37,13.402
9.781,5.475,15.257
2.669,9.377,12.046
8.473,9.118,17.591
0.653,0.282,0.936
3.508,1.766,5.274
9.549,8.622,18.17
3.717,3.924,7.641
9.239,8.662,17.901
6.824,5.343,12.167
6.2,8.971,15.171
0.92,1.49,2.41
4.079,5.635,9.714
4.346,2.934,7.28
3.949,4.456,8.404
2.47,4.823,7.292
1.0,3.501,4.501
0.698,8.172,8.87
8.236,4.339,12.575
1.992,7.85,9.842
1.503,9.026,10.529
1.231,8.232,9.463
0.038,8.754,8.792
5.637,3.767,9.404
8.825,5.435,14.26
6.694,1.926,8.62
5.23,1.946,7.176
0.683,9.879,10.562
3.446,4.91,8.356
5.586,2.146,7.732
6.627,2.453,9.08
5.393,2.876,8.269
1.06,2.016,3.075
0.875,1.694,2.569
6.87,3.57,10.44
0.076,0.969,1.045
8.989,4.614,13.603
5.91,3.661,9.572
4.092,7.412,11.504
1.877,8.337,10.214
3.191,5.879,9.071
2.504,8.242,10.746
3.979,0.796,4.775
0.547,9.857,10.404
6.362,7.483,13.846
8.973,4.927,13.9
0.059,0.049,0.108
7.777,5.994,13.771
9.094,0.544,9.638
7.648,4.112,11.76
6.244,8.976,15.22
1.434,1.073,2.508
3.333,0.705,4.039
7.61,3.911,11.52
3.224,3.503,6.727
6.425,5.768,12.193
0.705,4.367,5.072
6.349,6.784,13.133
2.488,9.488,11.976
8.169,9.972,18.141
0.014,3.614,3.629
2.565,7.748,10.314
4.593,2.392,6.985
8.573,5.531,14.104
8.509,4.525,13.034
8.761,4.873,13.634
6.405,7.322,13.727
3.699,7.842,11.541
3.881,7.995,11.876
6.486,4.383,10.869
0.132,2.352,2.484
8.705,1.197,9.902
6.485,9.523,16.008
6.92,9.63,16.55
5.265,7.723,12.988
3.218,1.805,5.023
5.271,0.093,5.364
8.025,8.271,16.296
3.357,2.747,6.104
6.335,7.995,14.33
3.127,0.908,4.035
1.386,2.972,4.358
4.96,6.204,11.163
2.308,8.137,10.445
9.814,5.558,15.372
0.262,4.376,4.638
5.681,6.46,12.141
5.888,5.889,11.778
0.557,8.933,9.489
8.329,4.161,12.49
9.534,4.487,14.021
1.2,5.437,6.637
9.175,6.79,15.966
9.576,4.103,13.679
5.928,9.178,15.106
7.03,2.269,9.299
8.576,7.129,15.706
8.482,0.166,8.648
6.223,4.478,10.702
1.96,2.24,4.199
8.02,5.194,13.214
5.086,5.672,10.758
5.094,6.047,11.142
3.341,4.552,7.892
9.449,4.4,13.849
1.266,9.281,10.548
4.22,9.417,13.637
1.423,1.126,2.548
8.654,7.47,16.123
8.697,6.324,15.021
1.944,2.645,4.589
2.839,8.253,11.092
9.507,2.343,11.85
6.139,1.406,7.545
9.87,3.746,13.616
3.658,9.144,12.802
2.885,2.82,5.705
7.754,7.986,15.74
0.347,2.556,2.902
4.07,8.778,12.848
6.053,0.666,6.719
8.664,6.742,15.406
8.677,7.768,16.445
9.613,1.278,10.891
1.845,2.133,3.977
2.911,3.371,6.282
7.123,2.084,9.207
2.986,2.366,5.352
2.397,5.168,7.565
0.061,0.601,0.663
9.847,8.793,18.64
2.3,4.633,6.933
9.159,6.945,16.104
0.962,9.542,10.504
1.689,1.616,3.305
6.805,3.988,10.793
6.766,5.94,12.706
8.951,5.681,14.632
1.391,8.115,9.507
0.286,0.496,0.782
5.51,3.575,9.085
9.742,1.056,10.798
8.469,2.724,11.193
0.532,3.119,3.651
7.812,7.875,15.686
7.097,7.902,14.999
9.569,8.627,18.196
7.083,4.906,11.989
5.407,6.673,12.079
1.916,8.634,10.55
7.337,7.353,14.69
2.336,8.515,10.851
4.866,3.465,8.331
8.863,8.636,17.499
4.129,3.938,8.067
5.248,3.65,8.898
8.088,9.837,17.925
0.486,0.752,1.238
8.212,4.866,13.078
7.406,0.993,8.399
3.17,1.632,4.801
5.28,3.166,8.446
3.447,2.956,6.403
1.346,2.188,3.534
9.382,2.047,11.429
8.992,2.082,11.074
7.655,3.094,10.749
7.504,3.259,10.763
0.834,9.528,10.362
2.927,2.476,5.403
6.108,7.677,13.785
2.917,4.477,7.395
8.657,4.864,13.522
0.593,0.704,1.296
3.599,6.941,10.539
5.514,2.301,7.815
6.808,8.128,14.936
4.808,1.665,6.473
0.504,6.631,7.136
6.715,5.487,12.202
9.977,8.153,18.129
6.448,5.325,11.773
5.987,7.681,13.668
1.483,9.129,10.613
8.291,7.638,15.928
2.84,8.992,11.832
2.748,4.773,7.52
4.961,8.771,13.732
8.106,7.021,15.127
4.092,7.286,11.378
8.361,0.775,9.136
1.756,7.59,9.345
6.506,2.703,9.209
3.376,5.465,8.841
1.602,6.281,7.883
2.941,8.59,11.531
6.194,1.449,7.643
9.623,3.958,13.58
0.939,0.522,1.461
2.811,3.095,5.906
6.519,5.207,11.726
4.307,7.68,11.987
9.613,7.349,16.961
1.019,7.746,8.765
1.504,3.178,4.683
8.902,3.675,12.576
2.385,6.34,8.725
0.309,5.32,5.628
1.665,3.198,4.863
3.852,2.83,6.681
7.607,2.302,9.909
6.004,9.886,15.89
9.268,0.559,9.828
7.128,9.262,16.391
4.255,7.717,11.972
0.998,2.797,3.795
3.679,4.388,8.068
9.228,6.775,16.003
7.666,7.917,15.582
1.942,7.83,9.772
1.655,5.34,6.995
3.509,5.108,8.617
6.413,9.632,16.045
0.766,0.285,1.05
2.642,0.409,3.051
7.282,1.013,8.294
3.169,5.49,8.659
8.454,4.312,12.767
2.16,6.645,8.806
9.502,9.0,18.501
9.818,9.085,18.903
4.27,4.992,9.263
8.789,2.692,11.48
9.999,3.756,13.755
1.89,4.138,6.027
9.07,2.287,11.357
7.848,7.305,15.153
1.534,5.92,7.455
2.979,5.668,8.647
9.753,3.731,13.484
6.958,8.745,15.702
8.026,2.989,11.016
5.003,6.918,11.921
6.111,8.16,14.27
2.196,6.737,8.934
1.139,8.084,9.223
5.949,9.554,15.503
0.34,4.423,4.763
7.686,5.963,13.65
7.574,7.891,15.465
7.462,1.081,8.543
8.164,1.986,10.15
3.588,6.172,9.76
9.425,4.586,14.011
9.98,5.383,15.363
4.617,6.903,11.519
3.301,0.912,4.213
1.459,6.082,7.542
4.708,4.85,9.558
3.718,5.723,9.44
9.195,5.947,15.142
8.836,3.176,12.012
2.92,9.911,12.831
4.983,8.038,13.021
8.208,4.695,12.903
0.227,9.01,9.236
2.797,4.421,7.218
6.803,7.752,14.555
2.575,0.174,2.749
8.748,0.978,9.726
7.912,8.802,16.714
7.295,9.083,16.378
1.873,5.85,7.723
2.796,1.723,4.519
4.27,7.811,12.08
2.162,4.782,6.944
9.006,4.677,13.683
5.298,8.032,13.33
1.124,8.32,9.444
0.865,0.062,0.927
9.39,4.822,14.212
2.112,5.186,7.297
6.412,4.214,10.626
2.597,8.471,11.068
5.558,1.258,6.816
5.227,9.648,14.875
5.122,1.08,6.202
7.373,3.101,10.473
0.838,5.277,6.115
9.694,8.741,18.434
0.848,8.495,9.343
9.963,7.992,17.956
5.525,8.512,14.037
9.634,6.113,15.747
7.716,9.1,16.816
1.795,7.896,9.691
1.97,8.291,10.261
3.167,8.072,11.239
7.125,0.454,7.579
1.531,4.225,5.756
9.841,2.348,12.188
7.033,8.911,15.945
5.983,8.692,14.675
3.738,6.753,10.491
8.821,6.598,15.419
7.066,8.968,16.034
8.97,0.364,9.335
7.618,2.911,10.529
1.158,5.433,6.59
8.434,0.673,9.107
5.235,6.518,11.753
6.058,9.981,16.039
5.978,0.89,6.868
7.88,1.287,9.166
5.256,8.853,14.109
0.87,9.397,10.267
1.793,3.776,5.569
2.841,8.581,11.422
6.535,2.628,9.163
5.433,3.518,8.95
3.886,2.673,6.559
2.12,7.749,9.869
7.152,3.394,10.545
5.67,7.376,13.046
7.982,0.904,8.886
7.905,3.119,11.024
6.909,2.469,9.378
1.696,6.344,8.04
0.271,6.381,6.652
6.034,5.649,11.683
4.751,0.796,5.547
7.25,5.154,12.404
8.834,3.929,12.763
2.864,7.127,9.991
3.686,0.659,4.345
3.847,1.112,4.959
1.255,6.632,7.887
9.443,3.338,12.781
0.174,6.79,6.964
2.331,8.746,11.076
7.491,1.508,8.999
9.823,2.643,12.467
9.679,6.602,16.281
6.778,5.36,12.138
5.341,6.381,11.722
5.036,9.509,14.545
3.857,8.465,12.322
5.673,4.614,10.286
8.486,8.409,16.895
3.262,6.814,10.076
8.471,6.896,15.368
7.639,9.863,17.503
1.581,0.66,2.241
0.564,7.714,8.278
8.996,4.288,13.284
6.745,3.241,9.986
9.467,5.342,14.809
9.822,6.653,16.475
2.301,9.615,11.916
0.946,8.123,9.069
1.791,8.615,10.406
9.897,3.637,13.534
6.778,6.821,13.599
3.388,8.413,11.802
3.848,4.015,7.863
2.633,5.536,8.169
3.376,7.907,11.283
1.013,7.606,8.619
9.847,4.651,14.498
8.074,3.893,11.967
5.953,9.994,15.947
8.428,5.857,14.286
9.222,1.707,10.928
0.729,6.508,7.238
5.703,4.976,10.68
1.905,2.804,4.709
2.088,0.609,2.698
2.987,9.927,12.914
2.246,7.005,9.251
5.895,4.422,10.318
8.113,1.272,9.386
5.291,2.486,7.777
9.909,9.458,19.366
4.707,0.216,4.923
4.479,3.225,7.704
9.354,2.325,11.679
8.445,4.736,13.181
0.733,0.095,0.827
7.787,5.667,13.455
9.902,0.995,10.897
5.406,4.198,9.604
2.185,5.696,7.881
1.113,0.853,1.965
5.406,8.656,14.063
2.982,6.253,9.235
7.56,0.891,8.45
5.33,9.317,14.646
5.128,1.466,6.594
9.628,2.003,11.631
3.242,0.297,3.539
6.265,1.277,7.542
9.538,0.506,10.044
5.491,8.198,13.688
3.965,9.648,13.612
2.043,4.083,6.126
1.537,9.242,10.779
1.432,6.718,8.15
4.812,0.921,5.733
5.588,8.007,13.595
8.734,0.974,9.709
5.979,4.275,10.253
6.126,8.92,15.047
5.697,7.054,12.751
7.804,5.858,13.661
7.623,0.52,8.143
0.42,6.353,6.773
9.215,0.917,10.132
3.724,6.959,10.684
8.419,1.61,10.03
0.1,4.168,4.268
1.81,9.06,10.871
8.945,7.677,16.622
2.434,8.932,11.366
9.672,6.661,16.333
0.871,5.957,6.828
6.103,5.97,12.073
1.025,9.127,10.152
6.385,6.504,12.889
5.016,5.747,10.763
7.644,5.236,12.88
0.973,1.857,2.83
7.931,1.873,9.805
5.807,2.95,8.757
5.589,4.495,10.084
3.592,7.258,10.85
8.512,0.769,9.281
0.46,7.649,8.11
1.049,1.526,2.575
3.379,2.894,6.273
6.754,6.717,13.471
1.771,8.553,10.323
7.32,0.312,7.632
1.335,5.433,6.768
3.053,8.535,11.588
0.206,8.852,9.057
5.926,7.345,13.271
6.538,6.571,13.109
3.816,5.028,8.843
3.791,7.604,11.395
5.131,5.132,10.263
9.421,4.076,13.497
6.882,9.464,16.346
7.092,5.686,12.777
0.714,6.6,7.315
0.057,4.466,4.523
7.307,0.362,7.669
9.107,7.343,16.45
2.027,7.621,9.648
2.408,9.949,12.357
5.603,6.855,12.458
6.139,4.504,10.643
0.011,2.415,2.426
4.406,0.514,4.919
7.314,9.452,16.766
8.686,4.059,12.745
4.267,3.567,7.834
4.713,3.374,8.087
6.639,7.251,13.89
8.897,1.372,10.27
3.002,7.607,10.608
1.584,1.261,2.846
0.803,2.347,3.149
9.083,7.978,17.061
8.338,4.187,12.524
0.767,1.74,2.507
1.413,8.701,10.114
0.696,0.309,1.005
0.902,2.475,3.377
6.452,5.456,11.908
2.453,6.088,8.541
5.313,9.08,14.393
6.024,4.679,10.703
0.3,4.315,4.615
4.823,8.011,12.834
8.734,9.089,17.823
1.045,9.804,10.85
7.674,8.899,16.573
8.285,0.632,8.917
0.863,1.863,2.727
6.367,7.44,13.807
9.02,4.944,13.963
0.786,5.346,6.132
8.836,3.403,12.239
2.758,3.003,5.761
8.031,0.864,8.896
8.08,4.676,12.757
2.493,3.547,6.04
6.306,0.595,6.901
6.217,9.192,15.409
2.851,6.866,9.717
2.232,7.853,10.085
3.246,2.076,5.322
6.017,5.595,11.612
5.121,8.17,13.292
7.295,1.393,8.688
7.303,0.029,7.332
9.447,7.267,16.714
6.048,4.711,10.759
3.385,5.228,8.613
7.148,8.477,15.625
7.447,6.393,13.84
1.308,3.373,4.681
1.718,4.642,6.36
7.332,7.206,14.538
6.221,2.9,9.121
5.128,8.542,13.67
4.378,9.858,14.235
9.261,7.604,16.865
6.259,0.507,6.766
9.105,4.707,13.813
6.292,1.321,7.613
1.445,3.725,5.17
5.252,9.598,14.85
2.257,7.512,9.769
8.562,1.9,10.462
5.005,9.999,15.005
1.156,1.019,2.176
6.829,8.498,15.327
4.964,6.584,11.548
6.428,1.212,7.64
9.797,9.234,19.03
6.271,0.759,7.03
0.229,1.042,1.271
7.022,7.646,14.668
1.557,2.631,4.188
8.833,8.13,16.963
6.365,8.884,15.249
8.384,2.126,10.511
4.257,4.135,8.392
7.249,1.072,8.321
4.027,4.281,8.308
3.626,6.169,9.795
9.36,2.583,11.943
3.473,9.642,13.115
6.281,1.484,7.765
1.715,0.774,2.489
5.402,7.02,12.422
7.734,3.867,11.601
6.726,6.858,13.585
9.469,0.323,9.793
3.212,8.883,12.094
4.781,5.582,10.363
8.019,8.978,16.997
2.311,5.17,7.481
4.158,4.577,8.734
6.799,4.617,11.416
0.061,3.466,3.527
0.895,6.734,7.629
2.487,3.968,6.455
4.667,9.018,13.685
2.85,2.952,5.802
8.737,1.894,10.632
6.641,3.179,9.82
9.519,0.898,10.417
7.207,6.648,13.855
3.709,4.435,8.144
4.874,0.964,5.838
9.766,0.298,10.064
2.143,1.037,3.18
8.419,0.459,8.878
6.437,9.385,15.822
8.432,7.199,15.631
9.317,1.99,11.307
9.299,6.245,15.544
8.304,8.866,17.17
7.037,0.412,7.449
9.031,1.747,10.779
4.702,5.729,10.431
7.117,3.077,10.194
6.789,3.165,9.954
7.926,1.912,9.838
8.937,6.366,15.303
3.804,8.853,12.657
3.983,1.749,5.733
6.877,5.433,12.31
1.058,8.859,9.918
4.295,9.829,14.124
5.877,5.257,11.134
6.836,8.943,15.779
3.133,9.21,12.343
5.47,1.739,7.21
4.934,4.601,9.535
5.835,4.034,9.869
6.718,8.854,15.572
3.253,6.224,9.477
9.046,0.737,9.783
6.297,6.171,12.468
4.993,2.481,7.474
2.296,0.128,2.425
5.131,6.81,11.941
7.858,3.254,11.112
9.946,9.462,19.408
1.886,5.257,7.143
2.687,6.386,9.072
0.482,9.377,9.859
1.045,1.863,2.909
1.284,3.828,5.112
0.882,7.875,8.757
0.241,2.513,2.754
6.564,4.747,11.311
0.279,5.275,5.554
2.234,3.336,5.571
0.631,0.551,1.182
2.584,5.652,8.235
2.754,4.393,7.147
8.85,0.963,9.813
9.503,6.286,15.789
1.365,6.621,7.986
9.726,1.599,11.325
4.524,2.814,7.338
0.859,2.479,3.339
0.264,3.941,4.205
3.143,1.265,4.408
0.933,8.184,9.117
8.735,7.531,16.267
8.095,9.096,17.191
2.285,9.667,11.951
5.219,0.607,5.826
3.526,2.304,5.83
1.647,4.917,6.564
5.935,2.95,8.885
9.454,6.908,16.362
8.737,3.754,12.491
0.364,9.543,9.907
0.031,3.826,3.856
7.872,7.485,15.357
7.933,9.575,17.507
9.889,8.836,18.725
1.563,0.542,2.104
4.334,0.045,4.379
9.024,3.237,12.261
9.998,5.752,15.75
8.791,7.228,16.019
3.856,8.385,12.242
3.619,7.148,10.767
2.37,1.968,4.338
2.763,4.765,7.528
8.804,2.033,10.837
8.65,9.527,18.177
9.196,3.119,12.315
7.007,4.788,11.794
6.777,8.748,15.525
0.429,6.64,7.069
9.656,2.291,11.947
3.936,8.534,12.47
1.803,2.564,4.367
5.806,1.712,7.517
6.07,3.781,9.851
0.98,1.853,2.833
5.157,6.026,11.184
5.829,8.409,14.238
2.168,6.852,9.02
0.796,4.436,5.233
9.109,2.088,11.197
9.05,8.559,17.609
9.874,9.688,19.562
7.693,0.284,7.977
1.726,7.022,8.747
5.452,2.476,7.928
5.394,6.575,11.969
8.115,2.272,10.387
9.1,4.413,13.513
2.073,6.05,8.123
3.401,1.304,4.705
7.129,1.399,8.528
1.001,7.919,8.921
8.131,6.564,14.695
3.215,7.512,10.727
7.761,7.668,15.428
5.721,2.578,8.299
7.187,3.998,11.184
2.76,9.449,12.209
7.611,7.222,14.833
5.801,5.548,11.349
4.587,4.902,9.489
8.29,0.533,8.823
0.586,3.157,3.743
8.012,8.907,16.92
9.004,1.552,10.556
9.446,1.376,10.823
3.669,1.778,5.448
1.636,9.574,11.21
5.288,5.531,10.82
6.383,3.358,9.741
0.821,2.799,3.621
3.722,7.929,11.651
7.766,4.08,11.847
7.245,9.479,16.725
7.277,1.108,8.385
7.722,7.596,15.318
2.413,9.613,12.026
9.942,7.38,17.322
2.091,6.399,8.491
9.543,9.886,19.429
6.052,5.872,11.924
8.369,9.634,18.003
8.015,6.987,15.001
0.208,2.39,2.598
1.323,7.802,9.126
1.479,2.716,4.195
1.641,9.669,11.31
0.059,3.511,3.57
7.911,6.985,14.897
5.313,6.028,11.341
9.266,7.905,17.171
2.338,3.871,6.209
3.502,2.789,6.291
1.38,3.016,4.396
4.676,5.568,10.244
2.75,9.825,12.575
6.189,4.203,10.393
9.39,5.008,14.398
6.747,5.051,11.798
0.195,3.905,4.1
2.804,4.639,7.443
5.492,1.8,7.293
4.086,4.678,8.764
8.871,4.923,13.794
8.582,3.843,12.425
9.807,7.777,17.584
5.618,5.7,11.318
1.784,4.607,6.39
4.882,3.158,8.04
5.044,1.228,6.272
3.225,9.622,12.847
2.88,3.835,6.715
7.862,4.817,12.679
0.802,5.684,6.486
1.626,5.768,7.394
5.799,6.194,11.993
0.992,6.282,7.274
0.201,8.794,8.995
0.276,6.046,6.321
6.811,4.612,11.422
5.379,0.481,5.859
5.785,7.493,13.278
5.917,3.345,9.262
7.806,0.324,8.13
9.73,1.569,11.299
3.743,4.761,8.504
1.827,3.092,4.919
4.005,0.452,4.457
3.285,2.654,5.939
0.293,2.685,2.977
2.361,3.681,6.042
3.311,7.802,11.114
9.283,8.096,17.379
3.256,9.463,12.718
4.216,4.575,8.792
5.108,9.446,14.555
2.732,5.066,7.798
2.206,5.994,8.201
8.094,9.477,17.571
5.106,7.418,12.524
2.135,2.029,4.165
8.506,3.88,12.386
0.749,5.5,6.249
4.181,4.184,8.365
4.733,4.757,9.489
4.884,0.996,5.881
4.087,2.924,7.011
5.561,6.859,12.421
6.593,7.088,13.68
1.635,4.56,6.196
4.338,5.153,9.492
5.569,5.653,11.222
8.205,4.455,12.661
8.095,3.491,11.586
7.833,2.342,10.175
4.367,7.284,11.651
0.91,3.103,4.014
8.333,7.235,15.568
7.544,4.082,11.626
0.475,5.811,6.286
0.869,5.36,6.229
2.015,9.366,11.381
1.208,5.148,6.356
9.112,7.617,16.728
6.388,7.851,14.239
0.659,4.591,5.251
0.784,8.416,9.2
1.001,9.741,10.742
1.181,8.309,9.49
0.285,5.772,6.057
9.717,0.945,10.662
5.087,0.862,5.949
7.875,9.865,17.741
3.04,3.144,6.184
7.93,5.018,12.948
2.988,5.984,8.972
5.667,7.036,12.703
2.832,1.049,3.88
9.428,7.443,16.871
0.746,7.734,8.481
1.13,0.023,1.154
7.119,7.677,14.796
8.184,0.883,9.067
3.536,7.088,10.624
1.344,2.321,3.665
6.342,9.751,16.093
1.287,5.729,7.016
7.972,2.039,10.011
4.888,6.449,11.337
6.543,8.782,15.325
9.381,5.008,14.389
2.609,4.64,7.249
5.197,7.402,12.6
5.094,2.36,7.454
3.295,5.27,8.565
2.542,6.82,9.362
5.418,5.122,10.54
6.011,3.234,9.245
0.05,9.831,9.881
7.675,7.894,15.569
9.038,7.474,16.512
1.596,9.85,11.446
9.58,1.16,10.74
1.995,8.304,10.3
8.262,8.544,16.807
2.049,9.948,11.997
1.998,7.938,9.937
5.655,4.536,10.192
5.43,0.018,5.447
1.334,4.8,6.134
2.588,6.922,9.51
4.456,4.01,8.466
3.818,2.593,6.41
3.351,9.81,13.162
8.66,0.912,9.572
0.828,8.651,9.479
6.442,3.524,9.966
7.011,1.702,8.713
6.068,8.016,14.084
0.552,7.671,8.223
4.622,5.123,9.745
3.029,0.861,3.89
9.607,5.401,15.009
4.459,0.101,4.56
6.163,5.248,11.412
1.148,8.246,9.395
4.14,6.906,11.047
8.921,6.398,15.318
2.59,7.777,10.367
8.112,9.345,17.457
3.657,8.999,12.656
7.285,4.016,11.301
9.739,7.742,17.481
4.305,3.67,7.975
2.329,1.274,3.603
1.633,6.205,7.838
4.759,2.099,6.858
4.733,9.632,14.365
3.126,0.183,3.309
7.915,4.167,12.082
0.562,0.97,1.532
0.604,8.385,8.989
8.928,5.964,14.892
0.292,8.017,8.309
5.776,8.845,14.622
4.467,8.51,12.977
7.61,6.188,13.798
1.166,3.005,4.171
3.978,2.211,6.189
2.305,7.604,9.91
7.559,6.615,14.174
6.095,4.833,10.928
9.014,6.787,15.8
8.443,7.369,15.812
2.386,4.369,6.755
5.858,3.047,8.905
5.395,9.364,14.76
2.191,9.673,11.864
7.53,7.911,15.441
7.833,2.265,10.098
6.547,5.811,12.358
0.827,1.528,2.355
3.228,3.72,6.948
3.781,1.932,5.712
9.706,8.739,18.445
4.216,5.831,10.047
7.31,7.653,14.963
1.171,1.031,2.203
9.173,9.597,18.771
7.978,3.483,11.461
9.616,3.818,13.434
5.338,1.485,6.822
8.959,3.381,12.34
3.596,6.62,10.215
1.93,4.409,6.339
8.117,1.723,9.84
7.397,9.829,17.227
7.218,0.871,8.089
3.012,0.255,3.267
2.173,3.815,5.988
3.762,2.11,5.872
0.652,5.911,6.563
0.05,2.512,2.562
2.948,8.047,10.995
7.343,8.965,16.308
5.959,2.969,8.928
7.013,9.314,16.327
7.244,1.525,8.769
2.796,5.856,8.652
6.473,9.728,16.201
2.752,0.387,3.139
3.713,1.324,5.036
3.034,6.693,9.727
7.574,0.228,7.803
0.675,4.632,5.308
5.043,3.62,8.663
1.978,1.206,3.184
9.27,3.66,12.93
8.45,3.851,12.301
1.31,4.45,5.759
5.668,7.147,12.815
3.187,5.282,8.469
2.363,5.151,7.514
0.924,1.919,2.844
7.194,3.627,10.821
4.315,8.6,12.915
7.433,9.142,16.576
3.097,3.342,6.44
9.544,5.821,15.365
8.304,3.095,11.399
3.53,4.719,8.249
4.024,1.076,5.1
6.351,6.728,13.079
4.018,2.1,6.118
9.089,4.525,13.613
3.988,3.627,7.615
7.091,9.291,16.382
1.193,8.67,9.863
9.506,6.858,16.363
5.079,5.896,10.975
3.496,6.196,9.692
8.674,0.508,9.181
7.008,5.414,12.422
2.911,0.483,3.394
0.841,6.562,7.402
8.653,9.691,18.343
3.207,3.012,6.22
9.256,8.262,17.519
9.564,9.546,19.11
9.28,8.197,17.477
1.675,5.908,7.583
8.08,1.382,9.462
5.682,6.698,12.379
1.396,2.72,4.116
0.289,8.274,8.563
0.551,1.304,1.855
0.122,8.558,8.68
4.836,3.695,8.531
4.58,6.335,10.915
0.5,7.438,7.938
9.539,4.507,14.046
7.132,7.187,14.319
6.813,9.865,16.678
8.847,0.458,9.305
7.027,9.889,16.916
8.088,5.324,13.412
7.958,1.008,8.967
6.149,5.96,12.109
3.014,0.188,3.203
6.02,5.21,11.23
2.47,5.992,8.462
2.064,1.081,3.145
5.349,7.586,12.935
8.873,0.155,9.028
3.421,2.627,6.048
8.683,1.193,9.876
5.982,1.646,7.628
3.036,2.864,5.9
7.836,1.028,8.864
6.123,7.547,13.67
7.608,5.689,13.297
3.27,9.302,12.572
2.113,8.596,10.709
4.959,6.676,11.635
8.972,2.155,11.128
6.795,0.78,7.575
2.037,8.335,10.372
8.405,4.958,13.363
5.096,4.155,9.252
9.807,3.79,13.597
2.743,2.71,5.452
1.255,7.364,8.62
8.599,3.266,11.866
1.826,8.1,9.926
3.733,9.275,13.008
5.719,9.12,14.838
5.233,4.65,9.883
4.813,6.17,10.983
9.964,9.72,19.684
7.394,6.947,14.342
8.262,5.337,13.599
4.974,6.861,11.834
9.122,8.192,17.314
6.2,0.539,6.739
4.15,1.928,6.078
5.556,6.602,12.158
0.428,7.441,7.869
3.882,1.447,5.33
9.579,3.018,12.597
0.739,8.222,8.962
8.624,5.274,13.898
1.836,7.964,9.8
9.651,2.653,12.304
1.973,2.879,4.852
0.629,2.327,2.956
5.49,9.956,15.446
3.5,8.987,12.487
4.567,4.241,8.808
8.786,5.497,14.284
6.572,9.222,15.793
9.4,7.891,17.291
8.03,1.269,9.299
9.063,2.729,11.792
7.466,3.123,10.589
1.665,1.738,3.403
9.737,6.825,16.562
4.225,1.124,5.349
9.643,9.811,19.454
8.28,3.926,12.206
9.123,5.559,14.681
1.278,4.066,5.345
3.074,1.633,4.708
9.862,9.922,19.784
6.56,5.106,11.666
1.765,0.139,1.904
4.699,4.063,8.762
9.926,3.831,13.757
8.636,2.967,11.603
9.048,3.858,12.906
3.431,0.899,4.33
7.476,4.412,11.888
9.744,1.208,10.953
0.054,0.844,0.899
7.524,6.972,14.496
4.222,0.75,4.972
7.347,5.196,12.543
8.249,6.957,15.206
2.929,3.2,6.129
8.19,6.241,14.432
4.319,0.61,4.929
1.213,7.756,8.969
6.21,4.696,10.906
3.677,3.561,7.237
2.066,6.184,8.25
7.039,9.81,16.849
1.79,6.549,8.339
7.443,0.832,8.275
2.772,5.984,8.756
9.612,1.523,11.135
0.426,8.94,9.365
9.304,2.09,11.394
2.039,0.83,2.87
1.963,7.917,9.88
0.502,8.54,9.041
9.76,7.116,16.876
5.047,8.392,13.44
1.039,4.196,5.235
2.678,8.295,10.973
6.338,1.325,7.664
7.491,6.588,14.078
4.575,6.563,11.138
4.606,8.506,13.112
4.357,2.731,7.088
7.61,9.626,17.236
1.842,7.511,9.353
7.419,0.767,8.186
9.429,5.714,15.143
8.244,2.669,10.913
3.383,3.898,7.282
9.407,6.965,16.371
5.505,2.927,8.432
3.499,2.145,5.645
7.535,7.501,15.035
8.791,5.637,14.428
0.331,0.207,0.538
3.921,2.838,6.759
9.959,3.783,13.742
5.235,8.904,14.138
2.555,0.039,2.594
1.698,9.974,11.671
2.206,3.008,5.214
0.286,7.211,7.497
3.984,2.133,6.117
7.644,6.219,13.863
3.644,6.295,9.939
5.38,5.554,10.934
1.592,4.527,6.119
9.117,6.644,15.761
2.164,6.219,8.383
1.066,1.625,2.691
6.492,2.556,9.049
5.289,7.544,12.833
6.133,5.777,11.91
2.689,4.954,7.644
2.265,6.417,8.681
7.447,5.831,13.278
1.225,0.605,1.83
4.787,5.503,10.29
0.17,3.003,3.173
0.507,2.686,3.193
8.352,6.605,14.956
2.038,8.198,10.235
9.477,8.707,18.184
8.671,5.794,14.465
8.021,7.224,15.245
4.889,9.889,14.777
3.817,6.259,10.076
8.083,2.39,10.473
5.778,5.917,11.695
7.17,4.268,11.438
7.32,0.314,7.635
9.548,0.752,10.3
0.594,9.87,10.464
8.954,9.15,18.104
1.831,4.128,5.959
5.466,1.252,6.719
6.17,8.683,14.853
8.937,7.92,16.857
8.042,4.818,12.859
5.392,6.188,11.58
3.949,3.668,7.616
2.889,8.172,11.06
6.713,3.317,10.03
7.627,6.951,14.578
9.442,6.263,15.705
3.661,2.531,6.192
5.307,7.14,12.447
9.206,6.843,16.049
0.97,5.916,6.886
2.342,6.685,9.027
6.825,9.335,16.16
9.185,0.787,9.972
7.419,2.263,9.682
8.131,2.174,10.305
2.466,9.781,12.247
6.148,2.193,8.341
7.518,3.806,11.324
8.919,7.534,16.453
0.313,1.109,1.422
4.684,9.774,14.458
9.795,9.95,19.745
6.587,3.737,10.324
1.658,1.233,2.891
8.94,7.318,16.259
7.779,3.284,11.063
3.165,4.589,7.754
5.228,5.206,10.434
9.537,7.422,16.96
8.83,9.665,18.495
3.81,2.551,6.361
7.437,2.56,9.997
7.523,6.59,14.113
8.431,6.745,15.176
5.454,1.695,7.15
5.251,9.436,14.688
1.45,2.802,4.252
6.399,4.895,11.294
7.951,8.552,16.503
9.364,0.569,9.933
2.52,1.974,4.494
7.791,8.453,16.244
9.153,4.769,13.922
0.576,4.923,5.499
9.501,6.538,16.038
9.234,5.254,14.488
5.477,0.251,5.728
2.292,2.366,4.658
3.837,7.112,10.949
6.279,4.921,11.2
3.912,8.378,12.29
4.582,8.958,13.54
9.565,5.794,15.359
8.751,8.418,17.169
9.139,8.819,17.957
4.619,1.27,5.888
2.098,8.96,11.058
4.495,5.289,9.784
3.826,1.524,5.35
6.132,3.925,10.056
1.087,5.701,6.787
8.266,4.286,12.552
1.498,0.433,1.932
8.326,4.51,12.836
3.581,9.858,13.44
0.08,5.476,5.556
2.352,6.993,9.345
6.303,6.593,12.896
9.023,0.697,9.72
6.877,2.859,9.736
8.05,3.678,11.729
3.794,8.326,12.12
9.034,8.1,17.134
5.522,1.483,7.005
0.605,2.578,3.183
7.81,7.78,15.589
3.169,8.15,11.319
4.761,1.648,6.408
1.558,2.623,4.18
7.794,1.84,9.634
2.618,1.438,4.056
8.674,3.953,12.627
3.499,6.704,10.203
9.68,3.001,12.681
8.505,5.059,13.564
1.357,9.702,11.059
8.985,7.135,16.12
5.88,2.225,8.105
2.844,9.666,12.509
9.751,9.598,19.35
6.912,4.621,11.533
0.545,7.451,7.996
5.479,5.12,10.598
1.396,8.033,9.428
8.705,5.758,14.463
2.43,5.58,8.01
3.694,6.034,9.728
3.574,5.898,9.472
5.121,6.07,11.191
8.164,9.961,18.125
0.177,5.861,6.038
1.781,1.003,2.783
4.695,1.83,6.525
4.182,8.749,12.931
7.251,9.633,16.884
1.228,8.086,9.314
8.671,1.232,9.903
4.022,0.965,4.987
8.648,7.908,16.556
6.874,9.291,16.166
7.513,2.687,10.199
7.555,1.308,8.863
0.769,7.426,8.195
8.251,3.446,11.696
5.154,8.815,13.969
4.27,1.987,6.256
2.916,6.732,9.648
8.204,2.877,11.081
8.866,5.72,14.586
9.556,1.507,11.063
8.909,1.595,10.504
4.388,2.705,7.093
4.786,8.847,13.633
3.513,2.146,5.66
5.985,3.365,9.35
8.243,6.681,14.923
0.155,3.744,3.899
2.253,4.753,7.006
3.674,8.577,12.251
4.415,6.5,10.914
3.657,1.499,5.156
1.59,8.415,10.004
3.311,3.39,6.701
5.123,8.271,13.394
5.327,0.279,5.607
1.551,7.837,9.388
3.346,9.63,12.976
0.863,6.213,7.075
0.961,8.515,9.476
8.514,1.642,10.156
0.789,0.806,1.595
8.221,7.771,15.992
2.34,5.853,8.193
4.973,3.428,8.401
0.345,2.258,2.602
3.953,0.838,4.791
8.656,5.458,14.114
8.28,3.797,12.076
0.169,1.513,1.683
6.802,2.513,9.315
0.096,9.22,9.316
0.116,0.986,1.102
0.308,1.213,1.521
0.048,3.733,3.781
6.645,1.92,8.565
0.408,9.972,10.38
2.799,7.859,10.658
9.332,1.093,10.426
2.099,2.301,4.4
9.387,4.569,13.956
2.324,1.819,4.143
8.981,0.206,9.187
6.953,7.946,14.899
7.754,6.648,14.403
1.206,8.755,9.961
0.165,5.156,5.321
7.481,7.948,15.429
1.22,4.86,6.08
8.606,8.385,16.991
4.601,5.398,9.999
6.807,7.621,14.428
7.722,7.116,14.837
1.428,8.355,9.783
1.601,4.766,6.366
3.833,1.297,5.13
3.564,6.229,9.793
3.859,1.052,4.911
2.361,2.785,5.147
3.888,6.921,10.809
0.918,6.912,7.83
3.021,1.162,4.182
8.979,5.251,14.23
3.482,9.174,12.656
3.808,2.977,6.785
3.994,5.819,9.812
4.282,5.435,9.717
5.456,6.486,11.942
6.835,3.531,10.367
7.522,7.695,15.217
2.278,4.451,6.729
0.555,0.171,0.726
8.802,6.192,14.994
1.719,6.246,7.965
1.289,0.242,1.531
9.412,4.149,13.561
2.376,5.399,7.775
2.56,2.58,5.139
7.345,5.022,12.367
7.157,1.925,9.082
1.184,9.384,10.568
1.5,1.685,3.185
2.737,1.255,3.992
8.893,9.727,18.621
4.377,0.218,4.595
4.136,3.618,7.753
8.457,9.49,17.947
7.121,5.578,12.699
1.491,0.436,1.927
8.553,4.652,13.206
9.673,4.505,14.178
4.962,5.728,10.69
5.169,8.534,13.703
7.363,7.802,15.165
7.933,4.898,12.831
6.147,6.953,13.1
9.224,9.787,19.012
3.241,1.281,4.523
3.693,3.758,7.451
9.857,8.76,18.617
5.524,1.641,7.165
8.541,5.302,13.844
4.533,3.225,7.757
3.311,5.643,8.954
2.73,0.12,2.85
8.396,5.695,14.091
8.356,8.295,16.651
8.079,9.318,17.398
5.583,6.787,12.37
0.638,3.403,4.041
7.072,3.84,10.912
7.19,0.874,8.065
5.123,8.271,13.394
3.156,6.227,9.383
8.149,5.629,13.778
8.907,1.358,10.265
6.924,5.07,11.994
0.827,4.731,5.558
7.257,9.21,16.467
0.993,3.47,4.463
0.042,4.601,4.643
5.342,9.023,14.365
7.051,1.889,8.94
9.527,3.769,13.296
8.13,1.3,9.43
3.072,4.742,7.815
5.703,5.24,10.943
5.918,4.543,10.461
6.209,9.328,15.537
0.336,9.57,9.906
8.769,3.292,12.061
5.818,3.674,9.492
7.714,3.101,10.815
3.584,5.074,8.658
6.386,8.154,14.54
2.472,4.165,6.637
8.847,0.234,9.081
9.439,9.584,19.023
8.595,1.804,10.399
9.047,2.099,11.146
8.47,4.822,13.292
7.215,0.136,7.351
2.264,1.906,4.17
4.938,0.259,5.197
3.763,0.544,4.307
3.201,9.394,12.596
5.569,8.445,14.013
2.293,9.085,11.377
3.647,3.143,6.791
8.083,5.297,13.381
8.107,2.123,10.23
1.87,5.279,7.149
0.382,9.757,10.139
9.255,8.062,17.317
9.773,6.251,16.024
1.245,9.137,10.382
0.261,2.6,2.861
0.899,2.381,3.28
7.985,6.458,14.442
7.032,0.051,7.083
7.632,0.863,8.495
7.367,9.597,16.964
9.883,2.387,12.27
8.236,0.939,9.175
5.028,3.613,8.641
9.159,3.251,12.41
3.224,9.697,12.922
4.73,7.084,11.815
3.326,7.865,11.191
0.506,6.81,7.316
8.784,1.477,10.261
4.108,7.095,11.203
5.153,4.252,9.405
3.036,1.453,4.489
6.542,6.668,13.21
0.503,0.522,1.025
0.804,0.445,1.249
2.904,9.864,12.768
9.914,1.265,11.18
6.031,6.91,12.941
8.239,4.093,12.332
1.731,6.651,8.382
0.84,8.245,9.085
5.405,0.374,5.779
2.145,7.124,9.268
3.154,8.277,11.431
1.682,2.856,4.538
7.272,4.853,12.125
2.156,7.876,10.032
1.941,3.183,5.124
9.424,7.692,17.116
4.945,1.472,6.417
8.378,9.176,17.554
5.889,3.631,9.52
1.52,8.643,10.163
4.717,1.079,5.796
3.814,9.963,13.777
7.493,6.43,13.924
1.754,1.141,2.895
3.261,7.361,10.622
1.663,5.543,7.206
7.225,0.552,7.777
1.419,8.398,9.817
7.174,5.982,13.156
6.188,0.401,6.589
2.63,7.771,10.401
3.895,5.669,9.564
0.151,5.628,5.78
4.979,7.505,12.484
0.657,5.64,6.297
2.507,0.294,2.801
5.852,6.169,12.02
9.92,3.6,13.52
5.187,8.317,13.504
4.072,0.039,4.111
2.192,2.682,4.874
4.871,1.479,6.35
1.914,9.21,11.124
3.707,9.355,13.062
7.275,5.845,13.121
7.482,7.638,15.12
