1.988,8.262,10.25
0.803,9.222,10.025
8.547,2.46,11.007
5.446,4.036,9.483
6.752,3.933,10.685
9.493,1.776,11.269
1.786,7.463,9.249
5.483,3.783,9.265
9.735,0.284,10.019
1.766,8.297,10.063
0.832,8.734,9.566
4.823,5.111,9.934
1.253,9.02,10.273
3.823,6.652,10.475
9.452,0.417,9.869
6.508,3.622,10.13
7.295,3.6,10.896
0.991,9.499,10.49
1.663,8.68,10.343
8.026,2.321,10.347
5.523,4.79,10.312
3.724,6.691,10.416
5.923,4.734,10.657
4.864,4.524,9.388
1.188,9.013,10.202
2.311,8.108,10.42
7.71,1.804,9.514
6.062,4.149,10.211
6.17,3.192,9.362
8.394,2.351,10.745
7.589,2.255,9.844
9.443,1.189,10.632
5.188,4.911,10.099
1.521,8.281,9.801
8.044,2.063,10.107
8.645,1.956,10.601
2.203,7.925,10.127
5.876,3.999,9.875
0.929,8.599,9.528
5.979,3.67,9.649
0.929,8.65,9.579
0.273,9.944,10.217
0.823,9.509,10.332
3.482,6.918,10.4
3.82,6.332,10.152
4.742,4.183,8.925
1.573,8.814,10.387
3.935,6.417,10.352
0.165,9.724,9.889
7.405,2.743,10.148
8.32,1.705,10.025
8.119,2.895,11.014
7.585,2.612,10.197
5.502,5.107,10.609
5.861,4.994,10.855
7.626,2.401,10.027
0.534,9.226,9.76
7.508,3.478,10.986
1.941,7.798,9.739
6.156,4.197,10.353
7.932,2.968,10.9
9.637,0.558,10.195
6.994,2.804,9.797
0.612,8.745,9.357
4.613,4.859,9.471
3.685,5.964,9.649
5.556,5.293,10.849
5.12,4.674,9.794
9.435,0.689,10.124
2.121,8.214,10.335
1.352,7.975,9.327
2.162,8.567,10.729
7.314,2.372,9.686
7.005,2.598,9.603
0.096,9.985,10.081
9.074,0.62,9.694
8.282,2.502,10.784
1.684,8.413,10.097
8.517,0.93,9.448
4.108,5.66,9.768
4.844,4.852,9.697
4.144,5.18,9.324
2.129,8.346,10.475
0.338,9.847,10.185
2.47,7.669,10.139
4.574,4.807,9.381
0.617,9.255,9.872
0.82,9.861,10.682
0.972,9.279,10.25
6.818,3.276,10.093
5.797,3.849,9.646
2.563,6.675,9.238
3.69,5.623,9.313
7.054,2.813,9.867
1.231,7.867,9.099
6.409,3.797,10.206
0.42,9.478,9.898
6.132,2.949,9.081
6.419,3.158,9.577
2.84,7.112,9.953
9.641,1.129,10.77
7.388999999999999,3.004,10.393
7.269,2.537,9.806
6.938,3.548,10.486
8.397,0.897,9.294
7.011,3.203,10.214
6.46,3.883,10.343
3.511,7.038,10.549
0.387,9.972,10.359
1.54,8.021,9.562
6.337,3.923,10.259
8.451,1.141,9.592
6.206,3.406,9.612
7.065,1.668,8.733
3.063,6.657,9.72
0.231,9.867,10.098
1.416,9.137,10.553
0.963,9.187,10.151
5.405,5.225,10.63
5.446,3.813,9.259
1.973,8.614,10.587
9.682,0.291,9.973
6.394,3.275,9.669
4.594,5.897,10.492
2.487,8.277,10.764
4.263,5.463,9.727
8.186,1.817,10.003
8.783,1.138,9.921
0.097,9.806,9.902
9.072,0.936,10.008
2.407,8.537,10.945
9.16,0.734,9.893
3.366,7.219,10.585
7.448,3.348,10.796
4.393,6.129,10.522
8.472,1.141,9.613
7.94,1.523,9.463
1.531,7.623,9.154
9.399,0.456,9.854
9.541,0.442,9.983
2.379,7.313,9.692
7.644,2.591,10.235
1.597,8.14,9.737
1.056,8.408,9.464
6.714,4.655,11.37
4.005,6.205,10.21
2.008,8.312,10.319
4.697,6.317,11.014
2.571,8.514,11.085
5.514,4.596,10.11
7.649,2.574,10.223
4.889,4.805,9.695
0.743,8.834,9.577
6.813,3.29,10.103
6.14,3.763,9.903
9.193,1.208,10.401
8.824,0.649,9.473
3.989,5.617,9.606
3.364,6.107,9.471
8.575,0.972,9.547
2.329,7.797,10.126
7.002,2.812,9.814
0.522,9.49,10.012
7.555,2.098,9.654
8.542,1.758,10.299
4.214,6.086,10.3
7.43,1.948,9.377
3.329,7.181,10.509
2.167,7.399,9.566
7.422,2.2,9.622
1.221,8.577,9.798
5.62,4.22,9.84
9.818,0.251,10.07
5.584,3.258,8.842
1.69,8.148,9.838
7.925,2.105,10.03
4.261,6.559,10.821
7.083,2.923,10.006
4.06,5.139,9.198
4.428,5.966,10.394
8.295,2.587,10.883
6.14,3.763,9.903
1.439,8.736,10.175
0.677,9.578,10.255
0.394,9.687,10.082
3.503,6.941,10.444
7.847,2.617,10.463
6.939,3.454,10.392
3.498,7.441,10.939
1.305,8.906,10.211
6.776,3.746,10.522
7.092,3.646,10.738
9.646,0.586,10.232
6.094,4.572,10.666
0.83,9.575,10.405
2.419,7.444,9.863
5.093,4.811,9.904
8.977,2.192,11.169
7.135,2.955,10.091
2.327,6.873,9.2
1.37,8.709,10.079
6.091,4.31,10.402
3.76,7.194,10.953
3.148,6.764,9.912
5.248,5.083,10.33
0.833,8.549,9.382
8.478,0.392,8.87
5.904,4.503,10.407
2.913,6.846,9.759
8.542,1.758,10.299
2.835,8.582,11.417
0.169,9.945,10.114
4.942,5.513,10.455
8.679,0.921,9.6
6.016,4.46,10.477
5.008,5.515,10.523
1.944,8.271,10.215
4.864,5.127,9.991
9.416,1.31,10.726
2.794,6.731,9.525
1.346,9.151,10.497
5.01,5.897,10.907
4.513,5.803,10.316
2.491,8.246,10.737
6.909,2.859,9.768
4.37,5.252,9.622
3.001,7.211,10.211
5.347,4.664,10.011
6.187,2.379,8.566
9.906,0.1,10.006
1.518,8.188,9.706
9.533,0.267,9.8
4.437,5.184,9.621
4.385,6.269,10.654
2.387,7.323,9.71
9.027,1.496,10.522
1.109,8.772,9.881
4.497,5.673,10.17
7.054,2.813,9.867
9.79,0.63,10.42
9.076,1.456,10.533
1.509,9.103,10.612
3.154,7.782,10.937
4.624,6.715,11.339
3.968,5.661,9.628
8.872,0.903,9.776
9.692,0.475,10.168
9.36,1.518,10.878
3.631,6.878,10.509
2.285,7.613,9.898
6.028,4.267,10.295
3.709,6.542,10.251
7.781,2.431,10.212
6.375,3.245,9.62
4.803,5.653,10.456
9.413,1.014,10.427
6.212,3.486,9.698
6.98,4.206,11.186
5.737,5.249,10.987
6.774,3.145,9.918
9.054,1.091,10.145
9.632,1.409,11.04
4.179,5.455,9.634
2.976,7.607,10.583
7.536,2.801,10.337
5.946,4.639,10.585
6.813,3.29,10.103
9.463,0.064,9.528
5.205,4.698,9.903
1.379,8.664,10.042
2.353,7.083,9.436
3.695,6.533,10.229
0.543,9.676,10.22
3.451,6.384,9.835
7.333,3.331,10.664
5.605,4.134,9.739
6.017,3.189,9.206
3.277,7.384,10.661
4.597,4.905,9.503
6.9375,3.2910000000000004,10.229
9.624,0.862,10.486
0.544,8.331,8.875
2.334,7.131,9.466
1.306,9.63,10.936
4.634,5.338,9.973
6.61,3.543,10.153
8.649,0.541,9.19
1.477,9.154,10.631
8.422,1.074,9.496
1.625,9.324,10.95
6.963,3.043,10.005
3.728,6.256,9.983
3.584,4.924,8.509
9.291,0.512,9.802
3.318,6.994,10.312
7.804,1.812,9.615
0.913,8.759,9.672
8.486,1.7,10.187
2.035,7.332,9.366
2.883,7.796,10.678
9.177,1.622,10.798
4.844,5.396,10.24
2.768,8.234,11.002
7.651,3.201,10.852
3.148,6.764,9.912
1.348,8.41,9.758
5.2620000000000005,4.2675,9.529
0.69,8.187,8.877
0.095,9.662,9.757
1.093,9.028,10.121
4.495,4.888,9.383
6.657,3.271,9.927
6.905,2.687,9.592
2.688,7.466,10.154
5.506,4.749,10.255
7.189,3.134,10.323
7.795,2.338,10.133
5.101,4.247,9.347
7.891,2.893,10.784
5.458,4.853,10.311
3.538,5.924,9.462
6.143,4.058,10.201
9.121,0.733,9.854
7.843,3.308,11.152
2.242,7.909,10.151
0.974,9.139,10.113
6.62,2.487,9.108
6.795,3.53,10.325
3.653,6.295,9.948
6.114,4.576,10.69
9.118,2.283,11.401
2.018,7.635,9.654
7.447,3.576,11.023
4.922,4.222,9.144
6.752,3.966,10.718
5.393,4.3,9.694
7.847,2.617,10.463
8.648,2.843,11.492
1.733,8.401,10.134
7.777,2.399,10.175
4.242,5.989,10.23
8.296,2.255,10.551
0.927,9.377,10.304
1.854,7.919,9.773
8.79,0.342,9.132
4.348,5.714,10.061
7.724,2.272,9.996
1.068,8.466,9.534
7.137,3.173,10.31
4.066,5.787,9.853
6.01,4.516,10.526
1.65,8.679,10.329
8.3,1.327,9.627
0.663,9.359,10.022
0.83,8.64,9.47
1.38,7.848,9.228
2.499,7.094,9.593
7.685,2.273,9.958
5.579,5.075,10.654
5.807,4.391,10.199
9.59,1.76,11.351
1.962,8.028,9.99
1.776,7.626,9.402
1.768,8.285,10.053
6.911,2.933,9.843
9.413,1.014,10.427
4.425,5.788,10.212
5.025,4.528,9.553
1.23,9.142,10.372
1.988,7.749,9.737
1.993,7.947,9.94
9.265,0.607,9.872
2.902,7.452,10.354
6.542,3.798,10.34
4.8445,5.071,9.916
8.584,1.738,10.322
9.284,0.794,10.078
8.198,1.24,9.438
7.481,2.389,9.87
6.827,2.823,9.65
0.8,9.317,10.116
5.681,4.009,9.691
1.345,9.014,10.358
4.934,5.68,10.613
8.594,1.976,10.57
8.146,1.833,9.979
2.553,7.77,10.323
7.581,3.812,11.393
3.107,6.949,10.056
6.629,3.214,9.843
9.429,0.226,9.656
1.958,7.522,9.48
0.236,9.448,9.683
5.794,4.083,9.877
4.396,4.761,9.157
4.875,6.241,11.115
3.906,5.4,9.306
1.112,9.707,10.818
9.341,0.261,9.602
2.663,6.963,9.626
0.508,8.843,9.351
8.092,2.219,10.311
5.063,4.905,9.968
3.87,6.281,10.151
5.947,3.698,9.645
4.928,5.539,10.467
3.602,6.079,9.681
9.23,0.652,9.883
7.477,2.924,10.401
6.709,3.288,9.997
5.735,4.263,9.999
7.464,2.524,9.988
0.664,9.591,10.255
3.917,6.279,10.196
5.982,4.684,10.666
4.342,6.002,10.344
5.507,4.806,10.313
8.575,0.972,9.547
2.575,8.519,11.094
2.858,7.206,10.064
1.551,8.076,9.627
2.045,8.636,10.68
1.477,8.477,9.954
9.408,0.657,10.066
0.923,9.273,10.196
1.771,8.595,10.366
2.036,8.343,10.38
1.975,7.569,9.544
6.087,3.654,9.742
3.221,7.069,10.29
9.957,0.177,10.135
6.681,4.129,10.811
0.876,9.315,10.191
6.933,3.306,10.239
6.84,3.042,9.881
3.099,7.287,10.385
6.622,2.184,8.806
0.901,9.667,10.569
5.567,4.702,10.268
1.157,9.21,10.367
3.769,6.226,9.994
7.473,2.323,9.796
5.896,4.814,10.71
4.743,5.68,10.424
2.361,7.127,9.487
2.959,7.584,10.543
9.488,0.425,9.913
5.431,4.93,10.362
4.44,5.293,9.733
3.67,6.181,9.851
4.692,4.843,9.535
9.178,1.221,10.398
4.334,5.406,9.74
8.62,1.452,10.072
7.881,1.727,9.608
8.454,2.768,11.221
1.189,8.087,9.276
1.444,8.415,9.858
5.292,3.884,9.176
5.784,4.118,9.902
3.398,6.181,9.579
1.05,9.304,10.354
3.668,7.211,10.879
5.35,5.143,10.493
1.81,7.497,9.307
3.649,6.305,9.954
9.701,0.169,9.871
9.457,0.951,10.409
4.527,5.507,10.034
8.211,1.629,9.839
7.382,2.028,9.409
2.233,7.192,9.425
0.352,9.358,9.709
7.076,2.848,9.924
1.222,8.948,10.169
0.954,9.156,10.11
9.564,1.145,10.709
3.475,6.628,10.103
1.702,7.765,9.467
0.921,9.94,10.861
9.607,0.519,10.126
7.886,1.805,9.692
2.688,7.717,10.405
9.624,0.677,10.3
7.772,1.814,9.586
5.975,3.301,9.276
4.9,5.335,10.235
4.744000000000001,4.8985,9.642
6.951,3.504,10.455
8.426,1.76,10.186
9.562,0.722,10.285
3.333,7.042,10.375
2.082,8.407,10.489
7.69,2.206,9.896
5.157,4.828,9.986
2.75,7.765,10.515
9.105,1.488,10.593
4.355,5.379,9.733
0.02,9.899,9.918
7.942,1.669,9.611
8.768,0.622,9.39
4.178,6.663,10.841
5.716,4.067,9.784
9.204,0.886,10.09
3.449,6.802,10.251
9.7,0.284,9.984
4.587,5.941,10.528
7.179,2.679,9.858
8.447,1.118,9.565
4.472,5.247,9.719
2.313,7.092,9.405
1.948,7.625,9.573
4.767,5.022,9.789
4.453,4.71,9.163
5.678,4.695,10.373
3.001,7.211,10.211
0.844,9.185,10.03
2.644,6.544,9.188
4.667,5.008,9.676
4.045,5.149,9.194
7.904,2.081,9.985
8.869,1.512,10.381
3.733,6.345,10.078
6.643,3.628,10.271
7.244,2.625,9.869
5.803,2.875,8.678
9.645,0.946,10.592
6.676,3.448,10.124
8.972,1.654,10.626
7.407,2.431,9.838
4.44,5.499,9.939
5.465,4.147,9.611
3.888,5.832,9.72
6.265,3.866,10.131
0.472,9.881,10.353
5.688,4.186,9.874
0.163,8.778,8.941
4.48,6.38,10.86
1.645,7.166,8.811
8.03,1.594,9.624
6.095,4.687,10.781
8.786,1.383,10.168
1.732,9.24,10.972
6.83,3.891,10.721
8.117,1.67,9.788
0.284,9.998,10.282
5.343,4.482,9.825
9.134,0.223,9.357
8.17,2.754,10.925
8.353,2.404,10.757
5.429,4.401,9.831
2.244,8.442,10.686
9.779,0.586,10.365
9.564,1.145,10.709
7.818,2.214,10.032
2.315,7.649,9.964
5.441,3.949,9.39
3.815,5.466,9.281
6.851,2.518,9.369
8.434,0.263,8.697
8.697,1.1,9.797
2.263,7.282,9.545
4.437,5.184,9.621
4.398,5.618,10.016
3.153,7.712,10.865
1.138,8.723,9.86
5.862,3.73,9.593
1.855,8.054,9.909
4.367,5.398,9.764
1.506,8.77,10.276
2.809,7.299,10.108
1.119,8.717,9.836
5.267,4.396,9.663
6.728,2.696,9.424
6.655,3.181,9.837
2.991,6.857,9.848
7.754,2.812,10.566
5.928,4.5,10.428
6.661,3.15,9.811
0.661,9.294,9.955
9.903,0.498,10.402
3.148,6.764,9.912
1.483,8.827,10.31
2.091,9.065,11.156
1.769,7.146,8.915
2.616,8.425,11.042
5.276,5.389,10.665
9.679,0.329,10.007
9.54,1.787,11.327
1.678,8.749,10.427
1.832,7.873,9.704
3.447,6.989,10.435
9.072,0.936,10.008
9.435,0.689,10.124
5.906,4.523,10.429
0.531,9.361,9.892
5.732,4.493,10.225
9.919,0.509,10.428
5.568,4.38,9.948
2.113,8.375,10.488
6.818,3.276,10.093
3.753,6.469,10.222
2.239,9.058,11.297
4.268,6.211,10.48
1.999,8.435,10.434
1.908,7.63,9.538
3.301,6.452,9.753
7.072,2.987,10.059
8.134,3.011,11.145
7.878,3.061,10.94
3.695,6.533,10.229
4.738,4.156,8.895
7.508,2.42,9.928
9.601,0.197,9.798
7.909,2.637,10.546
2.366,8.505,10.871
4.877,4.561,9.438
1.665,8.838,10.503
7.961,2.064,10.025
1.554,8.532,10.086
9.962,1.59,11.553
9.07,0.439,9.509
8.877,1.241,10.118
7.328,2.462,9.79
2.136,7.713,9.85
4.153,5.674,9.827
5.94,5.175,11.115
5.1315,4.9185,10.05
2.436,7.955,10.391
1.671,7.778,9.449
4.9,5.213,10.113
7.36,3.09,10.45
0.779,9.153,9.932
8.051,2.187,10.238
7.315,2.817,10.132
8.539,0.703,9.242
2.051,8.237,10.288
5.701,4.377,10.078
7.017,3.115,10.132
3.42,6.86,10.28
9.735,0.284,10.019
1.509,8.006,9.514
8.584,2.376,10.96
1.132,8.373,9.505
2.333,7.742,10.075
5.551,4.387,9.939
7.723,2.816,10.539
7.724,2.272,9.996
9.1,2.174,11.273
7.636,1.977,9.613
8.166,0.94,9.106
0.283,9.561,9.843
2.999,7.364,10.363
8.246,1.761,10.006
5.751,4.136,9.887
7.436,2.481,9.917
8.872,0.962,9.834
7.874,1.888,9.762
9.208,0.776,9.983
2.036,7.66,9.696
8.077,0.901,8.977
3.824,5.846,9.67
8.994,1.248,10.242
7.648,2.754,10.401
6.766,2.944,9.71
7.932,3.131,11.062
8.78,1.831,10.611
8.467,1.391,9.858
5.867,4.564,10.431
3.475,6.935,10.41
3.469,5.71,9.179
7.407,2.431,9.838
1.592,8.199,9.791
1.315,7.882,9.197
1.8624999999999998,8.362,10.225
1.049,8.357,9.407
7.196,2.938,10.135
2.011,7.656,9.667
6.585,3.807,10.392
8.131,1.706,9.838
8.494,1.474,9.968
8.944,1.66,10.604
6.177,4.005,10.181
6.853,4.171,11.023
6.081,3.515,9.595
8.707,0.684,9.391
1.079,8.484,9.563
2.253,7.845,10.098
9.226,0.417,9.643
9.493,0.899,10.392
0.212,9.461,9.673
4.197,5.921,10.118
3.395,7.122,10.517
9.695,0.807,10.502
5.962,4.045,10.007
3.762,6.88,10.642
1.657,8.143,9.8
5.746,3.621,9.367
8.929,1.248,10.177
2.077,8.538,10.616
9.663,0.663,10.325
2.35,7.673,10.024
9.114,1.269,10.383
7.416,2.907,10.323
2.618,8.515,11.133
5.12,5.049,10.169
1.867,8.955,10.823
8.222,3.066,11.288
9.198,0.617,9.815
1.654,7.476,9.13
2.618,6.96,9.578
7.887,2.086,9.973
0.977,8.854,9.831
2.176,8.145,10.321
6.935,3.268,10.203
1.565,9.277,10.842
1.265,8.915,10.18
2.959,7.149,10.108
5.754,4.14,9.894
9.72,0.075,9.795
1.855,8.083,9.938
2.86,6.754,9.614
1.23,9.142,10.372
7.96,2.058,10.018
0.693,9.213,9.906
7.086,3.054,10.14
7.832,1.873,9.705
6.503,2.701,9.204
9.032,1.121,10.153
3.183,7.042,10.225
3.112,7.051,10.162
7.296,3.732,11.028
6.587,3.497,10.085
9.836,0.712,10.548
8.006,1.859,9.866
0.793,8.709,9.501
5.988,3.897,9.885
8.697,1.1,9.797
4.886,5.104,9.99
4.381,4.609,8.99
5.756,5.154,10.911
3.83,6.787,10.618
7.405,3.1,10.505
1.72,7.932,9.652
0.706,9.159,9.865
0.07,9.526,9.596
3.673,5.092,8.766
7.778,2.344,10.122
2.448,7.888,10.336
4.344,5.118,9.462
4.494,5.34,9.834
6.647,3.205,9.852
6.212,3.486,9.698
3.71,6.073,9.782
5.695,5.307,11.003
7.676,3.02,10.697
0.186,9.195,9.381
0.813,9.205,10.018
2.542,7.103,9.645
4.153,6.732,10.885
7.626,2.401,10.027
6.393,3.884,10.277
2.19,8.315,10.505
7.48,3.363,10.843
6.813000000000001,2.9299999999999997,9.743
3.937,5.942,9.879
4.698,5.209,9.907
7.412,1.798,9.21
6.297,3.551,9.848
6.196,3.862,10.057
2.66,7.979,10.639
0.853,9.182,10.035
1.366,8.707,10.073
6.487,3.978,10.465
2.747,7.642,10.389
8.581,1.476,10.056
9.374,0.353,9.726
3.382,6.864,10.245
0.239,9.026,9.265
5.201,4.963,10.164
5.605,4.134,9.739
3.547,6.441,9.987
1.591,8.989,10.58
4.373,6.322,10.696
2.107,8.139,10.246
4.281,5.222,9.503
0.701,9.235,9.935
2.516,7.675,10.191
5.508,4.35,9.858
7.707,3.397,11.104
0.32,8.64,8.96
3.809,6.13,9.939
3.961,6.259,10.22
0.767,9.374,10.141
6.724,2.316,9.04
9.249,0.789,10.038
2.071,8.092,10.163
4.452,5.909,10.361
2.754,6.922,9.676
2.076,8.197,10.273
8.995,1.249,10.243
5.845,4.119,9.964
1.918,7.845,9.764
1.23,9.142,10.372
4.063,5.723,9.786
6.41,3.41,9.82
4.645,5.471,10.116
1.911,8.452,10.363
5.348,5.386,10.733
8.925,1.064,9.989
3.805,5.852,9.657
9.42,0.33,9.75
2.625,7.336,9.961
3.18,6.478,9.658
8.646,1.693,10.339
6.065,3.729,9.794
3.133,7.741,10.874
6.62,3.267,9.887
4.17,5.314,9.485
1.11,8.151,9.261
4.905,4.772,9.677
2.733,6.534,9.267
4.264,5.265,9.529
2.711,6.79,9.501
7.472,1.418,8.889
3.512,7.408,10.92
0.659,9.886,10.545
7.172,1.792,8.964
7.691,2.089,9.779
7.74,1.018,8.758
8.004,1.895,9.899
2.814,7.153,9.967
3.225,6.956,10.181
7.678,2.493,10.171
8.595,0.703,9.298
2.175,7.575,9.75
8.96,0.696,9.656
8.83,1.625,10.455
4.729,4.583,9.312
6.843,2.733,9.576
7.429,2.971,10.4
7.128,3.281,10.41
6.948,3.627,10.575
8.89,0.84,9.731
5.273,5.259,10.532
8.981,0.659,9.64
6.613,2.734,9.347
8.821,1.474,10.295
4.398,5.618,10.016
4.859,5.455,10.313
2.12,8.329,10.448
4.295,5.671,9.966
5.114,5.034,10.147
7.606,2.657,10.263
4.326,5.036,9.362
3.297,6.401,9.698
9.178,1.221,10.398
1.386,8.399,9.784
4.173,6.577,10.75
0.08,9.949,10.029
7.873,2.099,9.972
2.934,7.146,10.08
2.017,8.294,10.311
1.794,8.531,10.324
2.226,8.191,10.417
6.058,4.382,10.441
6.59,3.685,10.275
4.461,5.974,10.435
9.946,0.428,10.374
2.874,7.651,10.526
6.122,3.752,9.874
8.733,1.524,10.257
3.273,6.673,9.946
5.225,4.817,10.043
0.156,9.441,9.597
8.11,1.327,9.437
1.441,8.627,10.068
6.272,3.76,10.032
9.594,0.042,9.637
3.244,7.037,10.28
9.962,0.531,10.492
8.117,2.653,10.77
8.443,1.522,9.965
7.734,2.204,9.938
4.29,5.02,9.31
4.766,5.859,10.625
7.524,2.745,10.268
8.805,0.435,9.24
2.798,8.397,11.195
4.805,6.005,10.81
6.085,3.462,9.546
0.376,8.979,9.355
3.4094999999999995,7.201499999999999,10.611
2.683,6.94,9.623
4.531,4.911,9.443
4.27,5.857,10.127
9.536,0.972,10.508
5.481,4.597,10.078
2.532,7.591,10.123
2.888,7.541,10.429
7.16,3.137,10.297
8.429,2.315,10.744
2.264,7.171,9.435
7.421,2.966,10.387
0.427,9.252,9.679
2.304,7.965,10.269
9.676,0.634,10.309
2.013,8.326,10.339
5.605,4.175,9.78
7.931,2.699,10.629
0.551,8.712,9.263
7.307,2.508,9.815
8.638,1.202,9.841
6.994,2.804,9.797
3.392,6.987,10.38
5.945,3.497,9.442
1.194,8.828,10.022
7.438,3.164,10.602
4.784,4.413,9.197
4.291,6.01,10.302
5.34,4.62,9.96
3.405,6.966,10.37
8.78,1.831,10.611
8.129,1.311,9.44
9.792,0.973,10.765
7.843,1.491,9.333
8.505,1.377,9.882
6.619,2.738,9.356
9.57,1.293,10.862
1.284,9.411,10.696
9.027,1.542,10.568
1.129,8.545,9.674
1.526,9.522,11.048
7.533,2.673,10.206
5.151,4.171,9.322
9.858,0.214,10.072
8.896,0.389,9.285
6.122,4.187,10.309
2.755,6.831,9.586
5.141,4.755,9.896
1.478,8.969,10.448
5.597,5.47,11.068
9.314,0.463,9.777
9.635,1.119,10.754
7.516,1.605,9.121
3.589,6.186,9.775
1.33,8.696,10.026
5.238,4.217,9.454
2.854,6.818,9.672
5.031,3.805,8.836
9.413,1.014,10.427
9.24,0.747,9.988
4.85,4.809,9.659
1.757,8.294,10.051
8.591,1.675,10.266
1.589,8.692,10.281
5.672,4.823,10.494
6.196,4.32,10.515
1.07,8.745,9.815
7.266,1.758,9.024
0.991,8.876,9.867
4.494,5.64,10.134
3.595,6.474,10.068
3.433,6.252,9.684
0.381,9.342,9.723
9.416,1.31,10.726
4.879,5.074,9.953
2.326,8.066,10.392
9.1,1.149,10.249
5.101,4.799,9.9
2.011,7.836,9.848
1.343,8.556,9.899
2.452,7.862,10.314
1.274,8.304,9.578
9.302,0.272,9.573
6.638,3.752,10.39
9.484,0.126,9.611
1.415,7.978,9.393
7.781,2.431,10.212
2.597,7.109,9.706
8.738,1.5,10.238
9.252,0.459,9.712
9.503,0.921,10.423
9.2,1.056,10.256
7.437,2.502,9.939
9.83,0.368,10.199
3.826,5.342,9.168
5.345,5.214,10.559
4.162,6.996,11.158
5.111,4.933,10.044
5.718,3.93,9.647
8.549,2.181,10.73
2.554,7.347,9.902
5.26,4.206,9.466
0.501,8.574,9.075
3.518,6.192,9.71
7.889,1.96,9.849
7.771,2.856,10.627
7.417,3.331,10.748
3.442,7.202,10.645
9.779,0.282,10.062
1.72,7.932,9.652
1.509,8.006,9.514
5.916,3.787,9.704
2.891,7.049,9.941
5.278,4.594,9.872
7.737,2.494,10.231
9.256,0.932,10.188
4.178,6.663,10.841
0.545,8.928,9.473
3.183,7.516,10.699
8.9,1.614,10.515
8.862,0.292,9.154
8.384,3.148,11.532
5.165,3.445,8.61
6.733,2.562,9.296
7.452,3.175,10.627
4.321,4.871,9.192
3.44,6.559,9.999
5.753,3.979,9.732
1.807,8.354,10.161
3.778,5.937,9.715
2.132,8.014,10.147
6.13,4.122,10.252
9.463,0.064,9.528
3.981,6.835,10.816
2.928,6.852,9.78
1.994,7.523,9.516
8.238,1.684,9.922
7.043,2.604,9.647
7.909,0.828,8.737
6.265,3.481,9.746
4.125,6.219,10.345
0.534,9.445,9.979
9.266,0.595,9.861
3.081,7.228,10.309
5.694,4.557,10.251
2.14,8.491,10.631
4.049,6.756,10.806
7.673,2.196,9.869
4.296,5.576,9.873
4.545,4.941,9.486
8.423,2.086,10.509
4.99,5.149,10.139
5.086,4.635,9.721
0.435,9.781,10.216
7.08,2.745,9.825
6.436,4.493,10.928
9.236,0.574,9.81
4.497,5.372,9.87
4.453,5.7,10.154
7.781,1.347,9.128
5.468,4.552,10.02
3.06,6.575,9.635
4.169,5.883,10.052
5.949,4.916,10.865
5.082,5.1,10.182
6.239,4.032,10.271
3.338,6.485,9.823
5.52,5.909,11.429
7.042,2.943,9.985
7.08,3.62,10.7
8.39,1.896,10.287
5.819,4.112,9.931
6.502,3.646,10.148
3.408,6.112,9.52
1.493,8.7,10.193
3.351,7.177,10.528
2.798,7.323,10.121
6.038,3.901,9.94
2.054,8.181,10.235
5.675,3.69,9.365
0.357,9.616,9.973
6.757,4.473,11.23
4.889,5.376,10.265
0.578,8.474,9.052
8.47,1.861,10.331
6.073,3.262,9.334
7.256,3.141,10.397
4.816,4.791,9.607
8.086,1.73,9.816
6.479,3.275,9.754
4.014,5.188,9.201
3.217,5.943,9.16
1.892,8.063,9.955
3.665,7.055,10.72
0.386,9.854,10.24
5.225,4.945,10.17
2.021,8.261,10.282
7.484,2.103,9.586
3.356,6.776,10.133
8.155,1.775,9.93
1.287,8.043,9.33
6.737,4.108,10.845
5.623,5.721,11.344
2.7,7.264,9.964
1.612,8.511,10.123
2.71,6.714,9.424
0.757,8.827,9.584
5.098,6.016,11.113
6.964,3.6,10.563
9.779,0.586,10.365
4.947,4.027,8.974
0.662,9.263,9.925
6.143,4.058,10.201
0.798,9.712,10.51
3.24,6.746,9.986
8.257,1.999,10.256
5.558,4.523,10.081
4.153,5.674,9.827
8.316,2.613,10.93
9.178,1.221,10.398
8.469,0.694,9.162
3.335,5.845,9.179
5.373,4.76,10.132
8.485,2.485,10.97
3.341,5.778,9.119
0.913,8.759,9.672
7.579,2.86,10.439
5.934,4.922,10.856
3.004,7.1,10.103
9.68,0.009,9.689
2.558,7.41,9.968
1.635,8.609,10.243
8.564,1.221,9.784
6.562,3.855,10.417
8.227,1.409,9.636
7.832,2.066,9.898
4.457,6.311,10.768
1.644,8.172,9.816
3.346,6.77,10.116
0.73,9.941,10.671
9.752,0.059,9.811
5.019,5.171,10.19
3.799,6.055,9.854
0.044,9.995,10.039
3.386,6.507,9.893
2.466,7.22,9.686
0.339,9.618,9.957
8.976,1.03,10.005
3.659,6.482,10.14
8.391,1.419,9.81
4.628,4.654,9.282
6.129,3.101,9.23
0.232,9.059,9.291
5.687,3.964,9.65
0.634,9.801,10.435
5.292,3.99,9.282
1.82,7.891,9.711
8.159,0.824,8.983
8.47,1.861,10.331
7.672,2.233,9.905
7.837,2.282,10.119
4.481,6.084,10.566
1.491,8.365,9.856
5.64,4.358,9.998
8.32,1.932,10.252
5.026,4.192,9.218
8.622,1.403,10.026
7.929,2.927,10.855
7.401,2.203,9.604
7.795,2.338,10.133
2.24,7.018,9.259
8.761,0.982,9.744
6.475,3.479,9.953
1.218,8.686,9.903
4.814,4.829,9.643
3.182,7.272,10.455
4.528,5.839,10.367
7.788,1.955,9.743
9.067,1.122,10.189
6.724,3.014,9.738
5.135,4.613,9.748
8.867,0.816,9.683
5.669,3.83,9.499
0.623,9.157,9.78
5.334,6.015,11.349
6.593,3.181,9.774
1.748,8.768,10.516
1.316,8.743,10.059
0.145,9.278,9.423
3.171,7.486,10.656
5.438,3.512,8.95
2.904,7.796,10.699
5.936,4.424,10.359
0.023,9.473,9.496
8.963,0.711,9.674
0.369,8.9,9.269
7.739,2.432,10.171
3.974,6.719,10.694
7.069,2.921,9.989
0.542,9.166,9.708
3.876,5.72,9.596
9.795,0.242,10.037
1.265,9.292,10.557
8.882,1.841,10.723
0.249,9.959,10.208
6.189,3.659,9.848
2.35,7.302,9.652
1.778,9.983,11.762
7.26,2.955,10.215
7.685,2.124,9.809
9.446,0.496,9.942
2.448,7.682,10.13
8.32,1.518,9.837
0.919,9.303,10.222
5.469,4.141,9.61
4.639,6.24,10.879
3.448,6.415,9.863
1.831,7.969,9.8
5.265,5.24,10.506
2.74,7.131,9.872
0.534,9.226,9.76
1.227,9.008,10.234
2.489,8.098,10.587
6.372999999999999,4.259,10.632
5.103,5.545,10.648
9.444,0.849,10.293
1.761,9.113,10.874
0.242,9.513,9.755
5.785,4.323,10.107
8.004,1.895,9.899
3.956,6.106,10.062
1.159,9.084,10.243
4.755,6.168,10.923
4.572,6.024,10.596
8.629,0.853,9.483
4.179,5.455,9.634
1.909,8.314,10.223
3.92,6.275,10.195
5.538,5.333,10.871
4.072,6.136,10.208
1.157,9.21,10.367
1.502,8.525,10.027
8.269,1.913,10.182
6.569,4.091,10.66
6.231,3.273,9.505
2.718,7.831,10.549
4.494,5.64,10.134
5.526,4.09,9.616
7.285,2.249,9.534
6.289,4.276,10.566
3.017,7.301,10.318
0.511,8.854,9.365
5.403,4.364,9.768
0.751,9.606,10.357
8.565,0.516,9.081
9.723,2.282,12.005
6.717,4.736,11.453
1.588,9.126,10.714
6.683,3.374,10.057
3.196,6.105,9.301
7.813,2.662,10.475
8.435,1.611,10.047
6.612,3.762,10.373
7.128,3.281,10.41
5.51,4.947,10.457
1.418,9.434,10.852
7.658,3.416,11.074
4.998,5.168,10.166
2.958,7.302,10.26
9.242,0.84,10.082
2.449,7.36,9.809
1.931,9.181,11.112
3.613,5.95,9.563
1.676,8.19,9.866
1.817,7.644,9.461
5.104,5.588,10.692
4.537,6.362,10.899
1.864,8.158,10.022
0.915,8.65,9.565
1.384,8.201,9.585
8.378,1.473,9.851
3.739,6.974,10.713
6.174,5.351,11.525
3.144,6.962,10.106
7.804,1.865,9.668
8.824,1.463,10.287
5.652,5.027,10.678
9.942,0.024,9.966
5.399,4.293,9.692
3.098,6.791,9.889
3.486,7.21,10.696
5.73,4.348,10.078
8.007,1.854,9.861
1.707,8.196,9.903
4.073,7.324,11.397
5.562,4.17,9.732
8.377,1.198,9.576
8.653,1.33,9.983
3.226,6.465,9.691
8.246,1.761,10.006
5.784,4.217,10.002
5.916,3.787,9.704
1.996,7.712,9.708
8.478,1.491,9.969
0.313,9.607,9.92
7.789,2.278,10.067
2.177,6.538,8.715
0.128,9.878,10.007
7.392,2.801,10.193
9.408,0.657,10.066
7.521,3.575,11.096
3.701,7.146,10.847
7.91,1.532,9.442
7.25,3.205,10.455
5.456,5.311,10.767
5.376,4.118,9.494
3.382,6.864,10.245
6.819,3.784,10.602
9.515,0.688,10.203
5.421,5.116,10.537
7.496,1.819,9.315
9.772,0.364,10.136
5.715,3.389,9.103
5.355,3.45,8.805
6.362,4.179,10.541
1.295,8.818,10.113
6.805,2.933,9.737
7.296,2.428,9.724
9.446,0.432,9.879
3.787,6.788,10.575
4.003,6.961,10.965
5.922,3.644,9.566
8.423,1.296,9.719
5.585,4.087,9.673
4.658,5.829,10.487
5.672,4.073,9.745
0.939,8.71,9.649
7.106,2.562,9.668
9.476,0.886,10.362
8.517,0.93,9.448
8.925,1.064,9.989
6.59,3.685,10.275
1.204,8.899,10.103
7.662,2.21,9.872
5.573,4.344,9.917
2.735,8.033,10.768
5.615,4.079,9.693
1.766,7.526,9.293
2.588,7.344,9.932
9.188,1.48,10.668
8.558,0.985,9.543
5.746,3.621,9.367
3.203,5.813,9.016
2.881,6.912,9.793
7.198,3.739,10.937
6.052,3.688,9.741
4.357,6.241,10.598
4.588,5.194,9.782
7.764,2.78,10.544
5.908,4.323,10.231
1.136,8.461,9.597
5.064,3.245,8.308
8.989,1.228,10.216
5.816,4.749,10.566
2.364,7.583,9.947
2.154,7.813,9.967
8.632,1.742,10.375
5.292,5.037,10.329
0.9,8.993,9.893
3.82,6.332,10.152
0.013,9.556,9.568
6.571,3.657,10.228
8.1,1.877,9.978
6.063,4.047,10.11
7.182,3.378,10.56
3.793,5.931,9.724
1.255,8.833,10.088
3.733,6.816,10.548
2.334,7.676,10.01
6.587,3.978,10.565
1.459,9.045,10.505
6.899,2.829,9.728
9.906,0.432,10.338
2.429,7.923,10.352
3.592,5.713,9.305
1.763,8.258,10.021
0.768,9.023,9.791
4.525,5.127,9.653
8.941,0.834,9.775
7.042,2.519,9.562
7.323,2.883,10.206
1.074,9.373,10.447
3.209,7.037,10.246
4.079,6.662,10.741
3.548,6.267,9.815
2.188,7.772,9.961
2.203,8.255,10.458
9.509,1.448,10.956
0.599,8.994,9.593
1.078,9.113,10.192
9.496,1.07,10.566
6.353,2.216,8.568
2.045,7.968,10.013
1.159,9.084,10.243
4.528,6.399,10.927
8.908,0.946,9.853
2.157,9.2,11.357
6.463,3.392,9.855
9.163,0.487,9.65
8.67,1.673,10.343
6.105,4.062,10.167
2.008,8.312,10.319
4.542,5.665,10.207
2.029,8.476,10.505
6.115,3.535,9.65
0.854,9.861,10.715
1.964,7.22,9.184
6.046,3.946,9.991
0.87,8.901,9.772
6.288,2.507,8.795
6.381,3.813,10.193
5.376,4.118,9.494
6.851,2.518,9.369
5.261,5.07,10.331
8.192,1.733,9.925
9.018,0.564,9.582
3.6,6.2,9.8
8.585,1.369,9.954
4.123,5.522,9.646
1.015,8.815,9.83
0.981,8.701,9.681
0.11,9.369,9.479
1.501,8.863,10.364
5.275,4.608,9.882
2.917,7.492,10.41
8.202,0.713,8.916
0.747,9.112,9.859
8.217,1.919,10.136
7.731,2.096,9.827
5.278,4.594,9.872
8.494,0.682,9.175
5.945,4.117,10.062
1.971,7.977,9.947
7.106,3.169,10.276
1.125,9.718,10.843
5.46,5.419,10.879
5.212,4.836,10.048
9.174,2.823,11.997
9.069,1.091,10.16
4.638,5.716,10.354
7.045,3.551,10.596
4.384,6.402,10.785
0.3,9.4,9.7
9.067,1.821,10.888
2.468,7.146,9.614
8.982,0.388,9.37
7.157,3.004,10.161
1.56,8.08,9.64
8.657,1.777,10.434
4.99,4.898,9.888
9.368,0.424,9.792
3.733,6.816,10.548
7.275,3.894,11.169
2.223,8.129,10.352
4.261,5.97,10.231
6.015,4.462,10.477
2.234,8.178,10.412
5.727,4.057,9.784
8.874,0.753,9.627
9.628,0.396,10.025
7.565,2.829,10.394
1.058,7.955,9.013
3.503,5.353,8.856
6.481,3.562,10.043
8.239,1.783,10.021
5.249,4.827,10.077
7.737,2.494,10.231
5.649,4.426,10.075
9.921,0.948,10.869
3.841,6.132,9.973
2.248,8.341,10.588
5.343,5.373,10.716
0.636,9.675,10.311
4.442,5.081,9.523
2.231,7.855,10.086
6.379,3.243,9.622
8.657,1.319,9.976
7.719,2.837,10.556
6.222,3.694,9.917
9.064,1.448,10.512
7.279,3.492,10.771
5.218,4.98,10.198
0.917,9.364,10.281
5.009,5.23,10.239
9.779,0.586,10.365
7.596,1.779,9.375
2.907,6.63,9.537
6.569,3.464,10.033
0.815,8.83,9.645
5.7405,3.5805,9.321
6.29,3.984,10.274
3.225,6.956,10.181
8.669,1.718,10.387
4.224,6.076,10.301
2.132,7.907,10.039
1.637,7.871,9.509
1.208,8.361,9.569
2.188,8.296,10.484
1.13,9.178,10.308
6.087,3.516,9.603
8.886,1.332,10.219
7.429,1.982,9.411
6.005,3.591,9.596
2.894,7.389,10.283
8.167,1.384,9.551
7.269,3.785,11.053
4.703,5.304,10.007
1.203,8.304,9.506
2.362,7.728,10.09
6.479,3.509,9.988
2.775,7.09,9.865
0.156,9.608,9.764
3.739,5.795,9.534
1.543,8.698,10.241
6.329,2.963,9.291
4.423,5.889,10.312
2.974,7.201,10.174
1.693,7.296,8.99
6.4515,4.9175,11.369
9.626,0.027,9.653
7.014,3.123,10.137
8.646,1.693,10.339
2.277,8.331,10.607
3.434,7.22,10.654
4.652,5.457,10.108
8.113,2.21,10.323
9.163,1.528,10.691
1.947,8.709,10.656
2.858,7.658,10.516
0.853,9.182,10.035
5.209,4.249,9.458
5.758,3.493,9.251
1.959,7.62,9.579
5.759,4.899,10.658
6.06,4.137,10.197
7.25,3.205,10.455
2.026,7.624,9.65
9.496,0.689,10.186
0.639,8.143,8.783
2.983,7.035,10.017
6.58,3.845,10.425
0.271,8.74,9.011
2.767,8.009,10.776
5.155,4.462,9.616
5.134,5.399,10.533
5.696,3.734,9.43
0.595,8.544,9.138
3.271,7.1,10.371
9.407,0.592,9.999
8.43,0.982,9.412
1.093,9.028,10.121
9.139,0.689,9.828
6.887,3.18,10.066
0.619,9.815,10.434
7.069,2.864,9.934
5.39,4.614,10.004
5.933,4.536,10.469
0.706,9.159,9.865
8.69,1.648,10.338
1.994,7.523,9.516
6.612,3.762,10.373
2.194,7.833,10.026
0.444,9.441,9.885
1.89,7.736,9.626
3.997,5.216,9.213
2.416,8.264,10.68
4.445,5.98,10.425
6.722,2.81,9.532
3.753,5.762,9.515
1.676,8.493,10.169
3.028,6.601,9.629
5.886,4.294,10.181
8.882,1.841,10.723
7.179,2.679,9.858
5.976,4.361,10.337
5.1,4.702,9.802
1.677,8.758,10.434
5.235,4.305,9.54
4.85,4.832,9.682
9.859,1.683,11.542
2.093,8.427,10.52
8.395,2.353,10.748
4.686,4.982,9.668
7.391,3.335,10.726
9.071,1.793,10.864
6.669,2.032,8.7
2.13,7.313,9.443
3.312,6.875,10.187
5.362,4.084,9.446
6.115,3.535,9.65
8.966,1.224,10.191
3.251,7.073,10.324
2.79,7.14,9.93
9.565,0.415,9.98
4.404,6.23,10.634
0.558,8.836,9.394
1.601,8.523,10.124
5.039,4.64,9.679
2.875,6.239,9.115
8.995,1.249,10.243
7.474,3.069,10.543
4.662,5.515,10.177
0.924,9.605,10.529
9.381,0.401,9.782
4.934,5.591,10.524
2.617,7.579,10.196
7.346,2.408,9.754
6.912,3.05,9.962
5.982,3.562,9.544
7.786,1.821,9.607
2.391,7.308,9.698
4.452,5.297,9.748
2.153,7.898,10.051
6.765,2.733,9.498
0.267,9.591,9.858
2.286,8.286,10.572
4.888,5.129,10.017
8.568,1.858,10.426
5.135,5.81,10.945
5.399,5.027,10.427
7.083,2.511,9.594
8.246,1.761,10.006
8.586,1.473,10.059
6.781,3.249,10.031
4.035,6.301,10.336
9.916,0.732,10.648
8.643,1.321,9.964
8.442,0.403,8.845
9.367,0.849,10.216
0.85,9.173,10.023
2.448,7.682,10.13
1.632,8.775,10.407
6.014,3.152,9.166
6.003,4.15,10.153
1.825,7.974,9.799
2.686,7.787,10.473
8.549,2.235,10.784
4.587,4.542,9.13
1.348,9.025,10.373
6.013,4.551,10.564
7.58,2.263,9.843
1.772,8.942,10.714
4.348,5.827,10.174
8.571,1.149,9.72
8.117,1.942,10.059
0.395,9.871,10.266
3.774,5.575,9.349
4.953,5.769,10.722
3.435,7.042,10.476
4.422,6.21,10.631
3.785,6.316,10.101
2.098,9.016,11.114
8.431,1.785,10.216
4.087,6.262,10.349
3.957,6.572,10.529
9.638,0.189,9.827
3.289,7.1,10.389
7.673,2.196,9.869
3.532,6.207,9.739
5.931,3.237,9.169
7.598,2.381,9.979
7.561,2.853,10.413
6.427,2.496,8.922
3.48,7.215,10.694
0.403,9.636,10.039
3.486,6.56,10.046
0.142,9.216,9.359
1.964,8.676,10.64
9.336,0.878,10.215
9.797,0.054,9.851
4.393,6.129,10.522
7.586,2.201,9.787
8.189,0.975,9.164
8.88,1.476,10.356
5.705,4.126,9.831
3.445,6.586,10.032
4.425,5.783,10.208
8.092,2.219,10.311
1.977,7.454,9.431
6.17,3.575,9.746
1.709,8.933,10.642
8.165,1.869,10.034
4.263,6.931,11.194
9.331,0.354,9.685
1.271,8.699,9.97
4.648,5.215,9.863
9.312,1.564,10.876
2.571,8.443,11.014
7.52,2.955,10.475
5.082,5.295,10.377
8.035,1.96,9.995
7.408,2.669,10.077
6.938,3.757,10.695
5.981,4.607,10.588
6.145,4.01,10.155
0.125,9.896,10.021
4.939,4.631,9.57
0.768,9.023,9.791
6.025,4.44,10.466
5.473,4.201,9.674
7.618,3.309,10.927
2.792,6.832,9.624
8.335,2.26,10.595
0.13,9.077,9.206
4.597,6.37,10.967
2.902,7.307,10.209
8.404,0.994,9.399
6.143,3.419,9.562
0.137,9.454,9.591
5.514,5.018,10.532
8.835,0.378,9.212
6.447,3.799,10.247
9.719,1.224,10.943
7.932,1.976,9.908
6.801,3.894,10.695
8.486,1.7,10.187
4.909,3.779,8.688
4.981,5.017,9.998
2.625,7.158,9.783
5.992,4.154,10.146
0.736,8.624,9.36
0.437,9.631,10.068
3.935,5.846,9.781
3.89,5.784,9.674
9.013,1.679,10.692
8.649,0.614,9.263
7.28,3.413,10.693
1.067,7.908,8.976
9.074,2.001,11.075
8.35,2.59,10.94
7.435,2.627,10.063
0.122,9.692,9.815
8.186,1.647,9.832
0.898,8.68,9.578
6.172,3.461,9.633
5.97,4.02,9.99
7.241,3.439,10.68
3.7,7.731,11.431
7.747,3.222,10.969
2.752,7.424,10.176
7.306,3.278,10.584
9.869,0.378,10.247
9.146,0.621,9.767
2.271,7.055,9.325
9.113,0.615,9.728
5.618,5.208,10.826
4.063,6.737,10.8
5.597,4.482,10.08
3.29,6.208,9.499
0.004,8.623,8.626
1.854,7.919,9.773
8.209,2.34,10.548
5.72,4.591,10.311
2.374,8.38,10.754
2.266,7.484,9.75
3.82,5.708,9.527
1.215,9.388,10.603
1.713,8.181,9.895
8.112,2.381,10.493
9.93,0.258,10.188
4.882,5.493,10.375
7.413,2.103,9.516
6.009,5.038,11.047
9.084,0.759,9.844
0.779,9.153,9.932
4.596,6.382,10.979
1.752,7.984,9.737
3.874,5.974,9.848
5.975,5.025,10.999
3.178,7.881,11.059
1.007,9.475,10.482
6.006,3.68,9.685
0.398,9.418,9.816
2.606,6.413,9.02
3.364,6.936,10.299
6.388,3.489,9.876
7.895,2.872,10.767
6.51,3.903,10.413
0.236,9.26,9.496
3.806,6.009,9.815
5.429,4.914,10.343
6.961,3.221,10.182
3.836,6.34,10.176
6.557,3.924,10.48
1.985,8.304,10.288
4.838,5.819,10.657
1.758,8.081,9.839
4.393,5.492,9.886
6.045,4.376,10.421
2.035,7.741,9.776
4.921,5.38,10.301
4.976,4.94,9.916
2.383,7.924,10.308
2.678,6.833,9.511
2.69,7.18,9.87
3.966,6.366,10.332
4.075,6.342,10.417
5.864,4.294,10.158
6.27,4.008,10.278
3.196,6.139,9.335
1.769,7.995,9.764
0.267,9.627,9.894
2.396,8.43,10.826
6.698,4.468,11.166
8.464,1.831,10.295
0.955,9.897,10.853
1.758,7.92,9.679
9.588,0.75,10.339
0.198,9.174,9.372
6.202,3.985,10.187
8.254,1.897,10.151
4.146,6.103,10.25
4.554,4.529,9.083
7.375,2.524,9.899
7.243,2.786,10.029
8.098,3.302,11.4
8.872,0.962,9.834
0.489,9.505,9.994
7.753,2.469,10.222
2.05,9.0,11.049
1.101,8.658,9.759
3.189,7.163,10.352
5.743,4.166,9.909
2.598,8.468,11.066
0.035,9.285,9.32
3.951,6.093,10.044
0.778,8.888,9.666
6.534,3.275,9.809
9.502,1.23,10.732
4.331,5.571,9.902
5.825,4.484,10.309
5.578,4.915,10.493
3.472,6.378,9.849
2.96,7.669,10.629
1.573,7.946,9.519
7.121,2.73,9.852
1.103,9.657,10.76
8.344,1.94,10.285
3.429,6.641,10.07
1.262,8.38,9.642
2.488,7.238,9.726
9.204,1.165,10.369
2.226,8.191,10.417
3.665,6.417,10.083
2.741,7.707,10.448
2.244,7.803,10.047
1.354,8.937,10.291
4.531,5.707,10.238
6.456,3.267,9.723
9.422,0.199,9.621
1.689,8.002,9.69
1.572,8.672,10.245
5.9375,4.2205,10.158
8.556,0.889,9.445
2.798,8.397,11.195
4.575,4.733,9.308
3.036,6.072,9.109
7.802,1.49,9.292
9.795,0.126,9.922
3.485,6.825,10.31
3.875,6.091,9.966
5.487,4.364,9.85
3.522,6.269,9.791
1.674,8.06,9.734
2.368,7.758,10.127
3.095,6.93,10.024
5.211,4.548,9.758
8.112,2.163,10.275
8.619,1.123,9.741
3.276,6.737,10.012
2.176,7.781,9.957
4.77,5.839,10.61
1.518,8.708,10.226
4.844,5.396,10.24
6.58,3.845,10.425
5.509,4.885,10.394
7.087,2.571,9.658
8.242,2.345,10.587
7.925,1.043,8.968
4.48,5.518,9.998
0.579,9.135,9.714
9.505,0.8,10.305
7.448,2.79,10.239
5.604,4.594,10.198
7.195,2.198,9.393
3.486,5.796,9.282
1.496,7.44,8.935
7.184,3.194,10.378
9.437,0.382,9.818
8.232,1.613,9.845
3.517,7.146,10.664
5.89,4.786,10.676
4.533,6.382,10.915
7.863,2.375,10.238
8.669,1.652,10.321
8.872,0.962,9.834
3.306,7.08,10.386
1.838,8.378,10.216
6.64,3.527,10.167
2.516,7.675,10.191
2.018,7.346,9.365
2.26,7.914,10.174
7.485,2.831,10.315
8.236,2.779,11.015
8.066,2.178,10.245
0.253,9.039,9.292
1.317,8.663,9.98
6.127,3.882,10.009
1.32,8.567,9.888
6.535,3.22,9.755
9.312,0.677,9.99
9.912,0.084,9.996
8.49,1.902,10.392
6.892,3.35,10.243
3.425,7.087,10.512
1.209,8.265,9.474
5.026,5.696,10.722
3.56,7.353,10.913
9.007,1.262,10.269
7.768,1.452,9.221
5.802,4.134,9.936
9.888,0.501,10.389
9.254,1.386,10.64
6.59,3.685,10.275
1.005,9.061,10.066
5.998,3.492,9.49
2.797,7.763,10.56
1.863,7.07,8.933
9.518,0.545,10.063
2.428,7.824,10.252
6.621,2.812,9.433
6.155,3.162,9.317
9.61,0.522,10.132
5.342,4.837,10.179
6.257,3.413,9.67
7.432,2.481,9.913
3.42,6.972,10.393
8.976,1.476,10.452
3.528,6.753,10.281
3.385,6.828,10.213
2.991,6.857,9.848
5.933,4.536,10.469
2.526,7.654,10.181
1.011,8.718,9.729
0.751,9.606,10.357
4.082,5.767,9.85
1.883,7.974,9.857
2.587,8.017,10.603
5.507,3.935,9.442
7.783,2.214,9.997
8.798,0.875,9.673
8.317,1.352,9.669
0.929,8.65,9.579
4.886,5.104,9.99
3.153,6.83,9.983
4.245,5.953,10.198
5.979,3.67,9.649
3.788,5.483,9.271
3.559,6.134,9.693
1.374,8.912,10.286
5.254,4.911,10.165
2.373,7.559,9.932
4.921,5.38,10.301
3.127,7.45,10.576
4.579,5.172,9.751
3.769,5.799,9.568
4.179,5.455,9.634
4.171,6.228,10.399
1.066,9.699,10.765
2.848,7.401,10.249
5.154,4.266,9.42
9.104,1.272,10.376
1.779,7.718,9.497
1.501,8.863,10.364
6.127,3.882,10.009
0.858,9.551,10.409
4.802,5.084,9.886
8.381,1.682,10.063
5.963,4.206,10.169
8.008,0.742,8.75
8.135,2.316,10.452
1.891,7.425,9.315
3.249,6.71,9.958
2.574,8.297,10.871
3.437,6.284,9.721
1.635,8.501,10.136
0.576,8.998,9.574
3.982,5.376,9.358
2.648,6.97,9.618
9.904,0.498,10.401
6.587,3.497,10.085
9.253,0.219,9.472
8.246,1.963,10.209
2.045,7.68,9.725
5.346,4.315,9.661
1.864,8.158,10.022
7.85,1.857,9.707
2.84,7.112,9.953
2.177,8.387,10.565
5.754,4.071,9.825
7.846,1.906,9.753
8.424,0.709,9.133
9.007,1.262,10.269
1.65,8.394,10.044
7.17,2.433,9.602
3.353,5.962,9.315
1.886,7.589,9.475
4.631,6.135,10.766
5.514,4.596,10.11
7.013,3.136,10.149
9.988,0.178,10.166
2.728,7.179,9.908
0.923,9.273,10.196
7.712,2.644,10.356
1.713,8.181,9.895
9.875,0.63,10.505
5.632,4.294,9.925
0.301,9.511,9.812
2.606,7.769,10.375
5.258,4.271,9.53
1.485,8.764,10.249
9.631,0.546,10.177
6.394,3.348,9.741
1.658,7.822,9.48
5.619,3.857,9.476
5.594,4.916,10.51
5.188,5.251,10.439
8.808,1.549,10.357
6.332,2.678,9.01
9.457,0.951,10.409
6.264,3.148,9.412
1.975,7.569,9.544
3.096,6.749,9.845
2.807,7.653,10.459
7.889,1.83,9.718
2.824,6.72,9.544
4.961,4.461,9.422
0.69,8.187,8.877
5.833,3.011,8.844
9.475,1.037,10.511
2.291,7.427,9.718
5.026,5.696,10.722
7.141,3.477,10.618
4.096,6.555,10.651
1.771,9.135,10.905
8.629,0.088,8.717
9.381,0.401,9.782
1.854,7.919,9.773
5.695,3.539,9.234
0.126,9.432,9.558
3.629,6.802,10.431
3.399,6.226,9.626
2.518,8.777,11.295
3.093,6.762,9.854
6.905,2.687,9.592
3.645,7.126,10.771
2.538,6.951,9.489
2.196,8.211,10.407
4.126,5.157,9.284
8.684,0.978,9.662
8.312,1.794,10.106
5.414,4.74,10.154
7.633,2.957,10.591
9.75,0.699,10.45
5.492,3.975,9.467
2.658,7.235,9.893
7.072,2.375,9.447
5.034,4.956,9.99
9.194,1.134,10.328
6.518,3.623,10.141
2.614,6.813,9.427
1.196,9.31,10.506
7.298,1.617,8.914
8.922,1.553,10.476
3.435,7.641,11.075
3.549,6.868,10.417
9.104,0.529,9.633
3.005,6.719,9.724
5.578,4.708,10.287
1.741,7.619,9.36
0.433,8.915,9.348
9.104,0.615,9.719
1.303,8.77,10.073
2.165,8.197,10.362
6.394,3.275,9.669
7.901,1.797,9.697
4.7,4.738,9.438
2.7319999999999998,6.765,9.497
4.864,5.127,9.991
4.227,6.746,10.973
0.988,8.613,9.601
5.932,4.019,9.951
2.929,7.181,10.109
6.283,4.021,10.304
1.743,9.347,11.09
6.523,3.189,9.712
9.367,0.849,10.216
4.07,5.486,9.556
5.943,3.768,9.711
0.581,9.229,9.811
2.222,7.859,10.081
8.778,2.505,11.283
9.468,1.21,10.677
2.16,8.154,10.314
3.495,7.131,10.626
0.169,9.945,10.114
2.314,7.371,9.686
2.605,7.18,9.785
1.79,7.209,8.999
2.253,8.006,10.259
5.542,4.314,9.856
2.263,7.282,9.545
3.135,6.739,9.875
0.855,9.281,10.136
6.211,3.229,9.44
9.967,0.163,10.131
3.517,7.453,10.971
4.558,4.8,9.358
0.504,9.476,9.981
1.316,9.111,10.427
5.5,3.954,9.454
6.71,2.798,9.507
4.227,5.358,9.585
9.209,0.693,9.902
2.677,7.068,9.745
5.641,3.725,9.365
4.655,5.637,10.292
4.761,5.66,10.42
0.144,9.599,9.743
3.88,7.323,11.203
5.433,5.32,10.753
8.144,2.282,10.426
4.85,5.74,10.59
0.311,9.02,9.332
2.421,8.151,10.572
6.379,3.964,10.343
5.652,4.154,9.807
2.948,6.606,9.554
8.466,1.679,10.145
3.052,6.926,9.978
5.016,5.191,10.207
1.13,9.178,10.308
7.785,2.248,10.033
8.178,1.984,10.162
7.417,3.507,10.924
1.061,9.638,10.698
1.068,9.123,10.191
7.794,2.868,10.662
7.907,1.209,9.117
9.791,0.211,10.002
5.636,4.378,10.014
5.59,4.083,9.673
3.629,6.802,10.431
6.849,3.352,10.202
8.928,0.772,9.7
2.0,7.362,9.362
4.8,5.0,9.8
4.174,7.13,11.304
4.372,5.703,10.075
7.566,1.668,9.233
4.155,6.213,10.368
9.102,1.271,10.374
4.188,6.43,10.618
3.871,5.65,9.521
3.195,6.433,9.627
8.761,1.337,10.098
5.791,5.147,10.938
8.874,0.753,9.627
2.834,6.523,9.358
5.065,5.077,10.142
8.828,2.377,11.205
0.659,8.849,9.508
0.1,8.72,8.82
1.153,8.311,9.464
5.18,5.453,10.633
0.297,9.1,9.397
6.322,2.452,8.774
3.511,6.514,10.024
2.119,7.789,9.908
8.724,0.993,9.717
1.597,8.14,9.737
8.257,3.009,11.266
1.23,9.142,10.372
4.206,6.552,10.758
2.563,7.729,10.292
7.097,3.43,10.528
4.907,4.718,9.625
3.604,6.571,10.174
1.358,8.686,10.044
3.486,6.56,10.046
1.39,8.126,9.516
4.965,5.029,9.994
2.71,4.776,7.486
9.111,1.023,10.134
7.416,2.801,10.218
3.435,7.042,10.476
5.004,6.502,11.506
5.014,5.031,10.045
5.404999999999999,3.9204999999999997,9.325
1.053,8.663,9.716
8.999,1.573,10.571
8.078,2.236,10.314
3.001,7.211,10.211
9.131,0.572,9.703
1.09,8.957,10.047
0.754,9.408,10.162
4.417,5.716,10.133
1.899,8.395,10.293
0.817,8.94,9.758
2.791,7.566,10.357
4.372,5.703,10.075
4.396,4.761,9.157
3.434,7.22,10.654
7.052,2.698,9.751
2.011,7.861,9.872
6.569,3.311,9.88
6.502,3.646,10.148
5.311,5.956,11.266
8.105,2.308,10.413
8.673,0.883,9.556
1.022,9.712,10.734
9.12,2.012,11.132
4.269,6.388,10.657
1.415,8.526,9.941
6.595,3.829,10.424
3.326,6.166,9.492
4.913,4.378,9.29
7.279,2.665,9.943
6.558,4.389,10.947
9.407,0.592,9.999
7.396,2.913,10.309
0.508,8.843,9.351
1.749,8.152,9.9
3.025,7.844,10.869
0.644,9.453,10.098
7.203,2.724,9.927
8.816,1.226,10.042
3.261,6.534,9.795
1.035,8.86,9.896
8.056,1.63,9.685
7.824,1.696,9.519
9.538,0.419,9.957
6.687,3.499,10.186
7.761,3.127,10.888
5.963,4.967,10.93
7.254,2.065,9.32
3.256,7.218,10.474
3.064,7.415,10.479
5.636,4.378,10.014
2.966,6.13,9.096
1.654,9.363,11.017
5.969,4.277,10.246
8.918,1.696,10.614
2.656,7.242,9.898
3.429,6.542,9.971
7.216,3.01,10.226
3.954,5.335,9.289
4.803,5.277,10.08
8.595,0.703,9.298
2.201,7.703,9.904
0.532,8.218,8.749
4.661,6.172,10.833
9.539,0.169,9.707
3.6,6.2,9.8
2.32,7.924,10.245
5.442,3.96,9.402
1.157,9.21,10.367
3.769,6.226,9.994
2.564,8.249,10.814
7.383,2.839,10.222
6.264,3.148,9.412
4.596,6.125,10.72
5.72,3.877,9.597
4.942,5.574,10.516
7.798,1.615,9.413
5.396,5.131,10.526
1.491,8.365,9.856
9.996,0.761,10.757
4.234,4.615,8.848
2.292,7.527,9.819
2.865,6.363,9.228
4.537,5.758,10.296
7.439,3.351,10.789
7.614,2.493,10.107
5.947,3.698,9.645
9.209,0.693,9.902
9.518,0.545,10.063
4.69,5.155,9.844
6.119,4.659,10.778
0.464,8.755,9.219
2.057,8.089,10.146
2.346,7.842,10.188
5.459,4.208,9.667
9.185,1.089,10.274
7.548,1.272,8.82
5.444,5.487,10.931
8.83,1.48,10.31
6.064,4.053,10.116
4.564,6.166,10.73
8.391,1.419,9.81
2.866,7.238,10.104
9.754,0.903,10.657
8.276,2.604,10.88
3.659,6.482,10.14
7.617,2.067,9.683
1.113,9.242,10.355
7.143,3.048,10.19
3.174,6.45,9.624
3.834,5.005,8.838
0.779,9.153,9.932
2.099,8.413,10.512
5.783,4.556,10.339
8.647,1.506,10.153
2.899,6.971,9.87
2.491,7.746,10.237
6.317,4.011,10.328
4.512,6.313,10.825
7.433,2.205,9.638
6.76,2.85,9.61
9.275,1.767,11.042
5.248,4.954,10.202
1.356,8.813,10.169
2.255,7.575,9.83
5.024,4.713,9.737
7.269,3.785,11.053
3.56,7.353,10.913
0.655,9.998,10.652
1.736,8.351,10.087
6.446,3.364,9.81
1.514,9.261,10.775
0.253,9.039,9.292
2.435,7.688,10.123
3.711,6.041,9.753
1.311,9.144,10.455
1.272,8.9,10.172
6.835,4.034,10.869
9.956,0.406,10.362
0.846,9.534,10.38
6.025,4.44,10.466
0.751,9.606,10.357
6.5,2.64,9.14
1.377,9.343,10.72
4.292,6.794,11.087
4.554,5.373,9.927
2.306,7.627,9.933
6.183,4.191,10.373
4.717,4.929,9.646
6.231,3.5235000000000003,9.754
2.385,8.47,10.855
1.582,8.633,10.214
9.603,1.38,10.983
4.508,5.419,9.928
6.265,3.866,10.131
1.218,8.686,9.903
5.579,4.773,10.352
7.788,2.13,9.918
2.192,8.106,10.298
0.714,9.083,9.798
3.382,6.864,10.245
8.203,1.343,9.546
9.198,0.617,9.815
8.937,1.475,10.412
3.856,5.662,9.518
8.166,0.94,9.106
9.495,1.069,10.564
2.769,8.167,10.936
0.408,9.254,9.663
3.203,5.813,9.016
8.317,1.352,9.669
8.673,1.462,10.135
2.526,7.654,10.181
7.071,2.312,9.383
7.347,2.877,10.224
8.041,1.531,9.573
2.714,6.607,9.321
3.552,6.507,10.06
1.427,8.677,10.104
1.702,7.765,9.467
6.895,2.558,9.452
2.838,6.774,9.612
5.797,3.849,9.646
4.48,5.518,9.998
1.07,8.745,9.815
0.835,9.108,9.943
2.2,7.356,9.556
8.701,1.846,10.547
3.58,5.695,9.274
5.26,4.416,9.676
7.169,2.47,9.639
7.708,1.483,9.191
3.648,5.155,8.803
6.528,2.979,9.507
5.399,4.293,9.692
4.624,6.01,10.634
3.037,7.241,10.279
8.238,1.684,9.922
9.18,0.769,9.949
0.786,9.632,10.418
8.332,1.656,9.987
5.961,4.026,9.987
2.001,7.743,9.744
8.653,1.33,9.983
5.039,5.715,10.754
1.644,9.528,11.172
7.017,3.115,10.132
8.687,0.216,8.903
7.057,2.208,9.265
2.503,8.058,10.561
0.835,8.265,9.099
2.384,7.9,10.284
9.413,0.552,9.966
9.227,1.531,10.758
9.669,0.37,10.04
5.311,5.337,10.648
6.824,2.693,9.517
1.328,8.789,10.117
0.657,9.866,10.523
8.644,1.251,9.895
3.159,6.305,9.464
2.509,7.795,10.304
7.543,2.597,10.14
4.051,5.299,9.349
3.67,6.181,9.851
9.67,1.712,11.382
5.881,3.919,9.801
1.848,8.562,10.41
3.935,5.846,9.781
2.917,7.492,10.41
1.996,7.712,9.708
0.632,9.019,9.651
1.188,9.013,10.202
9.754,0.818,10.571
2.391,6.963,9.355
8.418,1.557,9.975
7.961,1.603,9.564
5.511,4.592,10.103
1.501,8.487,9.988
1.684,8.696,10.38
3.823,5.846,9.669
8.929,1.765,10.694
3.756,6.5,10.257
9.618,0.229,9.847
6.64,2.921,9.56
8.892,2.124,11.016
3.331,6.696,10.027
9.496,1.3,10.796
6.733,2.562,9.296
7.989,1.756,9.744
2.571,8.443,11.014
5.329,5.202,10.531
3.744,7.436,11.18
3.224,6.007,9.23
5.436,5.132,10.569
1.812,7.628,9.44
2.123,8.682,10.806
9.133,0.724,9.856
1.082,9.216,10.298
9.295,1.071,10.367
8.149,2.058,10.207
5.102,4.413,9.515
8.153,1.037,9.19
8.866,1.839,10.705
2.743,7.347,10.091
4.639,5.723,10.362
0.207,9.182,9.39
6.065,2.918,8.983
9.515,0.024,9.539
2.919,8.958,11.878
3.651,6.263,9.915
6.168,4.811,10.978
1.731,9.079,10.81
4.755,4.521,9.275
8.315,1.611,9.926
7.591,1.608,9.199
8.36,0.809,9.168
8.346,1.719,10.065
8.431,1.785,10.216
4.86,5.44,10.301
9.012,0.732,9.744
7.938,2.58,10.518
7.16,3.443,10.603
4.348,6.071,10.419
9.27,1.016,10.286
1.42,8.66,10.08
5.404,4.885,10.288
1.928,8.22,10.148
9.16,1.028,10.188
4.84,4.381,9.221
8.645,2.013,10.658
7.478,2.791,10.27
8.3,2.602,10.903
0.768,9.023,9.791
8.405,1.77,10.176
1.011,9.319,10.33
1.551,8.085,9.636
1.132,8.373,9.505
2.18,7.044,9.224
8.585,1.369,9.954
5.343,4.43,9.773
7.779,2.595,10.374
7.644,2.088,9.732
1.047,8.212,9.259
3.46,6.909,10.369
5.314,4.17,9.484
4.949,4.735,9.684
1.193,8.662,9.855
8.428,1.484,9.912
8.718,0.341,9.059
4.494,5.64,10.134
8.532,1.473,10.006
4.621,4.818,9.439
2.703,7.079,9.782
0.081,9.993,10.074
6.871,2.532,9.403
9.59,0.189,9.779
1.51,8.84,10.35
6.458,2.549,9.007
1.713,7.917,9.63
4.04,5.994,10.034
3.196,6.047,9.243
7.453,2.638,10.091
5.149,4.182,9.331
7.295,2.368,9.664
9.171,1.267,10.438
7.289,2.809,10.098
2.234,7.822,10.056
0.779,9.835,10.615
7.05,3.354,10.404
6.707,3.848,10.555
5.746,5.061,10.807
8.269,2.238,10.507
3.278,7.371,10.649
0.916,9.713,10.629
6.901,3.69,10.59
2.088,8.73,10.818
9.017,0.529,9.546
7.484,1.551,9.035
1.486,8.421,9.907
5.764,3.884,9.647
6.142,4.193,10.336
2.49,7.754,10.244
1.542,8.092,9.634
7.276,3.25,10.527
9.262,1.102,10.364
0.506,9.622,10.128
4.545,5.36,9.905
5.045,5.648,10.693
4.721,4.975,9.695
9.479,1.653,11.132
9.459,1.123,10.582
5.972,4.787,10.759
5.91,4.453,10.363
5.588,4.865,10.453
7.837,0.645,8.482
7.768,1.452,9.221
4.934,5.591,10.524
7.409,2.778,10.187
8.89,0.65,9.54
4.169,6.232,10.401
4.4,5.228,9.627
7.791,2.432,10.223
2.664,6.613,9.277
6.527,3.985,10.512
2.011,7.277,9.288
3.373,6.869,10.242
3.679,6.201,9.88
1.837,8.323,10.16
2.916,6.749,9.665
5.385,5.237,10.622
3.909,5.391,9.3
6.073,4.225,10.298
9.07,0.684,9.754
9.159,1.485,10.644
5.995,4.057,10.052
1.137,8.964,10.101
8.659,1.048,9.707
0.992,8.309,9.301
2.43,7.656,10.086
7.126,3.673,10.799
1.049,8.357,9.407
6.925,3.171,10.096
4.639,6.715,11.354
9.015,1.118,10.134
9.098,0.545,9.642
7.391,1.743,9.133
4.853,4.407,9.26
0.439,9.611,10.049
2.887,7.174,10.061
8.433,1.561,9.994
2.192,7.995,10.187
7.076,3.076,10.152
8.131,1.786,9.917
1.658,7.822,9.48
0.55,8.884,9.434
7.012,3.431,10.443
4.156,5.265,9.42
1.499,8.139,9.639
2.289,7.589,9.878
6.534,3.275,9.809
4.695,6.237,10.932
9.431,1.157,10.588
8.3,1.327,9.627
7.666,2.984,10.65
4.153,5.674,9.827
7.567,1.872,9.438
3.172,7.013,10.185
9.496,1.3,10.796
5.499,5.705,11.204
9.658,0.966,10.624
2.714,7.408,10.122
5.679,4.291,9.969
9.373,1.063,10.436
5.431,3.923,9.355
7.733,2.501,10.234
1.529,8.858,10.387
6.897,2.248,9.144
4.932,4.94,9.871
1.153,8.311,9.464
5.557,5.474,11.03
0.627,9.72,10.347
9.829,0.43,10.259
2.642,6.211,8.853
1.403,9.479,10.882
8.448,1.229,9.678
4.047,5.765,9.812
9.601,0.197,9.798
3.709,6.542,10.251
8.677,1.937,10.614
4.497,6.032,10.53
2.046,7.841,9.887
2.776,6.021,8.797
3.881,5.594,9.475
9.609,0.734,10.343
3.442,6.726,10.168
7.832,2.066,9.898
4.073,7.324,11.397
2.449,7.36,9.809
5.446,4.616,10.062
8.55,0.614,9.164
1.059,8.67,9.728
5.347,4.664,10.011
6.912,2.796,9.709
6.858,2.924,9.781
5.907,4.381,10.288
1.902,8.398,10.301
1.766,8.257,10.023
3.853,6.746,10.6
0.778,9.75,10.528
8.916,2.0,10.916
1.872,8.297,10.169
2.65,7.771,10.42
7.495,2.142,9.637
9.071,1.191,10.262
6.577,4.686,11.262
5.2,5.142,10.342
0.968,9.305,10.273
8.555,1.081,9.637
8.928,0.725,9.653
6.485,3.701,10.185
4.096,5.22,9.315
2.839,8.468,11.307
3.19,6.635,9.825
7.48,1.964,9.444
5.034,4.956,9.99
5.22,5.416,10.636
1.051,9.277,10.328
6.923,3.115,10.038
7.346,2.912,10.259
6.911,2.933,9.843
6.184,3.079,9.263
1.161,8.903,10.064
6.772,2.154,8.926
0.385,9.742,10.126
9.84,0.387,10.227
0.304,9.899,10.203
0.464,9.294,9.757
1.342,9.315,10.658
2.128,8.308,10.436
9.202,0.712,9.914
6.783,2.383,9.166
8.821,0.86,9.681
6.286,3.261,9.547
1.518,8.539,10.057
0.732,9.492,10.224
0.873,8.428,9.301
5.299,4.638,9.937
0.304,8.811,9.115
9.302,1.165,10.466
9.496,0.622,10.119
6.06,4.028,10.088
6.855,3.267,10.123
8.84,1.419,10.259
1.715,8.216,9.932
9.892,0.864,10.756
7.482,1.98,9.461
1.32,8.567,9.888
7.135,1.745,8.881
5.075,5.061,10.135
9.59,0.854,10.444
7.108,2.913,10.02
9.942,0.213,10.156
6.492,4.098,10.59
0.836,8.554,9.389
7.455,2.236,9.691
7.228,2.068,9.296
7.498,2.024,9.522
5.711,4.152,9.863
5.195,4.62,9.816
0.123,9.937,10.06
6.303,4.153,10.455
9.445,1.626,11.071
8.003,2.753,10.757
7.254,2.437,9.691
5.76,2.574,8.334
1.971,7.977,9.947
6.519,5.041,11.56
2.151,8.673,10.825
1.704,8.189,9.893
0.919,8.92,9.839
5.129,5.125,10.254
9.537,1.29,10.827
3.983,5.83,9.813
2.48,8.465,10.945
1.023,8.799,9.822
6.272,3.76,10.032
6.64,2.921,9.56
9.297,0.83,10.127
6.918,3.242,10.16
5.394,3.602,8.996
7.608,2.44,10.048
8.925,1.064,9.989
9.456,0.629,10.085
4.929,5.114,10.042
2.959,7.584,10.543
3.221,7.069,10.29
9.594,0.042,9.637
0.962,8.852,9.814
9.238,0.284,9.521
7.817,2.25,10.068
4.347,5.62,9.968
3.805,6.195,10.0
3.028,6.86,9.888
9.27,0.888,10.158
4.733,4.502,9.236
1.775,9.428,11.203
2.775,7.09,9.865
4.834,6.008,10.842
1.591,8.123,9.714
7.978,2.783,10.761
2.331,7.811,10.142
8.904,0.28,9.184
7.711,3.13,10.841
9.692,0.475,10.168
5.048,5.935,10.983
5.779,5.027,10.806
2.2359999999999998,7.9375,10.174
5.663,4.617,10.28
6.555,2.999,9.554
4.388,5.786,10.174
7.566,3.112,10.677
0.535,9.986,10.521
7.586,1.559,9.145
2.701,7.73,10.432
1.118,8.832,9.95
7.565,2.829,10.394
3.648,5.931,9.579
7.369,2.903,10.272
9.332,1.218,10.55
5.724,3.786,9.51
2.746,8.207,10.953
5.003,5.296,10.299
5.771,5.005,10.776
9.07,1.548,10.618
9.977,0.723,10.701
5.358,4.341,9.699
0.806,8.557,9.363
1.807,8.354,10.161
6.003,4.15,10.153
7.879,2.149,10.028
7.702,2.481,10.183
9.833,0.796,10.629
4.551,4.281,8.832
5.605,4.134,9.739
5.217,5.296,10.512
4.2444999999999995,6.1080000000000005,10.352
4.081,6.591,10.672
8.695,1.539,10.234
4.86,4.84,9.7
2.248,8.341,10.588
5.713,4.123,9.836
3.256,6.455,9.711
1.984,8.275,10.259
0.439,9.611,10.049
8.209,1.837,10.046
2.071,8.356,10.427
3.249,6.71,9.958
8.077,0.901,8.977
7.313,1.987,9.299
4.929,5.271,10.2
6.518,3.623,10.141
6.885,3.425,10.31
0.623,8.333,8.955
3.325,6.459,9.784
6.857,3.697,10.554
9.071,1.191,10.262
0.132,9.991,10.123
7.147,3.277,10.424
8.736,2.123,10.859
5.205,4.223,9.429
4.027,5.999,10.026
7.162,2.879,10.042
0.632,9.218,9.85
2.971,7.883,10.854
5.186,5.584,10.77
8.804,0.29,9.094
1.637,8.191,9.828
8.529,1.857,10.387
6.604,3.492,10.096
4.592,5.028,9.62
0.619,8.569,9.188
0.675,8.887,9.563
7.235,2.415,9.65
0.655,8.844,9.5
2.399,8.625,11.025
3.26,6.279,9.539
4.69,4.826,9.516
4.169,6.232,10.401
8.44,1.021,9.461
5.548,4.414,9.962
3.386,6.507,9.893
7.314,3.284,10.598
7.304,1.715,9.019
5.373,4.916,10.289
4.497,6.032,10.53
7.046,2.664,9.71
0.976,9.621,10.597
2.964,6.288,9.252
4.168,6.634,10.802
0.576,8.998,9.574
8.899,1.205,10.104
3.056,7.541,10.597
7.038,3.414,10.453
6.141,4.213,10.354
7.383,2.297,9.68
5.292,5.42,10.712
6.533,3.642,10.175
6.779,3.751,10.53
5.621,3.713,9.333
5.585,4.087,9.673
1.376,7.596,8.971
0.741,9.391,10.132
8.203,2.729,10.932
1.28,8.74,10.02
5.652,5.027,10.678
3.135,7.601,10.736
1.085,8.554,9.639
3.023,7.855,10.878
9.609,0.734,10.343
1.169,8.83,9.999
9.977,0.443,10.42
1.026,9.39,10.416
2.974,7.201,10.174
3.345,7.103,10.448
5.681,4.009,9.691
6.823,3.336,10.159
2.485,7.53,10.016
1.874,8.016,9.891
7.521,1.9,9.421
5.2,5.676,10.876
7.121,2.73,9.852
9.825,0.167,9.993
3.37,7.423,10.793
1.152,9.64,10.793
3.882,6.737,10.619
2.987,7.654,10.641
9.98,0.266,10.246
3.653,6.925,10.578
9.936,0.502,10.438
6.709,3.288,9.997
6.703,4.057,10.759
4.05,5.825,9.875
2.282,7.925,10.207
8.092,1.619,9.711
1.268,8.566,9.834
8.209,2.256,10.465
8.981,1.071,10.053
9.041,1.334,10.375
1.927,7.668,9.595
3.626,6.314,9.94
0.98,9.075,10.056
9.076,1.456,10.533
6.894,2.926,9.82
4.762,5.659,10.421
3.351,6.313,9.664
6.825,2.948,9.774
2.58,8.309,10.889
2.305,7.309,9.614
1.253,9.02,10.273
0.534,9.445,9.979
8.296,1.675,9.971
7.961,2.064,10.025
4.268,6.211,10.48
5.436,4.939,10.375
6.444,3.176,9.621
5.143,5.052,10.195
7.097,3.43,10.528
1.54,8.021,9.562
4.703,5.304,10.007
8.238,1.684,9.922
6.843,2.733,9.576
1.316,9.228,10.544
8.325,1.96,10.285
3.049,6.87,9.919
6.189,3.659,9.848
1.852,9.022,10.874
5.205,4.698,9.903
8.723,1.385,10.109
1.575,8.374,9.949
8.256,2.074,10.329
4.014,6.345,10.358
6.458,3.646,10.104
1.375,8.621,9.995
5.601,4.969,10.569
9.217,1.01,10.227
7.324,2.16,9.485
3.935,6.712,10.647
6.684,2.401,9.086
0.988,8.613,9.601
4.403,6.009,10.411
1.204,8.899,10.103
8.511,1.878,10.389
2.514,8.143,10.657
8.723,1.385,10.109
9.371,1.4,10.77
2.85,7.93,10.78
7.685,1.784,9.469
4.886,5.104,9.99
5.979,3.957,9.936
5.975,3.301,9.276
6.064,3.385,9.449
0.03,9.442,9.472
8.255,2.858,11.113
4.71,5.706,10.415
4.546,5.66,10.205
8.091,1.541,9.632
1.415,8.674,10.089
2.794,7.271,10.066
4.369,5.698,10.067
3.563,5.527,9.09
5.031,5.701,10.732
1.766,8.297,10.063
2.075,8.591,10.666
9.367,0.031,9.397
5.638,4.762,10.4
7.081,3.154,10.236
1.152,9.261,10.413
0.661,9.294,9.955
9.929,0.683,10.611
7.874,2.649,10.524
1.647,8.113,9.76
3.642,6.517,10.159
3.747,5.649,9.396
3.545,6.349,9.894
3.02,7.429,10.449
1.326,8.391,9.717
9.304,1.122,10.425
2.363,7.569,9.931
0.622,9.613,10.235
5.678,4.976,10.655
6.459,3.679,10.139
1.493,8.74,10.233
3.41,5.869,9.279
7.79,2.268,10.058
2.796,6.932,9.728
2.491,7.879,10.37
2.315,7.426,9.741
0.377,9.084,9.461
7.063,3.706,10.768
0.339,9.618,9.957
2.154,7.813,9.967
1.175,9.28,10.455
2.999,6.842,9.84
9.464,1.011,10.475
2.261,7.873,10.134
9.731,0.455,10.186
7.314,2.372,9.686
0.738,9.31,10.048
7.606,2.657,10.263
1.484,8.315,9.799
7.363,2.611,9.974
6.2,3.773,9.972
4.44,5.293,9.733
7.151,1.358,8.509
0.142,9.444,9.586
4.554,5.373,9.927
7.04,3.058,10.098
8.38,1.234,9.614
0.718,8.478,9.197
7.945,2.061,10.007
0.105,9.753,9.858
6.613,3.582,10.195
7.839,2.774,10.613
9.901,0.363,10.264
7.84,1.994,9.834
3.503,7.01,10.512
5.388,4.925,10.313
8.87,0.188,9.058
4.046,5.053,9.099
5.922,3.644,9.566
8.217,1.904,10.121
7.788,2.119,9.907
5.658,3.992,9.65
6.805,4.088,10.893
1.695,8.527,10.221
9.071,1.191,10.262
5.632,4.294,9.925
6.273,4.627,10.9
4.301,5.827,10.128
9.123,1.514,10.637
3.312,7.73,11.042
5.135,4.613,9.748
7.753,2.963,10.716
2.39,8.6,10.99
1.16,8.79,9.95
1.138,8.723,9.86
5.405,4.951,10.356
5.783,3.674,9.457
8.104,1.77,9.873
2.423,7.029,9.452
8.112,2.771,10.883
2.245,7.509,9.755
3.088,7.222,10.31
3.422,6.958,10.38
6.518,3.623,10.141
6.398,2.635,9.034
9.457,0.1,9.557
5.014,5.031,10.045
5.745,4.126,9.872
8.288,2.424,10.712
2.183,8.794,10.976
0.951,9.277,10.228
3.213,7.061,10.274
4.54,5.504,10.044
8.646,0.608,9.254
9.397,1.234,10.631
7.391,2.994,10.385
8.906,0.647,9.553
7.602,3.148,10.75
3.51,6.676,10.186
7.352,3.369,10.722
6.746,2.99,9.736
4.468,5.579,10.047
8.971,1.905,10.876
4.93,5.318,10.248
3.917,6.004,9.92
5.576,4.904,10.48
8.312,1.794,10.106
7.469,3.176,10.645
1.5,9.112,10.612
9.383,0.31,9.693
6.591,3.216,9.807
0.979,9.818,10.797
2.958,7.219,10.177
8.048,2.003,10.051
4.865,4.605,9.47
3.785,6.494,10.279
6.597,3.885,10.482
0.931,9.077,10.009
6.583,2.761,9.344
5.956,3.688,9.644
6.334,2.87,9.204
7.59,2.871,10.462
5.093,4.811,9.904
3.974,6.141,10.115
4.773,5.464,10.237
7.687,2.5,10.187
8.015,2.408,10.423
3.54,5.754,9.294
1.365,9.092,10.457
8.076,2.184,10.261
8.931,1.471,10.402
3.429,5.965,9.393
1.132,8.373,9.505
8.46,2.417,10.877
3.081,6.514,9.595
3.232,7.031,10.264
5.628,4.319,9.946
1.742,7.641,9.384
4.348,6.071,10.419
5.863,4.152,10.015
7.34,2.876,10.216
4.611,5.258,9.869
5.661,4.286,9.947
6.554,3.51,10.064
9.687,0.396,10.082
7.233,3.622,10.854
2.34,6.933,9.273
8.005,2.663,10.668
6.058,4.382,10.441
4.756,5.647,10.402
8.329,1.038,9.368
7.886,1.101,8.987
3.193,6.725,9.918
7.427,2.32,9.747
6.602,3.438,10.04
2.494,8.125,10.62
7.059,3.046,10.105
0.673,9.902,10.575
8.004,2.678,10.682
9.287,0.509,9.796
1.464,7.625,9.089
9.047,1.447,10.494
4.756,5.647,10.402
9.304,1.122,10.425
8.423,1.903,10.326
8.524,1.534,10.059
8.694,0.393,9.087
4.761,5.66,10.42
4.385,6.269,10.654
1.16,9.077,10.237
1.884,7.565,9.449
2.261,7.873,10.134
4.345,4.345,8.69
7.721,1.985,9.706
3.226,7.932,11.159
9.105,0.963,10.067
8.728,1.929,10.658
4.539,5.714,10.253
7.559,2.06,9.62
8.227,1.409,9.636
3.19,6.481,9.672
3.395,6.835,10.23
9.752,0.059,9.811
6.386,4.357,10.743
3.318,5.641,8.96
7.402,2.058,9.46
2.457,8.261,10.718
8.32,1.518,9.837
3.498,6.81,10.307
2.127,8.259,10.386
2.605,7.553,10.158
6.291,3.876,10.167
4.78,4.964,9.744
7.766,2.012,9.778
6.439,3.402,9.84
5.812,4.004,9.816
1.129,8.749,9.878
5.515,5.665,11.18
5.288,4.875,10.163
6.895,2.842,9.736
4.58,5.894,10.474
2.093,7.693,9.786
5.543,4.17,9.713
5.914,4.619,10.533
9.224,1.062,10.286
3.871,5.62,9.49
1.554,8.532,10.086
0.558,9.402,9.96
4.3,5.82,10.12
3.96,6.727,10.686
0.057,9.825,9.882
4.63,5.53,10.161
1.312,8.285,9.597
7.2,2.909,10.11
3.548,6.406,9.955
3.806,6.595,10.401
2.999,8.08,11.08
0.048,9.075,9.123
5.668,4.799,10.467
7.695,2.76,10.456
1.874,8.016,9.891
1.261,8.341,9.602
1.548,9.514,11.062
6.939,3.544,10.483
9.72,0.478,10.198
2.778,7.352,10.13
7.961,1.681,9.642
9.104,0.529,9.633
8.727,2.796,11.523
4.029,6.307,10.336
5.342,4.837,10.179
4.219,5.619,9.838
0.543,9.365,9.908
7.112,3.448,10.56
4.884,5.934,10.818
1.5,9.183,10.683
3.129,7.408,10.537
4.514,5.981,10.495
2.834,6.523,9.358
5.473,4.201,9.674
6.503,4.092,10.595
8.822,1.282,10.104
3.043,6.678,9.722
8.896,0.199,9.095
8.309,1.84,10.149
4.712,5.319,10.031
3.795,5.78,9.575
7.838,2.435,10.273
5.544499999999999,5.346,10.891
9.735,0.628,10.364
5.794,3.8,9.593
6.574,3.109,9.683
4.332,5.361,9.693
1.266,9.071,10.337
6.316,3.884,10.2
1.301,9.597,10.899
2.075,7.985,10.06
8.337,2.699,11.036
3.9,5.908,9.808
0.5,9.357,9.857
2.554,7.347,9.902
4.631,6.135,10.766
5.196,5.252,10.448
6.933,3.253,10.187
0.143,9.845,9.987
7.475,2.745,10.221
1.316,9.228,10.544
4.637,5.9,10.537
3.489,6.004,9.492
0.931,9.077,10.009
4.261,5.525,9.786
8.335,2.26,10.595
7.263,2.196,9.459
2.568,6.881,9.449
8.234,2.112,10.346
8.553,1.36,9.912
1.722,8.343,10.065
2.597,8.028,10.625
3.524,6.923,10.446
0.102,9.355,9.457
7.131,2.921,10.052
2.836,7.807,10.644
8.47,1.626,10.096
1.011,8.718,9.729
4.43,4.666,9.095
8.346,1.719,10.065
4.474,5.36,9.834
8.581,0.851,9.432
8.457,2.132,10.589
7.405,3.1,10.505
1.36,9.762,11.122
6.062,4.149,10.211
5.543,3.952,9.495
8.131,1.786,9.917
8.193,2.141,10.335
3.135,7.601,10.736
8.214,1.64,9.854
1.178,7.709,8.887
8.777,1.024,9.801
0.742,8.872,9.615
8.165,1.869,10.034
6.613,3.412,10.025
3.943,6.161,10.105
8.511,1.959,10.47
1.882,7.764,9.646
3.55,6.621,10.172
1.582,8.633,10.214
9.086,0.527,9.613
8.356,1.835,10.191
2.817,7.287,10.104
5.738,4.337,10.075
7.873,2.099,9.972
6.667,3.544,10.211
7.566,2.265,9.831
2.815,7.214,10.028
5.595,4.116,9.711
9.518,0.545,10.063
9.495,0.417,9.912
3.657,6.828,10.485
9.25,1.087,10.337
1.353,8.307,9.66
2.88,7.168,10.048
9.459,0.445,9.904
4.326,5.729,10.056
4.862,4.785,9.647
0.568,9.05,9.618
9.208,0.776,9.983
6.535,3.655,10.19
9.225,0.849,10.075
8.47,1.861,10.331
6.015,4.462,10.477
0.919,8.92,9.839
3.966,6.116,10.082
1.284,8.457,9.741
5.26,4.206,9.466
4.189,6.712,10.901
0.384,9.219999999999999,9.604
2.008,8.312,10.319
6.805,2.933,9.737
5.483,3.783,9.265
3.469,5.71,9.179
0.735,9.18,9.915
7.657,2.484,10.141
9.304,1.423,10.727
2.28,7.661,9.941
5.805,3.956,9.761
1.538,8.209,9.746
6.604,3.679,10.284
9.644,0.339,9.983
1.384,8.415,9.798
4.971,4.705,9.676
8.402,1.627,10.029
4.934,5.591,10.524
1.848,8.562,10.41
0.265,9.393,9.657
3.548,6.406,9.955
6.69,3.651,10.342
2.748,5.737,8.485
9.131,1.116,10.247
2.751,5.613,8.364
2.021,8.325,10.347
1.714,8.119,9.833
8.951,1.874,10.825
8.676,1.783,10.459
3.816,5.442,9.258
0.509,9.617,10.127
1.259,7.502,8.761
1.527,8.146,9.673
9.946,0.585,10.53
0.408,9.254,9.663
9.984,0.09,10.074
1.852,7.637,9.489
7.076,3.21,10.286
3.174,7.603,10.777
2.514,8.143,10.657
0.755,8.82,9.575
9.813,0.456,10.269
6.387,3.545,9.932
8.87,0.209,9.079
5.102,4.719,9.821
9.183,0.27,9.452
0.825,9.885,10.71
3.339,6.895,10.234
2.47,7.669,10.139
9.408,0.657,10.066
1.55,8.9,10.45
4.27,5.466,9.736
9.616,0.416,10.031
9.542,0.722,10.264
8.609,1.355,9.964
2.228,8.277,10.505
0.917,9.364,10.281
3.22,6.086,9.306
9.374,0.725,10.099
8.173,2.825,10.998
5.21,5.114,10.324
2.152,7.405,9.556
8.603,2.211,10.814
4.69,5.155,9.844
6.569,3.311,9.88
3.111,5.862,8.973
5.648,4.779,10.428
4.404,5.88,10.285
1.1155,8.648,9.764
5.726,4.034,9.76
8.475,1.882,10.357
3.836,6.34,10.176
7.247,2.517,9.764
5.696,3.734,9.43
6.394,3.917,10.31
0.258,9.977,10.236
4.056,6.06,10.115
3.985,6.454,10.439
1.316,8.743,10.059
9.776,0.22,9.997
1.475,8.652,10.127
4.558,4.8,9.358
6.818,3.276,10.093
4.653,5.45,10.103
2.084,7.429,9.513
6.131,3.605,9.736
9.121,1.07,10.191
8.019,1.99,10.009
7.624,2.753,10.377
5.29,4.774,10.064
4.699,4.858,9.557
1.899,7.839,9.739
8.265,1.725,9.99
0.694,9.237,9.931
3.68,5.907,9.588
6.156,3.701,9.857
3.592,6.103,9.695
7.283,3.204,10.487
4.128,7.263,11.391
7.998,2.496,10.494
5.936,4.424,10.359
3.959,5.873,9.833
0.707,8.424,9.131
2.735,7.447,10.182
5.542,4.314,9.856
5.781,4.001,9.782
7.664,2.144,9.808
4.81,5.03,9.841
2.054,8.181,10.235
6.606,3.675,10.282
1.317,8.663,9.98
4.258,5.071,9.328
2.825,7.575,10.4
2.362,7.728,10.09
6.282,3.405,9.687
7.945,2.061,10.007
3.034,8.113,11.147
4.081,5.902,9.983
6.438,3.589,10.027
7.355,2.584,9.939
0.553,9.669,10.222
9.035,0.988,10.023
8.71,1.109,9.818
1.742,9.183,10.924
2.334,7.68,10.014
5.395,4.716,10.111
4.326,5.733,10.06
8.619,0.153,8.771
6.323,3.661,9.985
0.667,9.147,9.815
8.909,1.061,9.97
9.019,1.029,10.048
2.121,7.027,9.148
2.263,7.792,10.056
7.533,3.281,10.814
6.082,4.409,10.491
8.0,2.149,10.149
6.391,4.279,10.669
0.42,9.478,9.898
3.062,7.262,10.324
9.434,0.725,10.159
9.977,0.723,10.701
3.721,7.046,10.766
1.953,7.209,9.162
5.52,5.318,10.839
5.539,4.522,10.061
4.991,5.284,10.275
6.719,3.868,10.586
6.676,2.445,9.12
3.616,6.984,10.601
0.706,8.842,9.549
0.917,8.851,9.768
9.179,0.853,10.032
7.374,2.169,9.543
2.888,7.488,10.376
7.013,2.526,9.539
8.016,1.066,9.082
7.282,2.854,10.136
3.032,6.793,9.825
8.56,1.223,9.783
1.644,8.172,9.816
9.901,0.363,10.264
8.977,2.318,11.295
2.767,7.163,9.93
1.255,8.199,9.455
7.521,1.83,9.351
9.137,1.055,10.191
6.265,3.866,10.131
7.565,2.829,10.394
6.418,4.061,10.479
0.212,9.461,9.673
3.69,6.032,9.721
5.384,3.915,9.299
4.703,5.304,10.007
6.82,3.182,10.002
7.745,1.527,9.272
4.417,4.93,9.347
3.372,6.416,9.788
7.296,2.428,9.724
4.246,5.399,9.645
3.722,5.922,9.644
4.291,5.823,10.114
8.332,2.556,10.887
8.624,1.636,10.26
3.939,6.673,10.613
3.548,6.105,9.653
0.234,9.275,9.509
1.856,7.647,9.503
6.742,2.424,9.165
0.463,9.225,9.688
0.018,9.782,9.8
1.204,8.899,10.103
1.593,8.112,9.706
3.129,6.519,9.648
7.604,2.463,10.067
6.342,3.704,10.046
4.929,4.845,9.774
5.665,3.86,9.525
8.612,1.07,9.682
6.641,3.022,9.663
9.104,0.615,9.719
3.352,7.354,10.706
9.096,0.682,9.778
4.497,6.103,10.6
5.53,4.598,10.128
3.461,6.784,10.245
8.556,1.805,10.362
0.71,8.122,8.832
4.02,6.152,10.171
3.141,6.834,9.975
5.535,5.284,10.819
3.416,7.19,10.606
8.682,0.585,9.268
7.477,3.14,10.617
2.49,7.302,9.793
3.838,5.597,9.435
2.262,8.655,10.917
2.09,7.492,9.582
9.611,0.597,10.208
1.459,8.789,10.248
6.848,4.447,11.294
2.043,8.324,10.366
2.452,7.172,9.625
5.318,4.807,10.124
7.374,3.079,10.453
2.335,8.329,10.664
3.844,6.362,10.206
5.701,4.834,10.536
1.757,8.294,10.051
4.805,6.005,10.81
3.981,6.266500000000001,10.248
4.527,5.106,9.633
2.104,8.322,10.425
2.64,6.649,9.29
1.436,8.224,9.659
1.409,8.237,9.645
9.324,0.539,9.863
9.285,0.673,9.958
8.822,0.895,9.717
8.063,2.689,10.752
6.219,4.71,10.929
6.141,4.213,10.354
2.483,6.902,9.385
3.87,6.281,10.151
9.912,0.097,10.008
9.813,0.456,10.269
8.41,1.622,10.033
3.951,5.865,9.815
0.394,9.687,10.082
5.275,4.378,9.653
6.462,3.413,9.875
6.426,4.394,10.82
1.431,9.51,10.942
1.892,8.063,9.955
8.671,2.187,10.858
8.789,0.828,9.617
1.896,8.632,10.528
4.076,5.965,10.041
8.55,1.271,9.821
6.465,3.597,10.062
1.352,7.5,8.852
7.678,2.335,10.013
4.36,5.864,10.224
6.114,4.862,10.975
6.165,4.448,10.612
5.07,4.529,9.599
3.823,5.914,9.737
7.017,3.115,10.132
5.636,5.619,11.254
2.565,6.921,9.487
7.797,2.409,10.207
5.433,4.84,10.273
2.099,8.413,10.512
4.418,6.354,10.772
3.124,7.057,10.181
3.701,6.491,10.192
5.035,6.463,11.498
2.595,7.389,9.984
6.516,3.49,10.006
8.56,1.046,9.606
4.552,5.9355,10.488
1.465,7.726,9.192
9.456,0.629,10.085
0.412,9.97,10.382
5.558,4.523,10.081
2.533,7.705,10.238
4.107,5.5,9.608
7.314,3.656,10.971
9.022,1.102,10.123
3.085,6.248,9.334
9.069,1.162,10.231
8.621,0.783,9.404
7.65,2.505,10.155
6.309,3.506,9.815
1.436,8.224,9.659
8.872,1.45,10.321
8.508,1.804,10.312
4.474,5.262,9.736
8.811,0.842,9.653
9.339,0.442,9.781
8.871,0.205,9.076
1.981,8.634,10.615
7.766,2.445,10.211
2.326,8.066,10.392
1.05,9.304,10.354
3.804,5.403,9.208
7.968,1.75,9.718
6.658,3.994,10.651
0.71,9.493,10.203
9.481,0.968,10.449
9.912,0.64,10.552
6.189,3.659,9.848
4.638,5.716,10.354
7.227,2.523,9.75
1.9865,7.6979999999999995,9.685
0.774,8.887,9.661
7.138,3.168,10.305
3.123,7.312,10.435
4.687,5.86,10.547
5.983,3.699,9.681
0.714,9.025,9.739
4.755,4.522,9.277
0.543,8.983,9.526
6.929,3.868,10.797
1.951,8.674,10.626
6.236,3.858,10.094
4.666,5.487,10.152
7.308,2.462,9.77
7.696,2.666,10.362
8.976,1.137,10.113
1.913,9.047,10.96
7.24,2.704,9.945
3.049,7.425,10.474
9.99,0.464,10.454
8.931,1.279,10.211
6.283,4.261,10.544
7.581,2.953,10.535
2.188,7.772,9.961
3.721,5.583,9.305
8.658,1.037,9.695
3.186,7.265,10.452
8.858,1.471,10.329
5.868,3.767,9.634
6.219,3.999,10.218
5.303,5.026,10.328
1.138,8.535,9.673
5.287,4.473,9.76
4.995,5.828,10.823
7.461,2.566,10.026
1.607,8.217,9.823
8.343,1.461,9.805
8.993,0.978,9.971
3.124,7.076,10.201
9.782,0.623,10.405
7.742,2.591,10.333
2.951,7.516,10.468
7.271,3.493,10.764
3.54,6.588,10.128
0.74,9.225,9.964
5.997,4.397,10.394
1.501,8.487,9.988
8.291,2.115,10.407
4.079,5.668,9.746
5.064,4.652,9.715
5.711,4.152,9.863
7.926,1.637,9.563
4.165,5.899,10.064
4.098,5.915,10.013
6.323,3.187,9.51
3.429,7.161,10.589
9.515,0.688,10.203
2.157,7.499,9.656
3.875,6.091,9.966
6.013,4.551,10.564
3.054,6.999,10.053
2.967,7.176,10.144
1.884,7.565,9.449
9.298,0.805,10.103
8.59,1.003,9.593
7.576,2.757,10.333
2.586,7.191,9.777
5.281,4.326,9.607
9.07,0.684,9.754
9.731,0.455,10.186
5.009,5.23,10.239
8.245,2.239,10.484
6.585,3.593,10.178
3.719,6.41,10.13
7.069,3.71,10.779
1.023,9.417,10.44
7.997,2.622,10.619
8.599,2.007,10.606
4.616,5.946,10.561
5.013,5.056,10.069
7.647,2.161,9.809
0.854,8.817,9.671
3.216,6.798,10.014
6.603,2.918,9.521
1.854,8.343,10.197
3.448,6.189,9.637
5.864,4.082,9.947
8.675,1.252,9.926
1.567,8.605,10.173
3.062,7.262,10.324
1.387,7.828,9.215
7.221,2.361,9.582
9.23,0.652,9.883
5.879,2.983,8.862
4.763,4.241,9.004
7.189,3.204,10.393
5.843,4.596,10.439
9.704,1.137,10.841
8.786,1.23,10.017
9.255,0.711,9.966
5.98,4.943,10.923
8.169,1.871,10.041
8.808,2.138,10.946
5.688,3.801,9.489
1.793,8.884,10.677
5.116,4.616,9.732
6.394,3.917,10.31
9.179,1.623,10.801
5.568,4.38,9.948
7.343,2.576,9.919
0.955,9.608,10.563
3.209,7.445,10.655
2.483,7.07,9.553
8.308,1.857,10.164
8.773,0.871,9.644
8.189,1.747,9.936
7.895,2.136,10.031
7.817,2.161,9.978
5.201,4.643,9.844
9.273,1.014,10.287
5.798,3.618,9.416
1.858,8.319,10.176
2.88,7.734,10.614
8.415,2.131,10.547
7.854,2.363,10.217
4.761,5.582,10.343
2.267,6.892,9.16
4.977,4.657,9.634
0.74,9.489,10.229
1.222,8.935,10.157
9.223,0.604,9.827
4.385,7.167,11.552
7.657,2.255,9.912
7.761,2.036,9.797
0.614,8.456,9.07
1.227,9.008,10.234
4.202,5.481,9.683
5.468,4.739,10.208
3.856,6.282,10.138
8.81,2.641,11.452
8.765,0.383,9.148
8.822,0.594,9.416
1.905,7.871,9.777
2.29,7.836,10.126
9.651,1.121,10.772
4.763,4.676,9.439
1.243,9.421,10.664
3.905,6.434,10.339
5.639,4.162,9.801
7.589,3.005,10.594
4.131,7.431,11.562
1.599,9.812,11.411
3.969,6.272,10.241
3.351,6.313,9.664
4.498,5.331,9.83
0.535,9.986,10.521
4.067,6.343,10.41
5.176,5.495,10.671
2.675,7.603,10.278
5.85,5.046,10.896
4.664,5.515,10.179
7.563,3.346,10.909
1.393,9.113,10.506
4.131,6.858,10.989
1.03,8.756,9.786
7.315,2.817,10.132
6.028,4.267,10.295
2.116,7.084,9.2
2.447,7.136,9.583
3.649,7.305,10.953
7.249,3.041,10.29
3.865,5.501,9.365
1.554,8.532,10.086
3.094,7.365,10.46
7.511,2.763,10.274
8.995,1.249,10.243
9.018,0.564,9.582
1.684,8.547,10.231
4.296,5.576,9.873
9.205,1.229,10.435
0.54,9.611,10.15
9.2,1.056,10.256
1.977,8.152,10.13
2.498,7.615,10.113
0.561,8.603,9.164
5.34,4.106,9.446
8.819,0.593,9.412
6.426,4.394,10.82
9.063,0.441,9.505
2.847,7.916,10.763
2.959,8.189,11.148
5.618,4.002,9.621
4.034,5.762,9.796
7.17,3.629,10.799
1.957,8.116,10.073
1.227,9.008,10.234
9.857,0.68,10.537
3.361,7.282,10.643
7.314,2.372,9.686
4.348,5.714,10.061
4.401,4.624,9.025
2.306,6.845,9.151
1.516,8.309,9.825
5.039,4.64,9.679
6.333,3.731,10.064
7.694,2.309,10.003
4.682,5.418,10.099
5.805,3.956,9.761
1.161,8.903,10.064
5.649,4.426,10.075
6.718,3.546,10.263
7.91,1.755,9.665
8.281,1.794,10.074
4.558,4.8,9.358
9.384,0.162,9.546
6.379,3.964,10.343
6.418,3.152,9.569
4.103,7.455,11.558
0.556,9.93,10.486
7.685,2.273,9.958
7.182,3.378,10.56
5.66,3.329,8.989
8.545,1.285,9.83
7.541,2.248,9.789
6.284,3.99,10.274
4.788,5.314,10.103
2.292,7.239,9.53
3.81,6.131,9.942
5.221,5.621,10.842
4.217,5.279,9.496
2.157,7.744,9.901
2.358,7.516,9.873
8.752,1.547,10.299
7.478,2.791,10.27
2.304,7.965,10.269
6.036,3.133,9.17
1.243,9.421,10.664
2.177,7.672,9.849
7.912,2.086,9.998
0.562,9.475,10.037
6.965,3.477,10.442
0.74,9.225,9.964
9.163,1.841,11.004
0.433,9.665,10.098
4.292,5.67,9.962
9.936,0.502,10.438
9.481,0.42,9.901
7.211,3.571,10.782
6.788,2.638,9.426
7.156,2.692,9.848
7.758,2.592,10.35
5.427,4.348,9.775
2.853,5.9,8.753
8.861,1.571,10.432
8.444,1.739,10.183
7.117,2.806,9.922
6.591,3.216,9.807
1.785,8.143,9.928
7.383,2.297,9.68
4.715,5.745,10.46
7.383,2.839,10.222
2.932,7.765,10.697
8.984,0.715,9.698
5.238,4.426,9.664
8.614,1.892,10.506
0.235,9.486,9.721
2.747,7.79,10.538
1.316,9.228,10.544
8.428,1.484,9.912
9.565,0.415,9.98
4.318,5.832,10.15
0.616,9.104,9.721
1.159,8.62,9.778
2.893,7.211,10.104
3.552,6.507,10.06
2.733,6.534,9.267
8.395,2.015,10.41
6.434,4.283,10.717
8.846,1.471,10.317
8.007,1.854,9.861
4.425,5.783,10.208
2.392,7.115,9.507
0.532,9.694,10.226
1.099,8.53,9.629
6.994,2.804,9.797
6.741,2.817,9.558
4.62,4.766,9.386
3.27,6.212,9.482
6.412,3.617,10.028
0.442,9.707,10.149
6.085,4.095,10.18
9.864,0.687,10.55
7.675,2.974,10.648
1.393,9.113,10.506
7.017,3.115,10.132
5.478,3.855,9.333
7.445,3.182,10.627
0.394,9.687,10.082
8.748,1.684,10.432
2.553,8.16,10.714
2.811,8.053,10.864
4.602,5.675,10.277
0.267,9.819,10.086
3.836,6.34,10.176
5.036,5.805,10.841
6.114,4.576,10.69
5.824,4.573,10.397
1.192,8.687,9.878
8.507,1.301,9.808
7.455,2.236,9.691
7.313,3.861,11.174
2.95,7.107,10.057
4.821,5.077,9.897
7.74,3.001,10.741
6.09,4.819,10.909
4.362500000000001,5.964499999999999,10.327
4.649,5.479,10.128
3.188,7.629,10.817
1.377,8.37,9.748
6.724,3.186,9.91
3.356,6.776,10.133
1.6880000000000002,7.689500000000001,9.378
4.312,5.217,9.528
1.835,8.774,10.609
8.847,0.666,9.513
9.964,0.215,10.179
7.1434999999999995,2.4610000000000003,9.605
4.636,4.993,9.629
3.518,6.753,10.271
0.9,9.247,10.147
5.575,3.601,9.177
0.73,8.504,9.235
0.387,9.972,10.359
3.496,7.349,10.844
1.226,9.679,10.905
2.949,7.614,10.563
5.019,5.171,10.19
0.135,9.44,9.575
3.536,6.476,10.012
1.763,8.258,10.021
8.595,0.783,9.378
4.564,5.485,10.05
3.141,6.729,9.87
3.203,6.565,9.768
4.643,5.178,9.821
5.655,4.709,10.363
9.013,0.938,9.951
1.07,8.745,9.815
1.204,9.427,10.632
5.158,4.41,9.568
4.341,4.91,9.25
0.569,9.622,10.191
0.005,9.341,9.346
4.589,5.287,9.876
5.774,4.698,10.472
0.76,9.326,10.086
2.261,7.581,9.842
0.623,9.157,9.78
9.095,0.142,9.236
7.467,1.755,9.222
5.742,5.013,10.755
8.323,1.93,10.253
8.209,1.562,9.77
2.784,7.079,9.864
5.991,4.392,10.383
1.164,8.872,10.035
8.453,1.541,9.994
9.316,1.462,10.778
2.694,8.128,10.822
9.188,1.48,10.668
5.559,5.749,11.308
2.701,7.73,10.432
7.912,1.692,9.604
3.276,7.057,10.333
9.015,1.118,10.134
9.059,2.075,11.134
5.18,5.453,10.633
2.385,7.497,9.882
0.701,9.235,9.935
6.163,4.038,10.201
2.959,7.651,10.611
8.778,1.252,10.03
3.776,5.879,9.656
9.517,0.644,10.162
3.885,6.342,10.227
1.88,8.489,10.369
0.655,9.276,9.93
5.655,3.751,9.406
3.833,6.616,10.448
9.982,0.058,10.04
6.416,3.099,9.515
6.59,3.685,10.275
5.851,3.98,9.831
9.316,1.051,10.368
8.759,1.165,9.924
6.555,4.521,11.076
9.208,0.933,10.141
7.71,2.188,9.899
0.946,9.17,10.116
4.475,5.572,10.047
4.232,5.94,10.172
0.974,9.139,10.113
1.748,9.152,10.9
9.667,1.373,11.04
3.659,6.482,10.14
7.284,1.952,9.235
1.611,8.466,10.077
6.1,3.355,9.456
2.208,7.697,9.905
3.326,6.14,9.466
5.442,4.503,9.944
8.378,1.704,10.082
5.201,4.643,9.844
0.879,8.624,9.503
9.873,0.21,10.083
8.076,2.184,10.261
7.997,2.622,10.619
1.927,7.668,9.595
5.459,4.208,9.667
0.018,9.274,9.292
3.98,6.361,10.341
8.538,2.134,10.672
4.592,6.12,10.712
6.463,3.392,9.855
3.953,5.535,9.488
8.542,1.949,10.49
7.391,1.743,9.133
7.059,3.338,10.397
9.063,0.809,9.872
7.633,2.957,10.591
3.92,6.275,10.195
4.89,6.163,11.053
8.944,0.945,9.89
2.044,7.848,9.892
6.612,3.762,10.373
8.693,2.235,10.929
5.26,4.206,9.466
6.949,3.983,10.932
8.165,1.869,10.034
1.28,8.74,10.02
0.624,9.189,9.812
2.86,6.207,9.067
5.382,4.25,9.632
5.687,4.151,9.838
3.892,6.057,9.949
3.395,7.122,10.517
3.925,6.323,10.248
6.394,3.917,10.31
0.655,9.718,10.373
1.876,8.211,10.087
5.07,4.529,9.599
4.276,5.983,10.259
1.904,8.107,10.011
4.205,5.578,9.782
4.48,5.578,10.059
5.763,3.774,9.537
7.41,2.536,9.945
3.352,7.196,10.548
1.526,8.272,9.799
5.396,5.131,10.526
9.711,0.486,10.197
5.946,4.174,10.12
5.591,4.256,9.846
7.21,2.654,9.864
7.268,2.843,10.112
6.134,3.891,10.025
4.9395,5.29,10.23
8.615,1.419,10.034
6.315,4.332,10.647
7.383,2.839,10.222
0.921,9.94,10.861
9.692,0.475,10.168
9.062,0.619,9.681
9.225,0.389,9.614
4.217,7.059,11.276
0.078,9.942,10.019
9.983,0.011,9.995
8.12,2.319,10.44
9.316,1.051,10.368
8.793,0.867,9.661
7.839,1.816,9.655
1.278,8.01,9.288
8.134,1.009,9.143
6.773,3.442,10.215
2.007,7.677,9.684
6.853,2.53,9.383
8.214,1.64,9.854
0.329,9.824,10.153
4.631,6.076,10.707
2.81,8.225,11.035
0.866,7.91,8.776
2.131,7.066,9.196
9.875,0.63,10.505
9.962,0.531,10.492
1.759,7.071,8.831
5.9,3.36,9.26
5.853,4.447,10.3
8.489,1.317,9.807
1.204,8.899,10.103
8.128,2.1,10.229
0.747,9.112,9.859
5.446,4.616,10.062
3.934,4.928,8.862
5.432,4.075,9.507
7.911,1.966,9.877
5.135,4.956,10.091
0.931,9.077,10.009
4.235,5.305,9.54
8.744,0.565,9.31
1.212,8.539,9.752
0.018,9.782,9.8
9.42,0.333,9.752
4.022,6.28,10.302
3.724,6.131,9.855
0.013,8.463,8.476
5.907,4.381,10.288
9.736,0.34,10.076
2.399,7.358,9.757
0.374,9.541,9.915
8.744,0.709,9.453
3.505,6.366,9.871
4.998,5.168,10.166
6.354,4.078,10.433
9.032,2.458,11.49
8.941,0.834,9.775
3.795,6.805,10.6
8.652,1.082,9.735
5.757,3.762,9.519
9.039,1.329,10.368
7.163,2.236,9.398
5.589,3.242,8.832
6.429,3.63,10.06
5.699,4.62,10.319
0.702,9.576,10.278
0.073,9.681,9.754
8.018,2.462,10.48
3.173,7.19,10.363
7.603,1.657,9.261
0.216,9.293,9.509
8.328,2.171,10.499
9.418,1.349,10.766
3.988,6.301,10.289
4.179,5.455,9.634
7.866,3.539,11.404
5.9525,3.9000000000000004,9.853
9.916,0.865,10.781
1.31,7.575,8.885
7.84,3.404,11.244
9.676,0.576,10.252
3.242,6.443,9.685
2.819,7.597,10.417
2.631,7.245,9.875
6.362,4.179,10.541
7.233,2.822,10.055
6.535,3.221,9.756
2.153,7.545,9.698
2.504,7.027,9.532
9.044,1.026,10.069
2.248,8.482,10.73
1.118,7.913,9.031
8.646,1.385,10.031
4.336,5.936,10.272
4.784,6.6,11.383
8.315,1.611,9.926
0.14,9.955,10.095
5.759,4.377,10.135
5.492,4.376,9.868
9.311,0.719,10.03
4.99,5.149,10.139
5.946,4.639,10.585
2.19,7.04,9.23
7.662,2.21,9.872
8.957,0.647,9.604
8.39,2.198,10.588
1.227,9.008,10.234
1.353,8.307,9.66
6.582,3.348,9.93
7.367,2.145,9.512
8.523,2.876,11.398
5.307,5.358,10.665
8.262,1.933,10.195
8.933,1.004,9.937
9.142,1.016,10.158
4.252,5.858,10.11
6.905,2.871,9.776
5.077,4.768,9.845
1.697,8.858,10.555
4.052,4.997,9.05
6.448,4.162,10.61
2.268,6.98,9.249
7.004,3.439,10.442
0.044,9.56,9.604
1.82,8.606,10.427
6.212,3.915,10.127
9.513,0.695,10.208
7.16,3.443,10.603
1.164,8.872,10.035
0.524,9.297,9.821
2.306,7.282,9.589
6.667,3.516,10.184
5.471,5.743,11.215
4.122,6.449,10.571
8.581,1.944,10.525
2.65,6.869,9.519
0.934,9.772,10.706
2.347,8.096,10.444
8.435,1.611,10.047
9.698,0.791,10.489
3.957,6.341,10.298
3.787,6.788,10.575
5.771,4.502,10.273
2.274,8.134,10.408
5.473,5.015,10.488
6.0275,3.8095,9.837
3.278,6.507,9.785
8.033,1.587,9.62
2.811,6.78,9.591
8.928,0.725,9.653
8.089,2.437,10.526
3.939,6.673,10.613
7.52,1.979,9.498
7.897,1.575,9.472
4.779,5.386,10.165
5.354,4.692,10.047
4.05,6.0,10.05
5.66,3.986,9.646
6.774,4.342,11.116
4.108,5.66,9.768
3.423,5.987,9.41
5.594,5.503,11.097
3.326,6.221,9.547
1.16,8.515,9.675
8.896,0.389,9.285
8.711,2.194,10.905
1.989,8.254,10.242
9.184,1.245,10.429
3.925,5.442,9.367
8.938,1.638,10.576
0.472,9.585,10.057
1.46,8.547,10.008
4.169,5.883,10.052
8.257,1.999,10.256
3.774,5.803,9.578
9.037,0.535,9.572
3.06,6.575,9.635
2.188,7.772,9.961
3.38,7.36,10.74
5.749,3.44,9.189
6.604,3.679,10.284
3.957,6.572,10.529
8.231,1.936,10.166
7.197,2.991,10.189
9.146,0.621,9.767
3.519,7.365,10.884
7.732,2.206,9.938
7.087,3.714,10.802
9.336,0.878,10.215
1.504,9.303,10.807
0.963,8.987,9.949
6.336,4.437,10.773
7.997,2.076,10.072
3.554,7.564,11.118
8.518,1.225,9.743
1.42,8.58,10.0
4.038,6.442,10.48
6.582,3.348,9.93
5.894,3.74,9.633
6.644,3.371,10.015
7.367,2.794,10.161
3.951,6.093,10.044
3.149,5.717,8.866
9.512,0.222,9.735
4.714,5.552,10.266
1.13,9.448,10.578
1.308,7.224,8.532
8.66,1.247,9.908
6.06,4.647,10.708
7.416,2.801,10.218
1.59,7.936,9.525
9.436,1.592,11.027
7.135,2.955,10.091
8.978,0.263,9.241
2.911,7.454,10.365
3.787,5.359,9.146
0.679,9.346,10.025
2.775,7.09,9.865
3.053,7.287,10.34
6.362,4.179,10.541
2.891,6.67,9.561
1.481,8.72,10.201
4.239,5.931,10.17
7.086,3.054,10.14
7.382,2.028,9.409
4.649,5.286,9.936
1.855,8.083,9.938
7.298,2.952,10.25
5.329,4.828,10.157
8.487,1.55,10.037
2.019,8.099,10.117
6.621,3.341,9.961
2.605,6.46,9.066
8.956,1.169,10.125
9.917,0.494,10.411
4.763,4.755,9.518
0.743,8.834,9.577
1.755,7.782,9.537
3.401,6.913,10.314
8.603,1.52,10.123
8.789,1.454,10.243
2.406,8.202,10.608
8.635,1.933,10.568
3.455,6.687,10.143
4.394,6.197,10.591
7.2,3.698,10.898
5.49,5.446,10.936
7.325,4.362,11.687
0.934,8.79,9.724
6.046,3.957,10.002
5.791,5.147,10.938
2.635,7.941,10.576
5.863,4.152,10.015
3.188,7.629,10.817
1.008,9.257,10.266
5.177,5.017,10.193
1.407,8.507,9.913
4.474,5.36,9.834
7.748,2.618,10.366
1.305,8.906,10.211
1.771,9.135,10.905
2.491,7.652,10.143
7.341,1.767,9.108
5.003,5.252,10.256
2.19,7.942,10.133
2.78,7.299,10.079
1.758,9.146,10.904
1.384,8.425,9.809
4.207,6.042,10.25
9.284,1.395,10.679
1.111,8.298,9.409
3.335,5.845,9.179
8.399,1.415,9.814
5.752,4.38,10.132
8.004,1.895,9.899
6.647,4.151,10.798
1.373,9.172,10.545
7.969,2.583,10.553
5.127,6.115,11.242
3.302,7.736,11.038
3.657,6.828,10.485
7.828,2.225,10.053
9.522,1.416,10.938
6.424,3.201,9.624
6.571,3.234,9.805
5.502,4.696,10.198
4.072,6.73,10.802
6.742,3.197,9.938
1.228,9.35,10.577
6.724,3.514,10.238
8.612,1.807,10.418
6.696,3.632,10.329
0.281,9.112,9.392
0.709,9.405,10.114
1.674,8.238,9.912
7.388,2.236,9.624
7.685,2.273,9.958
8.747,1.576,10.323
8.146,2.199,10.344
9.706,0.441,10.146
2.234,8.178,10.412
7.922,2.499,10.421
3.617,6.783,10.401
0.234,9.174,9.408
7.98,1.462,9.442
2.311,8.646,10.957
5.09,3.824,8.914
9.744,0.816,10.561
0.268,9.664,9.932
6.877,2.66,9.537
8.451,1.141,9.592
2.881,7.136,10.016
1.973,8.614,10.587
4.592,5.028,9.62
8.917,0.532,9.448
6.777,3.887,10.663
2.421,8.151,10.572
3.823,5.914,9.737
3.819,6.145,9.964
5.46,5.093,10.553
5.634,5.468,11.102
3.166,6.696,9.862
0.041,9.959,9.999
9.325,1.169,10.494
3.033,6.606,9.64
4.005,5.93,9.935
7.431,2.469,9.9
1.703,9.635,11.338
6.082,3.971,10.053
6.227,3.552,9.779
7.927,1.312,9.239
3.888,5.929,9.817
3.893,5.666,9.559
9.551,1.412,10.963
2.079,7.4,9.479
8.975,0.79,9.764
4.664,5.515,10.179
7.684,3.053,10.737
3.5,5.523,9.022
9.069,1.696,10.764
9.25,1.087,10.337
1.142,9.548,10.69
8.303,1.576,9.879
5.758,5.149,10.907
2.036,8.343,10.38
1.782,7.525,9.307
7.013,3.301,10.314
1.892,8.873,10.765
1.605,7.587,9.192
2.7030000000000003,7.163,9.866
6.159,3.857,10.016
5.463,4.468,9.931
9.405,1.043,10.448
5.867,3.911,9.778
1.104,9.188,10.292
7.58,2.263,9.843
8.741,0.649,9.39
5.265,4.289,9.554
3.549,5.717,9.265
9.093,0.373,9.466
3.42,6.972,10.393
6.527,3.206,9.734
3.802,5.256,9.058
1.65,8.679,10.329
6.264,4.931,11.195
5.61,3.7,9.309
1.748,8.768,10.516
7.568,2.637,10.204
8.205,0.99,9.195
6.01,4.516,10.526
8.194,1.387,9.581
1.361,9.216,10.577
1.346,9.431,10.777
7.441,3.79,11.231
6.365,4.123,10.488
4.841,5.691,10.531
6.729,2.911,9.639
7.878,3.07,10.948
9.402,1.04,10.442
7.419,2.251,9.669
3.449,7.001,10.45
9.312,0.445,9.757
9.906,0.432,10.338
7.233,2.822,10.055
3.225,6.788,10.013
8.412,1.363,9.775
4.468,5.512,9.981
9.478,1.198,10.676
6.964,3.488,10.451
4.51,4.71,9.22
7.796,1.653,9.449
5.852,3.279,9.131
0.451,8.629,9.079
9.695,0.807,10.502
8.093,3.043,11.136
4.91,4.277,9.187
2.16,8.154,10.314
9.432,0.722,10.154
2.208,7.697,9.905
1.349,8.611,9.96
2.307,7.046,9.353
7.187,2.604,9.791
0.285,9.374,9.659
8.128,2.012,10.14
1.902,7.922,9.824
3.82,5.853,9.673
3.103,7.089,10.192
8.892,1.406,10.298
1.217,8.923,10.14
3.882,5.483,9.366
5.119,4.315,9.434
8.716,1.088,9.804
8.559,1.572,10.131
6.065,3.729,9.794
6.569,4.904,11.473
4.24,5.697,9.937
6.487,3.978,10.465
4.388,4.243,8.631
1.115,8.656,9.771
2.514,8.143,10.657
4.627,5.056,9.683
7.445,2.96,10.405
0.554,9.486,10.04
1.661,7.735,9.396
8.0,2.149,10.149
4.312,5.217,9.528
2.625,7.158,9.783
5.906,4.523,10.429
6.05,4.687,10.737
5.167,4.67,9.837
2.399,7.145,9.544
9.59,0.651,10.241
5.184,4.826,10.009
6.939,3.544,10.483
8.259,1.706,9.965
5.097,4.785,9.882
7.141,3.477,10.618
8.212,1.747,9.959
0.805,9.726,10.531
0.821,9.697,10.518
2.291,7.427,9.718
0.735,9.18,9.915
1.506,8.77,10.276
6.892,1.978,8.87
4.545,5.757,10.301
7.294,2.923,10.217
1.503,8.066,9.569
7.835,2.694,10.529
3.856,7.051,10.907
9.797,0.054,9.851
0.456,9.439,9.895
5.118,4.817,9.935
4.611,5.986,10.597
5.388,4.925,10.313
3.173,6.176,9.349
2.262,7.432,9.693
5.353,5.308,10.661
2.778,8.168,10.946
0.335,8.962,9.297
3.664,6.706,10.37
5.641,4.29,9.931
2.071,8.092,10.163
7.918,2.356,10.274
8.23,1.038,9.267
1.996,7.934,9.929
3.991,6.107,10.098
8.108,1.585,9.693
5.403,5.276,10.678
8.336,2.179,10.515
3.462,6.873,10.335
6.949,3.983,10.932
6.423,2.886,9.309
0.374,9.541,9.915
7.343,2.576,9.919
7.586,2.254,9.84
9.523,1.103,10.626
7.071,2.627,9.698
3.024,7.033,10.057
8.354,2.167,10.521
5.91,4.453,10.363
8.303,1.576,9.879
1.538,8.168,9.705
2.479,7.918,10.397
6.116,5.018,11.134
6.534,3.275,9.809
3.354,6.33,9.684
9.417,0.865,10.282
4.602,5.675,10.277
8.975,1.744,10.72
9.287,1.581,10.868
9.379,0.57,9.949
6.634,4.086,10.72
8.177,1.53,9.707
1.68,8.085,9.765
4.383,4.86,9.242
9.964,0.215,10.179
9.193,0.425,9.618
7.285,2.787,10.072
4.513,5.576,10.09
4.334,5.863,10.197
8.969,1.064,10.033
1.0,9.134,10.134
8.415,1.517,9.932
6.14,3.763,9.903
5.687,3.964,9.65
5.466,4.433,9.899
2.298,7.918,10.216
4.71,5.875,10.584
0.87,8.901,9.772
8.556,0.889,9.445
8.862,2.299,11.162
8.581,1.476,10.056
1.204,9.427,10.632
9.624,0.677,10.3
5.539,5.093,10.632
1.229,8.661,9.89
9.749,1.669,11.418
2.302,8.294,10.596
8.461,1.751,10.212
8.32,1.489,9.809
4.499,5.67,10.169
4.985,5.494,10.479
5.817,4.675,10.492
9.994,0.664,10.658
0.946,9.17,10.116
5.207,4.757,9.964
0.754,9.219,9.973
2.491,7.68,10.171
4.595,5.098,9.693
5.73,4.348,10.078
1.805,8.768,10.573
6.85,4.033,10.883
1.696,8.04,9.735
6.423,4.528,10.952
3.834,6.491,10.325
3.492,6.003,9.496
8.464,0.853,9.316
6.976,2.018,8.994
6.196,3.862,10.057
1.683,8.705,10.387
9.278,1.205,10.483
9.957,0.177,10.135
5.591,4.256,9.846
4.474,5.804,10.277
0.55,8.884,9.434
8.904,0.933,9.837
0.925,9.424,10.35
6.78,3.384,10.164
9.406,1.05,10.456
0.913,8.759,9.672
5.803,4.527,10.33
8.155,1.775,9.93
3.775,6.086,9.862
5.604,5.085,10.689
8.37,1.449,9.819
3.912,6.71,10.623
1.909,7.713,9.622
4.786,5.665,10.451
2.999,7.104,10.103
2.466,7.22,9.686
5.251,5.535,10.785
0.47,9.045,9.515
9.593,0.595,10.188
1.526,8.952,10.477
5.26,4.757,10.016
3.346,6.77,10.116
1.283,8.544,9.827
5.461,3.44,8.901
5.958,3.814,9.772
6.132,2.949,9.081
5.974,3.821,9.795
1.168,8.675,9.844
8.792,1.94,10.731
5.347,4.664,10.011
7.599,2.486,10.085
7.121,2.146,9.267
7.869,1.966,9.834
4.215,5.556,9.771
5.948,3.087,9.035
0.942,8.906,9.848
6.237,3.47,9.708
7.116,2.163,9.28
0.659,9.886,10.545
8.424,1.342,9.766
9.036,0.194,9.229
0.447,9.501,9.948
0.796,8.628,9.424
5.694,4.557,10.251
7.334,2.716,10.05
2.65,7.771,10.42
5.045,4.94,9.985
3.036,6.072,9.109
9.777,0.26,10.037
8.027,2.293,10.32
2.465,8.015,10.481
4.862,4.901,9.763
7.168,3.348,10.516
8.793,1.494,10.288
8.037,1.508,9.545
8.275,1.41,9.686
0.532,9.694,10.226
6.716,2.921,9.637
2.074,7.607,9.682
4.698,6.102,10.8
6.337,3.923,10.259
6.206,4.073,10.279
3.032,6.964,9.996
3.503,6.941,10.444
9.556,0.501,10.058
6.951,3.102,10.052
9.08,0.627,9.707
9.198,1.414,10.612
0.374,9.541,9.915
1.689,9.323,11.012
6.651,3.147,9.797
4.945,6.232,11.178
8.477,2.834,11.311
2.036,7.66,9.696
0.947,8.32,9.267
9.962,0.531,10.492
7.295,2.368,9.664
5.551,4.387,9.939
3.632,6.119,9.751
4.491,4.887,9.378
3.053,7.287,10.34
2.645,7.538,10.183
6.485,3.701,10.185
7.447,2.386,9.833
9.18,0.769,9.949
7.977,1.113,9.09
9.711,0.513,10.224
8.335,2.535,10.871
0.698,8.809,9.508
2.064,8.038,10.102
1.886,7.589,9.475
1.954,7.388,9.342
5.707,3.646,9.354
1.812,8.196,10.009
4.947,5.497,10.445
7.268,2.843,10.112
0.687,9.404,10.091
8.555,1.081,9.637
5.673,4.037,9.709
0.564,9.148,9.712
6.747,3.979,10.726
3.717,6.462,10.179
5.633,3.893,9.526
6.343,3.93,10.273
8.626,0.818,9.444
3.144,7.675,10.818
7.399,2.926,10.325
7.125,4.461,11.586
5.645,5.014,10.659
4.141,5.626,9.767
4.473,5.494,9.967
0.156,9.608,9.764
6.529,3.407,9.936
2.055,7.513,9.568
9.72,0.075,9.795
9.089,1.155,10.245
5.866,4.09,9.956
0.393,9.845,10.238
1.065,8.557,9.623
0.104,9.353,9.457
6.199,3.292,9.491
2.66,6.619,9.279
7.39,2.6,9.99
5.489,4.545,10.034
2.146,7.519,9.664
9.373,1.33,10.703
2.587,8.463,11.05
3.882,5.483,9.366
8.973,1.375,10.348
5.469,4.583,10.052
2.881,7.136,10.016
1.655,8.984,10.639
5.839,4.517,10.355
0.247,9.2,9.447
7.368,2.761,10.129
1.635,8.015,9.65
6.362,4.93,11.292
5.083,5.156,10.238
1.442,8.048,9.491
5.562,4.998,10.559
2.331,7.982,10.313
6.112,3.771,9.883
1.316,8.743,10.059
1.77,8.129,9.899
8.976,1.385,10.361
9.39,1.279,10.669
8.948,1.076,10.025
6.246,3.371,9.617
1.085,8.428,9.513
8.693,1.832,10.525
3.975,5.619,9.594
3.227,6.947,10.174
4.473,5.494,9.967
5.907,4.381,10.288
7.494,1.845,9.339
6.622,3.536,10.158
7.566,2.265,9.831
3.718,6.327,10.045
4.167,6.501,10.668
4.274,5.338,9.612
7.45,2.458,9.908
8.455,1.417,9.873
3.779,6.163,9.941
8.34,1.331,9.67
5.429,4.401,9.831
2.011,7.277,9.288
8.434,0.979,9.413
3.014,7.208,10.222
6.979,1.622,8.601
2.779,8.231,11.01
8.676,1.913,10.589
7.316,2.345,9.661
8.643,1.321,9.964
6.532,3.15,9.683
3.834,6.324,10.159
1.769,7.995,9.764
5.459,4.208,9.667
8.452,3.006,11.458
2.046,7.841,9.887
4.3,5.82,10.12
4.712,4.917,9.629
2.883,6.36,9.243
4.292,5.67,9.962
8.211,1.629,9.839
9.321,1.459,10.781
1.081,9.426,10.507
5.972,3.857,9.828
5.122,5.962,11.083
4.352,6.271,10.623
4.743,5.212,9.954
9.185,0.843,10.028
1.425,7.782,9.208
1.413,7.644,9.057
6.541,3.436,9.977
3.461,6.741,10.203
4.782,3.861,8.643
5.292,5.425,10.717
1.082,9.216,10.298
5.626,3.862,9.488
5.279,4.844,10.123
6.491,2.971,9.462
4.922,4.731,9.653
8.916,1.661,10.577
1.085,8.554,9.639
9.456,0.629,10.085
5.584,4.742,10.326
1.121,8.63,9.751
3.053,7.03,10.083
7.189,2.359,9.547
1.743,9.347,11.09
2.683,6.911,9.595
5.487,4.738,10.224
8.38,1.234,9.614
8.018,2.197,10.215
1.573,7.946,9.519
9.965,0.51,10.475
0.318,8.717,9.035
2.132,8.014,10.147
9.337,1.633,10.971
1.291,8.12,9.411
5.557,5.474,11.03
3.798,5.813,9.611
9.177,0.386,9.563
8.967,1.573,10.541
8.092,0.771,8.863
0.472,9.585,10.057
6.515,3.049,9.564
5.767,5.056,10.824
5.111,5.334,10.446
8.342,1.755,10.097
7.406,3.043,10.449
7.706,2.065,9.771
6.255,4.407,10.662
6.949,4.315,11.264
6.897,3.479,10.376
6.756,2.95,9.706
3.569,6.074,9.643
6.102,3.982,10.084
7.886,1.805,9.692
8.539,0.786,9.325
0.973,9.734,10.707
3.151,6.546,9.696
4.825,6.115,10.94
8.021,2.204,10.225
0.838,9.043,9.881
2.111,7.814,9.925
8.022,1.84,9.862
0.71,9.418,10.128
0.628,9.879,10.507
5.701,4.377,10.078
3.81,6.131,9.942
5.607,4.298,9.904
0.181,9.522,9.703
9.073,1.566,10.638
4.023,7.693,11.716
6.862,3.718,10.58
6.737,3.355,10.092
0.313,9.607,9.92
9.967,0.163,10.131
2.528,8.019,10.547
7.386,3.087,10.473
3.462,6.873,10.335
3.398,7.154,10.552
7.838,1.855,9.693
3.326,6.166,9.492
0.777,9.028,9.805
1.78,8.095,9.876
3.81,5.637,9.447
7.694,2.309,10.003
3.386,6.507,9.893
3.901,6.123,10.024
0.595,9.694,10.289
3.583,6.828,10.412
5.501,5.062,10.562
5.921,4.631,10.552
6.766,3.7115,10.477
2.178,7.285,9.463
6.321,3.593,9.914
2.735,7.447,10.182
8.993,1.173,10.166
0.159,9.49,9.649
0.534,9.226,9.76
3.404,6.007,9.411
1.218,9.551,10.769
8.213,1.575,9.788
3.878,5.654,9.533
1.575,7.833,9.408
0.193,9.283,9.476
2.294,7.981,10.275
3.983,5.714,9.697
8.893,0.704,9.597
7.588,2.588,10.177
5.943,4.261,10.203
5.23,5.048,10.278
7.084,1.199,8.283
5.152,4.924,10.076
2.382,8.142,10.525
5.829,4.865,10.693
2.573,7.505,10.078
9.722,0.524,10.246
9.177,1.786,10.963
5.864,2.743,8.607
2.965,7.303,10.268
9.619,0.125,9.744
8.202,1.114,9.316
2.846,6.896,9.742
7.869,2.265,10.134
1.142,9.045,10.187
6.902,3.046,9.948
4.222,6.633,10.855
9.565,1.582,11.147
9.195,1.092,10.288
5.679,4.065,9.744
3.678,5.77,9.448
5.487,4.738,10.224
2.888,7.541,10.429
9.444,0.658,10.102
9.202,1.183,10.385
9.962,0.531,10.492
7.723,2.816,10.539
1.702,8.182,9.884
8.157,1.099,9.255
6.949,3.983,10.932
6.062,4.149,10.211
5.286,3.819,9.106
6.958,2.881,9.84
4.193,5.354,9.547
9.402,1.04,10.442
8.487,2.485,10.972
5.498,5.102,10.6
7.829,3.167,10.996
7.029,2.619,9.648
0.989,8.567,9.556
7.083,2.923,10.006
9.341,1.1,10.441
3.758,6.036,9.794
8.129,2.969,11.098
4.141,5.504,9.646
4.97,5.553,10.523
0.686,9.665,10.351
6.379,3.243,9.622
9.758,0.476,10.235
2.553,8.027,10.58
8.044,1.97,10.013
6.7364999999999995,3.3785,10.115
0.308,9.693,10.0
5.29,4.087,9.377
1.781,7.916,9.697
3.139,6.892,10.031
8.536,1.299,9.835
3.59,5.401,8.99
5.709,4.945,10.654
3.678,6.574,10.251
7.415,2.623,10.038
9.667,1.373,11.04
5.759,3.618,9.377
2.571,6.806,9.378
9.213,1.523,10.736
7.131,3.124,10.255
7.208,2.544,9.752
8.296,1.297,9.593
7.962,2.117,10.079
6.011,4.289,10.3
0.081,9.853,9.933
8.691,1.649,10.34
5.113,4.793,9.906
7.247,2.517,9.764
5.742,5.755,11.497
0.081,9.901,9.982
0.967,8.874,9.841
5.03,5.946,10.976
8.094,1.001,9.095
0.163,9.485,9.648
1.587,7.74,9.327
1.202,9.172,10.374
9.65,0.094,9.744
0.378,9.94,10.319
1.252,9.0,10.252
0.172,9.694,9.866
8.7,2.093,10.793
6.058,4.382,10.441
6.805,3.009,9.815
7.374,3.474,10.849
7.29,2.5,9.79
8.644,2.183,10.826
2.608,7.771,10.379
8.59,1.242,9.832
