10.2,18.4,187.68
6.4,22.3,142.72
0.0,9.3,0.0
13.8,21.0,289.8
0.0,10.0,0.0
0.0,10.5,0.0
2.9,13.0,37.7
4.7,14.7,69.09
19.0,36.9,701.1
3.8,16.5,62.7
26.3,26.3,691.69
7.6,21.7,164.92
49.1,7.4,363.34
3.0,11.4,34.2
0.0,2.1,0.0
5.0,25.0,125.0
5.6,22.5,126.0
1.6,11.1,17.76
1.3,10.5,13.65
6.5,30.4,197.6
22.9,34.3,785.47
3.8,26.4,100.32
19.6,62.5,1225.0
1.5,1.5,2.25
11.8,25.0,295.0
11.0,28.0,308.0
4.8,12.8,61.44
0.0,3.5,0.0
5.3,18.4,97.52
7.6,18.5,140.6
3.3,24.6,81.18
7.8,20.6,160.68
14.2,42.6,604.92
0.0,3.4,0.0
9.4,14.1,132.54
47.9,26.1,1250.19
20.5,34.6,709.3
17.4,38.6,671.64
7.3,24.4,178.12
6.4,7.8,49.92
10.0,30.0,300.0
2.0,15.2,30.4
17.0,40.4,686.8
8.1,16.3,132.03
8.6,17.1,147.06
0.0,7.6,0.0
10.3,15.9,163.77
44.0,21.4,941.6
2.1,14.9,31.29
2.8,22.5,63.0
1.5,14.8,22.2
10.6,21.8,231.08
7.9,29.8,235.42
2.9,15.4,44.66
0.0,6.8,0.0
0.0,8.0,0.0
3.5,8.1,28.35
0.8,3.9,3.12
0.0,4.5,0.0
0.0,35.3,0.0
26.1,24.2,631.62
27.1,29.2,791.32
2.9,7.8,22.62
2.0,18.4,36.8
0.3,7.1,2.13
3.0,10.6,31.8
14.3,17.1,244.53
1.1,16.5,18.15
0.0,9.0,0.0
1.8,12.4,22.32
5.3,14.7,77.91
0.0,0.0,0.0
5.3,10.5,55.65
2.1,9.4,19.74
12.4,25.7,318.68
0.0,6.1,0.0
19.3,38.6,744.98
29.8,43.9,1308.22
4.3,10.0,43.0
22.2,35.7,792.54
10.0,27.1,271.0
14.1,39.7,559.77
52.0,28.0,1456.0
1.3,6.4,8.32
0.0,20.8,0.0
0.8,5.3,4.24
1.3,24.0,31.2
13.5,24.1,325.35
19.5,30.5,594.75
24.7,33.0,815.1
62.8,15.2,954.56
46.9,13.7,642.53
0.0,0.0,0.0
1.9,14.8,28.12
0.0,5.6,0.0
4.5,26.8,120.6
1.7,11.6,19.72
3.4,22.6,76.84
0.8,10.2,8.16
18.2,68.2,1241.24
4.8,31.0,148.8
1.9,30.8,58.52
0.0,10.3,0.0
42.2,29.8,1257.56
32.6,39.0,1271.4
10.0,0.0,0.0
13.7,16.4,224.68
6.4,21.3,136.32
15.9,29.3,465.87
11.0,19.0,209.0
7.6,23.7,180.12
0.0,0.0,0.0
40.0,36.9,1476.0
0.8,15.3,12.24
13.7,35.8,490.46
22.8,46.2,1053.36
9.1,28.6,260.26
12.5,28.6,357.5
0.0,7.0,0.0
5.5,14.3,78.65
7.9,24.6,194.34
1.9,22.2,42.18
17.3,0.0,0.0
5.6,20.8,116.48
25.9,48.1,1245.79
30.9,32.0,988.8
17.9,25.0,447.5
25.0,31.3,782.5
0.0,16.7,0.0
16.8,33.6,564.48
15.1,25.5,385.05
0.0,14.5,0.0
4.6,17.2,79.12
18.9,33.8,638.82
3.5,14.5,50.75
8.2,18.0,147.6
3.6,14.5,52.2
0.0,4.8,0.0
59.4,32.6,1936.44
6.1,16.7,101.87
14.0,22.3,312.2
10.8,20.8,224.64
42.0,27.7,1163.4
0.0,2.0,0.0
38.2,47.6,1818.32
0.0,19.1,0.0
12.9,27.1,349.59
19.4,41.7,808.98
1.6,16.4,26.24
5.3,23.5,124.55
7.8,9.8,76.44
18.0,28.0,504.0
10.4,24.7,256.88
8.7,21.2,184.44
10.8,35.5,383.4
0.9,16.0,14.4
8.0,14.0,112.0
23.8,27.0,642.6
43.3,25.2,1091.16
8.6,11.4,98.04
18.5,66.7,1233.95
0.0,10.3,0.0
4.3,27.5,118.25
0.0,10.2,0.0
0.0,4.6,0.0
3.9,15.5,60.45
15.9,26.4,419.76
8.8,36.8,323.84
99.3,0.0,0.0
0.0,10.4,0.0
17.4,32.6,567.24
9.5,31.1,295.45
19.2,30.8,591.36
11.9,22.7,270.13
3.6,25.0,90.0
38.4,28.5,1094.4
0.0,0.0,0.0
0.7,0.7,0.49
0.0,9.5,0.0
5.6,16.7,93.52
19.7,19.7,388.09
15.5,43.7,677.35
0.0,13.0,0.0
10.9,20.0,218.0
0.5,14.8,7.4
13.4,30.5,408.7
8.1,25.3,204.93
19.2,24.0,460.8
44.4,27.2,1207.68
0.0,4.4,0.0
9.5,46.4,440.8
1.7,12.5,21.25
22.4,36.7,822.08
15.4,20.9,321.86
14.1,17.2,242.52
6.5,25.8,167.7
11.5,25.0,287.5
8.1,28.5,230.85
13.3,10.0,133.0
15.1,36.9,557.19
28.4,0.8,22.72
1.4,5.2,7.28
4.8,24.4,117.12
0.0,9.8,0.0
6.4,19.1,122.24
13.0,22.2,288.6
37.8,38.4,1451.52
0.0,4.0,0.0
0.0,20.4,0.0
10.1,32.9,332.29
0.0,20.3,0.0
16.7,29.2,487.64
2.8,8.8,24.64
3.2,25.8,82.56
21.9,36.6,801.54
13.3,30.0,399.0
7.6,28.8,218.88
41.4,32.9,1362.06
0.0,13.5,0.0
9.2,24.6,226.32
56.0,17.6,985.6
0.0,0.0,0.0
16.3,23.3,379.79
3.1,25.0,77.5
23.4,29.7,694.98
11.7,27.7,324.09
21.3,26.6,566.58
0.0,0.0,0.0
2.6,15.8,41.08
2.9,19.4,56.26
8.5,26.8,227.8
0.0,10.0,0.0
0.0,10.0,0.0
24.0,22.0,528.0
0.7,14.7,10.29
6.3,30.3,190.89
28.8,39.4,1134.72
1.4,2.9,4.06
2.6,16.5,42.9
4.3,21.4,92.02
1.0,13.0,13.0
3.6,20.9,75.24
10.4,20.8,216.32
3.0,11.9,35.7
13.4,34.2,458.28
56.8,37.1,2107.28
0.0,7.8,0.0
15.8,32.1,507.18
23.0,53.3,1225.9
4.7,24.7,116.09
5.3,15.8,83.74
6.1,16.7,101.87
3.0,19.7,59.1
0.0,2.1,0.0
44.7,32.9,1470.63
8.0,20.0,160.0
0.0,11.1,0.0
18.7,26.0,486.2
0.0,2.6,0.0
22.9,40.0,916.0
0.0,6.1,0.0
1.5,10.3,15.45
5.0,25.0,125.0
9.5,16.7,158.65
8.0,6.8,54.4
8.7,35.9,312.33
75.0,8.3,622.5
1.0,9.3,9.3
2.0,5.9,11.8
21.2,40.4,856.48
25.9,42.5,1100.75
34.6,37.4,1294.04
5.4,16.1,86.94
5.6,16.7,93.52
26.5,43.9,1163.35
0.0,13.6,0.0
14.8,36.5,540.2
27.4,50.4,1380.96
22.4,32.7,732.48
13.5,37.8,510.3
35.1,25.8,905.58
5.6,19.7,110.32
4.3,21.7,93.31
2.1,14.6,30.66
4.7,17.0,79.9
0.0,9.1,0.0
4.5,10.4,46.8
2.0,18.2,36.4
82.7,17.3,1430.71
8.9,28.9,257.21
0.0,6.8,0.0
2.6,2.6,6.76
10.8,21.6,233.28
12.1,29.3,354.53
0.0,0.0,0.0
23.5,39.7,932.95
4.6,27.8,127.88
6.3,18.8,118.44
6.5,18.2,118.3
1.1,6.7,7.37
0.0,0.0,0.0
13.3,38.7,514.71
14.0,24.4,341.6
14.6,50.6,738.76
14.9,36.6,545.34
1.6,9.5,15.2
34.5,18.2,627.9
0.4,4.2,1.68
5.9,32.9,194.11
11.0,17.8,195.8
15.0,2.0,30.0
8.0,24.0,192.0
6.1,24.2,147.62
14.8,42.6,630.48
22.2,44.4,985.68
11.8,29.4,346.92
7.4,29.4,217.56
2.5,13.6,34.0
0.0,15.6,0.0
0.0,0.0,0.0
29.8,31.0,923.8
0.0,26.7,0.0
12.8,25.6,327.68
32.5,29.3,952.25
20.5,33.3,682.65
0.0,0.0,0.0
3.6,12.7,45.72
4.7,11.6,54.52
25.0,49.1,1227.5
27.3,33.3,909.09
1.5,18.5,27.75
27.5,36.3,998.25
4.3,31.9,137.17
15.6,35.6,555.36
6.8,17.0,115.6
30.5,20.3,619.15
0.0,0.0,0.0
7.6,12.1,91.96
1.3,9.2,11.96
0.0,17.6,0.0
1.3,13.0,16.9
12.9,14.5,187.05
31.8,39.8,1265.64
13.6,48.2,655.52
14.1,41.2,580.92
5.4,26.4,142.56
2.9,28.6,82.94
50.0,50.0,2500.0
10.3,26.7,275.01
15.0,41.3,619.5
15.1,19.2,289.92
13.8,30.2,416.76
8.1,25.8,208.98
35.5,25.8,915.9
11.9,25.4,302.26
10.0,10.0,100.0
15.5,29.1,451.05
27.6,51.7,1426.92
4.1,6.1,25.01
11.8,25.5,300.9
16.9,11.3,190.97
4.0,52.0,208.0
31.8,38.5,1224.3
0.0,4.8,0.0
11.7,24.7,288.99
8.3,11.1,92.13
10.3,22.4,230.72
7.0,15.1,105.7
15.9,30.2,480.18
15.9,57.3,911.07
35.3,8.8,310.64
44.6,25.1,1119.46
8.5,17.0,144.5
0.0,4.9,0.0
18.0,38.1,685.8
20.5,30.1,617.05
7.4,17.3,128.02
45.0,12.6,567.0
3.1,8.7,26.97
7.8,16.9,131.82
4.4,18.9,83.16
11.1,27.2,301.92
11.3,15.0,169.5
2.0,6.1,12.2
56.9,9.8,557.62
6.1,9.1,55.51
12.5,41.7,521.25
24.5,34.0,833.0
12.2,20.7,252.54
9.5,23.6,224.2
20.5,34.6,709.3
10.5,22.4,235.2
14.4,32.2,463.68
1.8,18.2,32.76
14.4,29.9,430.56
5.3,18.7,99.11
14.5,10.5,152.25
7.7,18.7,143.99
2.1,2.1,4.41
31.9,29.8,950.62
0.0,0.0,0.0
10.3,11.8,121.54
9.7,26.3,255.11
0.0,0.0,0.0
0.0,2.7,0.0
13.5,18.9,255.15
4.7,27.9,131.13
23.2,30.4,705.28
5.8,17.3,100.34
11.3,20.8,235.04
10.5,13.7,143.85
0.0,4.3,0.0
41.2,21.2,873.44
12.6,27.6,347.76
5.9,15.7,92.63
8.8,10.5,92.4
3.4,15.1,51.34
0.0,9.3,0.0
1.3,23.1,30.03
21.9,21.9,479.61
3.4,17.4,59.16
16.1,17.2,276.92
2.0,12.2,24.4
6.8,31.1,211.48
5.0,15.0,75.0
7.1,37.5,266.25
7.4,30.5,225.7
0.0,27.3,0.0
0.8,10.8,8.64
15.0,27.5,412.5
0.0,7.0,0.0
13.6,39.4,535.84
8.9,14.3,127.27
1.2,15.1,18.12
12.0,30.3,363.6
0.0,10.0,0.0
1.8,29.1,52.38
18.7,23.4,437.58
0.0,5.1,0.0
25.8,38.7,998.46
12.5,19.6,245.0
25.4,34.9,886.46
9.1,27.3,248.43
27.3,38.2,1042.86
0.6,7.4,4.44
0.0,3.2,0.0
6.7,13.3,89.11
33.3,43.3,1441.89
10.7,32.2,344.54
14.8,43.5,643.8
3.1,12.5,38.75
5.7,23.6,134.52
9.5,35.7,339.15
2.0,12.3,24.6
0.0,0.0,0.0
61.1,11.1,678.21
1.4,13.9,19.46
6.0,15.5,93.0
3.9,14.5,56.55
3.0,19.2,57.6
9.8,10.9,106.82
6.7,23.3,156.11
3.4,13.8,46.92
11.8,45.1,532.18
5.2,18.0,93.6
7.0,15.7,109.9
97.3,2.7,262.71
29.6,2.9,85.84
11.4,15.8,180.12
8.8,16.9,148.72
0.0,15.4,0.0
0.0,0.0,0.0
4.6,16.0,73.6
0.0,20.0,0.0
17.0,20.8,353.6
3.8,7.5,28.5
0.9,7.5,6.75
1.9,3.7,7.03
14.3,20.6,294.58
10.4,20.9,217.36
17.7,35.8,633.66
11.7,22.1,258.57
5.0,16.7,83.5
45.7,23.3,1064.81
7.4,24.1,178.34
8.1,21.0,170.1
10.9,34.8,379.32
5.4,25.0,135.0
29.0,31.9,925.1
2.7,12.7,34.29
5.4,41.1,221.94
4.2,19.7,82.74
0.5,3.5,1.75
9.0,20.2,181.8
12.5,19.6,245.0
7.0,21.1,147.7
7.6,19.5,148.2
20.8,52.0,1081.6
0.0,0.0,0.0
12.3,40.4,496.92
28.6,46.9,1341.34
1.0,16.8,16.8
6.5,35.5,230.75
6.3,33.3,209.79
16.7,29.4,490.98
4.7,25.6,120.32
0.0,5.3,0.0
10.0,20.0,200.0
12.2,20.6,251.32
46.0,23.8,1094.8
7.4,19.4,143.56
5.5,17.1,94.05
21.3,36.2,771.06
28.8,28.8,829.44
0.0,11.2,0.0
17.5,35.1,614.25
21.2,50.5,1070.6
0.0,0.0,0.0
0.8,9.4,7.52
1.2,5.9,7.08
0.0,4.5,0.0
30.4,30.4,924.16
1.0,3.0,3.0
10.6,23.6,250.16
22.9,62.9,1440.41
6.5,24.7,160.55
0.0,8.2,0.0
4.5,11.8,53.1
23.8,25.4,604.52
15.9,37.0,588.3
16.6,36.2,600.92
20.3,26.6,539.98
7.1,14.3,101.53
0.0,7.5,0.0
9.1,20.2,183.82
11.8,17.6,207.68
6.9,21.2,146.28
2.9,29.4,85.26
0.0,3.4,0.0
21.4,18.6,398.04
10.4,30.4,316.16
10.7,12.5,133.75
26.2,21.5,563.3
11.9,19.0,226.1
4.5,7.5,33.75
1.3,14.7,19.11
7.9,11.4,90.06
6.5,29.7,193.05
2.5,25.0,62.5
28.4,47.3,1343.32
0.0,0.0,0.0
0.0,20.5,0.0
3.4,6.8,23.12
0.0,0.0,0.0
9.0,32.4,291.6
8.0,18.3,146.4
42.9,20.0,858.0
19.3,36.6,706.38
3.2,9.7,31.04
9.4,20.3,190.82
5.0,19.1,95.5
10.4,37.5,390.0
77.2,21.8,1682.96
1.7,1.7,2.89
2.9,14.3,41.47
11.5,28.8,331.2
25.6,32.9,842.24
0.0,5.4,0.0
43.2,27.0,1166.4
9.4,26.5,249.1
0.0,1.5,0.0
0.6,8.4,5.04
39.4,23.7,933.78
0.0,1.6,0.0
0.0,2.8,0.0
0.0,4.9,0.0
1.8,16.1,28.98
47.5,4.1,194.75
55.1,42.4,2336.24
12.0,32.7,392.4
15.4,26.6,409.64
23.3,3.3,76.89
15.4,34.6,532.84
7.7,32.3,248.71
0.0,5.5,0.0
0.0,4.9,0.0
15.6,41.8,652.08
25.0,26.0,650.0
4.0,17.8,71.2
5.5,13.7,75.35
0.0,0.0,0.0
30.0,30.0,900.0
7.9,15.8,124.82
39.1,39.1,1528.81
1.0,5.8,5.8
0.0,0.0,0.0
3.8,19.0,72.2
19.2,42.5,816.0
36.9,34.0,1254.6
13.2,30.2,398.64
1.8,21.1,37.98
16.9,45.1,762.19
35.9,49.5,1777.05
22.7,51.1,1159.97
9.0,28.4,255.6
0.0,0.0,0.0
12.0,18.0,216.0
18.0,50.0,900.0
0.0,2.7,0.0
5.3,16.0,84.8
0.0,6.0,0.0
2.8,30.6,85.68
0.0,8.8,0.0
9.4,21.7,203.98
12.1,18.3,221.43
16.8,29.2,490.56
0.0,0.0,0.0
8.4,22.0,184.8
23.9,33.0,788.7
44.5,13.6,605.2
6.1,22.4,136.64
29.7,33.1,983.07
31.3,45.0,1408.5
17.6,29.4,517.44
78.2,19.5,1524.9
40.8,31.2,1272.96
0.0,13.0,0.0
1.5,20.9,31.35
16.8,38.1,640.08
13.2,20.7,273.24
3.1,25.0,77.5
4.3,19.1,82.13
1.3,11.3,14.69
5.6,20.0,112.0
4.1,24.5,100.45
3.1,17.1,53.01
38.4,28.8,1105.92
11.7,14.3,167.31
0.0,5.7,0.0
5.0,7.5,37.5
16.3,53.5,872.05
2.9,17.3,50.17
6.2,8.5,52.7
1.2,11.9,14.28
19.0,32.4,615.6
1.7,19.0,32.3
33.3,50.0,1665.0
1.4,31.9,44.66
17.4,27.3,475.02
6.1,19.7,120.17
13.3,26.7,355.11
0.0,0.0,0.0
2.3,9.3,21.39
4.5,15.9,71.55
2.3,12.4,28.52
8.3,23.3,193.39
11.2,36.0,403.2
34.1,22.0,750.2
1.1,14.9,16.39
19.3,44.3,854.99
5.6,23.6,132.16
41.8,26.6,1111.88
24.0,68.0,1632.0
12.5,29.2,365.0
5.6,24.2,135.52
4.0,15.3,61.2
13.1,0.8,10.48
20.0,12.5,250.0
17.2,35.5,610.6
13.0,39.1,508.3
2.7,18.1,48.87
0.0,26.8,0.0
0.0,4.8,0.0
1.2,2.4,2.88
10.0,36.0,360.0
11.3,17.0,192.1
23.3,23.7,552.21
27.5,31.3,860.75
5.1,30.5,155.55
10.3,6.9,71.07
3.9,15.8,61.62
0.0,6.7,0.0
0.0,6.5,0.0
8.5,11.9,101.15
0.0,3.9,0.0
8.6,20.7,178.02
22.2,28.9,641.58
2.9,5.7,16.53
2.6,10.3,26.78
0.0,10.0,0.0
11.1,26.7,296.37
12.5,19.2,240.0
4.5,13.6,61.2
23.7,31.6,748.92
13.9,27.0,375.3
1.1,6.8,7.48
26.4,26.4,696.96
12.2,31.1,379.42
4.3,3.2,13.76
3.6,27.3,98.28
0.5,4.7,2.35
20.3,27.1,550.13
11.7,36.7,429.39
13.0,0.0,0.0
49.5,26.2,1296.9
2.2,23.9,52.58
11.0,28.8,316.8
4.2,17.5,73.5
1.0,10.0,10.0
3.1,25.0,77.5
9.4,31.3,294.22
3.6,15.8,56.88
0.0,0.0,0.0
5.4,13.5,72.9
5.9,7.1,41.89
58.1,23.3,1353.73
21.8,31.6,688.88
1.9,1.9,3.61
2.3,18.2,41.86
44.8,29.0,1299.2
4.3,23.4,100.62
12.0,50.0,600.0
5.9,14.8,87.32
0.0,11.7,0.0
11.7,31.2,365.04
14.8,36.4,538.72
5.8,11.5,66.7
32.6,54.3,1770.18
0.0,7.4,0.0
9.2,21.5,197.8
50.5,15.2,767.6
7.2,27.0,194.4
1.1,11.7,12.87
4.6,16.4,75.44
3.4,16.9,57.46
4.3,11.4,49.02
5.4,15.2,82.08
14.9,45.7,680.93
0.0,16.7,0.0
30.7,23.6,724.52
15.0,25.0,375.0
2.7,8.1,21.87
18.3,37.3,682.59
8.9,35.6,316.84
2.1,22.9,48.09
6.7,34.4,230.48
29.6,41.7,1234.32
5.3,22.7,120.31
49.4,42.1,2079.74
1.4,6.3,8.82
9.6,37.8,362.88
1.8,8.0,14.4
0.0,13.5,0.0
0.0,25.0,0.0
11.1,33.3,369.63
7.9,11.1,87.69
10.1,33.3,336.33
12.4,29.2,362.08
0.0,0.0,0.0
0.0,22.5,0.0
13.9,33.3,462.87
1.7,11.9,20.23
1.0,12.2,12.2
8.0,18.0,144.0
1.7,12.1,20.57
0.0,14.6,0.0
62.6,15.4,964.04
1.1,14.3,15.73
17.8,38.8,690.64
5.3,7.9,41.87
5.7,8.0,45.6
0.0,4.2,0.0
4.0,21.7,86.8
20.4,34.7,707.88
16.3,36.5,594.95
9.9,31.9,315.81
0.0,0.0,0.0
0.8,7.5,6.0
16.7,18.5,308.95
5.3,15.8,83.74
5.7,8.6,49.02
0.0,25.0,0.0
4.1,26.8,109.88
8.6,27.1,233.06
5.0,14.1,70.5
25.9,34.8,901.32
21.9,62.9,1377.51
13.6,31.8,432.48
0.0,16.1,0.0
3.4,5.7,19.38
15.1,41.6,628.16
31.9,36.2,1154.78
21.7,27.2,590.24
0.0,0.0,0.0
0.0,0.0,0.0
8.6,28.6,245.96
11.5,16.3,187.45
8.2,27.6,226.32
24.0,40.0,960.0
10.4,20.8,216.32
18.6,26.8,498.48
17.2,25.9,445.48
11.1,29.1,323.01
47.9,30.1,1441.79
0.0,9.0,0.0
1.6,6.5,10.4
9.2,19.2,176.64
13.6,59.1,803.76
0.0,14.2,0.0
6.6,16.6,109.56
48.5,39.7,1925.45
4.2,12.7,53.34
7.6,15.9,120.84
0.0,0.0,0.0
4.8,16.7,80.16
25.7,26.3,675.91
39.6,41.5,1643.4
25.0,39.8,995.0
5.9,24.5,144.55
0.0,31.8,0.0
17.7,23.4,414.18
2.3,16.1,37.03
16.7,37.9,632.93
22.7,33.3,755.91
8.6,14.3,122.98
38.0,38.5,1463.0
0.0,2.9,0.0
5.7,13.8,78.66
27.6,34.3,946.68
5.6,40.7,227.92
4.5,9.1,40.95
28.6,51.4,1470.04
5.4,12.6,68.04
7.0,37.2,260.4
0.0,9.2,0.0
30.6,37.8,1156.68
18.8,25.0,470.0
5.6,23.3,130.48
14.8,27.2,402.56
9.3,20.4,189.72
3.1,15.6,48.36
13.3,60.2,800.66
6.0,22.5,135.0
36.4,25.4,924.56
8.0,24.0,192.0
30.0,13.3,399.0
2.2,11.1,24.42
2.9,10.3,29.87
7.4,18.5,136.9
2.3,6.8,15.64
0.0,10.0,0.0
26.0,25.0,650.0
9.7,22.6,219.22
0.8,19.0,15.2
4.4,17.8,78.32
14.7,31.2,458.64
30.0,20.0,600.0
13.6,40.9,556.24
34.1,22.0,750.2
2.7,25.9,69.93
2.0,8.1,16.2
48.3,13.8,666.54
15.2,63.0,957.6
13.3,26.7,355.11
0.0,11.8,0.0
13.2,34.0,448.8
14.4,31.1,447.84
7.4,16.6,122.84
0.8,5.6,4.48
6.5,25.2,163.8
0.0,4.8,0.0
2.6,18.2,47.32
32.1,42.9,1377.09
0.0,6.1,0.0
51.4,12.6,647.64
7.3,25.2,183.96
2.6,16.7,43.42
9.2,23.1,212.52
1.6,3.2,5.12
8.9,13.1,116.59
4.6,13.9,63.94
7.8,31.1,242.58
0.0,8.2,0.0
0.0,11.4,0.0
2.9,17.6,51.04
7.3,25.6,186.88
16.3,0.9,14.67
3.6,9.4,33.84
7.3,24.4,178.12
30.9,30.1,930.09
31.9,29.0,925.1
7.8,16.9,131.82
0.0,0.0,0.0
3.7,8.1,29.97
4.4,21.0,92.4
19.5,35.1,684.45
13.5,40.5,546.75
2.0,8.2,16.4
35.0,28.0,980.0
0.0,4.0,0.0
0.0,0.0,0.0
20.5,52.1,1068.05
10.1,24.2,244.42
0.0,6.3,0.0
47.7,20.0,954.0
11.3,32.1,362.73
4.3,16.3,70.09
13.6,27.2,369.92
7.9,13.8,109.02
4.0,11.3,45.2
0.0,4.3,0.0
0.0,17.9,0.0
1.1,20.2,22.22
1.7,13.6,23.12
6.5,21.8,141.7
10.6,27.8,294.68
1.3,8.8,11.44
11.3,35.8,404.54
1.6,7.4,11.84
19.1,32.4,618.84
15.9,36.4,578.76
9.5,17.7,168.15
12.3,38.6,474.78
1.8,12.5,22.5
26.3,28.8,757.44
38.4,11.6,445.44
6.0,21.4,128.4
0.0,2.0,0.0
6.3,25.0,157.5
6.3,14.3,90.09
17.1,28.9,494.19
32.0,41.3,1321.6
0.0,2.9,0.0
6.4,20.2,129.28
0.0,5.1,0.0
12.4,34.8,431.52
0.0,6.7,0.0
3.4,23.7,80.58
2.8,16.0,44.8
0.0,5.0,0.0
25.6,33.0,844.8
0.0,7.4,0.0
24.5,35.8,877.1
0.0,0.0,0.0
0.0,11.1,0.0
27.4,24.2,663.08
0.0,1.3,0.0
6.1,16.7,101.87
25.0,28.0,700.0
9.5,18.5,175.75
15.4,33.0,508.2
0.0,0.0,0.0
3.3,16.7,55.11
21.4,50.0,1070.0
0.0,34.6,0.0
28.1,33.0,927.3
10.1,30.4,307.04
15.1,25.0,377.5
0.0,0.0,0.0
0.9,14.4,12.96
14.0,26.6,372.4
16.0,24.5,392.0
0.0,9.1,0.0
12.9,23.0,296.7
13.6,28.6,388.96
17.6,25.5,448.8
61.7,31.1,1918.87
16.7,33.3,556.11
9.9,23.2,229.68
1.1,0.0,0.0
0.0,3.5,0.0
22.8,22.3,508.44
10.3,31.0,319.3
1.2,25.9,31.08
1.2,7.4,8.88
0.0,23.4,0.0
8.4,16.9,141.96
0.0,9.8,0.0
5.8,10.7,62.06
10.0,25.5,255.0
6.1,10.2,62.22
14.3,19.6,280.28
0.0,6.9,0.0
0.0,2.0,0.0
18.3,33.8,618.54
21.2,30.3,642.36
12.6,33.3,419.58
57.7,23.9,1379.03
0.5,3.4,1.7
2.3,29.5,67.85
5.6,25.8,144.48
3.0,24.2,72.6
4.8,23.4,112.32
6.0,16.0,96.0
13.8,53.4,736.92
9.1,24.2,220.22
6.7,33.3,223.11
17.5,25.0,437.5
11.1,31.2,346.32
14.3,25.3,361.79
6.1,22.2,135.42
10.0,36.0,360.0
9.6,15.4,147.84
3.7,18.5,68.45
0.0,15.7,0.0
10.3,14.8,152.44
24.0,38.3,919.2
9.5,19.0,180.5
0.0,9.1,0.0
2.3,17.2,39.56
0.0,8.7,0.0
7.4,38.2,282.68
10.9,25.0,272.5
12.7,18.6,236.22
13.8,22.3,307.74
0.0,11.1,0.0
15.9,13.6,216.24
9.4,12.5,117.5
0.0,6.7,0.0
0.0,1.1,0.0
17.4,45.7,795.18
3.6,17.9,64.44
36.8,38.5,1416.8
0.9,5.6,5.04
40.7,51.9,2112.33
2.9,0.0,0.0
0.0,11.0,0.0
8.9,32.1,285.69
38.1,17.6,670.56
4.5,33.0,148.5
24.2,26.7,646.14
10.8,23.7,255.96
40.0,6.0,240.0
8.4,23.0,193.2
8.3,23.8,197.54
3.6,19.6,70.56
2.5,13.6,34.0
0.0,10.5,0.0
2.7,15.1,40.77
1.2,9.6,11.52
4.2,31.3,131.46
2.7,17.3,46.71
41.6,33.3,1385.28
1.8,7.7,13.86
6.3,20.0,126.0
1.0,14.1,14.1
4.7,21.9,102.93
36.5,27.0,985.5
0.0,0.0,0.0
3.5,12.3,43.05
29.1,35.9,1044.69
0.0,9.6,0.0
97.0,3.0,291.0
8.5,24.0,204.0
1.0,13.3,13.3
22.7,13.6,308.72
1.3,1.3,1.69
11.3,29.2,329.96
0.0,10.0,0.0
0.0,18.0,0.0
0.0,0.0,0.0
8.6,19.0,163.4
4.8,20.2,96.96
1.8,7.1,12.78
47.1,49.7,2340.87
2.1,8.5,17.85
8.2,18.2,149.24
17.9,28.4,508.36
0.0,6.3,0.0
8.1,48.6,393.66
3.8,36.5,138.7
0.0,0.0,0.0
14.8,31.5,466.2
7.7,24.0,184.8
7.1,7.1,50.41
1.4,5.4,7.56
17.7,35.5,628.35
34.0,30.0,1020.0
2.3,11.4,26.22
7.4,29.6,219.04
18.9,34.7,655.83
2.9,13.3,38.57
12.3,24.0,295.2
9.4,24.5,230.3
0.8,12.9,10.32
11.1,30.6,339.66
3.2,19.0,60.8
19.4,32.3,626.62
7.2,25.3,182.16
10.9,16.7,182.03
0.0,23.5,0.0
13.3,32.8,436.24
0.0,0.0,0.0
22.8,66.2,1509.36
14.0,39.5,553.0
1.4,6.8,9.52
18.3,34.4,629.52
11.4,31.4,357.96
3.7,24.1,89.17
4.9,13.6,66.64
3.3,18.9,62.37
1.3,19.0,24.7
10.8,23.6,254.88
0.8,0.0,0.0
37.9,27.6,1046.04
38.4,52.2,2004.48
4.6,22.8,104.88
8.5,25.2,214.2
3.2,38.7,123.84
3.2,6.4,20.48
11.0,19.0,209.0
20.2,45.7,923.14
34.5,46.6,1607.7
4.3,28.3,121.69
6.3,10.6,66.78
2.7,14.9,40.23
4.1,12.3,50.43
27.0,47.6,1285.2
5.9,11.8,69.62
4.6,18.5,85.1
8.1,16.2,131.22
11.7,15.0,175.5
3.1,14.2,44.02
16.7,8.3,138.61
0.0,4.1,0.0
5.5,18.2,100.1
9.1,17.2,156.52
14.0,12.3,172.2
16.4,28.8,472.32
0.0,0.0,0.0
10.4,16.7,173.68
0.0,7.1,0.0
30.4,60.9,1851.36
7.5,13.5,101.25
13.8,25.3,349.14
0.0,17.3,0.0
10.4,35.4,368.16
8.4,19.5,163.8
14.3,28.6,408.98
0.0,5.1,0.0
8.2,20.9,171.38
6.7,22.5,150.75
10.5,42.1,442.05
12.3,30.1,370.23
13.2,22.1,291.72
0.0,9.4,0.0
0.9,4.3,3.87
33.3,7.4,246.42
1.3,32.9,42.77
10.1,16.5,166.65
2.4,9.8,23.52
35.8,18.4,658.72
9.8,22.5,220.5
23.9,21.4,511.46
9.1,36.4,331.24
6.8,27.0,183.6
17.9,30.7,549.53
11.3,33.8,381.94
31.8,40.9,1300.62
0.0,0.0,0.0
0.0,12.2,0.0
0.0,6.3,0.0
0.0,14.8,0.0
6.0,16.9,101.4
13.6,22.7,308.72
6.7,32.4,217.08
10.3,16.5,169.95
3.9,0.0,0.0
11.8,15.7,185.26
0.0,0.0,0.0
6.3,37.5,236.25
52.6,15.8,831.08
12.2,31.8,387.96
35.7,45.7,1631.49
14.6,28.5,416.1
11.3,33.8,381.94
6.0,7.3,43.8
95.5,4.5,429.75
2.8,36.1,101.08
3.2,9.7,31.04
4.8,13.3,63.84
15.0,43.3,649.5
21.3,39.8,847.74
11.6,33.9,393.24
5.9,33.8,199.42
5.5,9.2,50.6
0.0,7.4,0.0
14.7,24.7,363.09
1.3,15.6,20.28
10.7,21.3,227.91
24.5,42.9,1051.05
40.7,26.0,1058.2
1.4,2.9,4.06
12.2,0.0,0.0
0.0,26.7,0.0
8.5,17.9,152.15
3.5,19.8,69.3
54.4,32.9,1789.76
4.5,16.4,73.8
1.3,3.8,4.94
9.4,28.1,264.14
5.7,20.0,114.0
2.2,12.4,27.28
8.8,12.3,108.24
29.8,21.3,634.74
13.7,39.3,538.41
42.5,27.5,1168.75
6.3,15.6,98.28
0.5,10.1,5.05
30.1,21.5,647.15
6.4,26.4,168.96
0.0,0.0,0.0
5.6,37.0,207.2
8.5,23.7,201.45
5.5,11.7,64.35
21.9,45.0,985.5
12.8,21.8,279.04
39.3,52.6,2067.18
69.0,0.0,0.0
59.5,31.0,1844.5
0.0,0.0,0.0
23.2,32.9,763.28
9.2,11.8,108.56
13.9,0.0,0.0
7.8,23.5,183.3
9.6,26.9,258.24
5.3,26.3,139.39
0.0,0.0,0.0
11.8,16.4,193.52
25.0,36.5,912.5
49.0,9.8,480.2
7.9,15.9,125.61
1.6,25.8,41.28
79.5,20.5,1629.75
3.8,23.1,87.78
14.7,17.1,251.37
40.0,52.1,2084.0
0.0,10.0,0.0
15.3,28.2,431.46
15.8,34.2,540.36
14.0,30.0,420.0
33.1,37.1,1228.01
25.6,36.0,921.6
3.4,15.4,52.36
17.7,32.9,582.33
32.6,41.7,1359.42
0.0,7.1,0.0
25.3,62.1,1571.13
8.9,26.7,237.63
37.7,11.7,441.09
1.3,10.3,13.39
0.0,14.6,0.0
0.0,9.8,0.0
19.3,37.8,729.54
6.6,13.7,90.42
1.9,18.3,34.77
44.8,30.6,1370.88
3.8,11.5,43.7
12.2,30.5,372.1
9.6,27.7,265.92
6.6,14.5,95.7
14.1,24.1,339.81
3.6,25.0,90.0
20.0,43.8,876.0
3.3,28.3,93.39
0.0,10.0,0.0
0.0,0.0,0.0
52.8,43.3,2286.24
1.4,3.5,4.9
0.8,3.8,3.04
1.8,6.6,11.88
33.3,31.9,1062.27
3.9,10.9,42.51
16.3,14.3,233.09
0.0,2.4,0.0
11.6,25.6,296.96
28.6,26.1,746.46
0.0,0.0,0.0
9.2,25.7,236.44
50.0,45.7,2285.0
0.0,7.8,0.0
9.7,35.5,344.35
25.6,29.6,757.76
5.8,24.4,141.52
0.0,7.5,0.0
13.2,39.5,521.4
2.3,25.0,57.5
23.6,35.8,844.88
4.5,27.3,122.85
15.1,32.3,487.73
9.6,41.3,396.48
3.5,21.1,73.85
18.0,16.0,288.0
1.7,18.3,31.11
37.2,26.9,1000.68
0.0,12.1,0.0
2.3,18.9,43.47
6.4,13.8,88.32
0.0,0.0,0.0
26.5,39.7,1052.05
3.5,9.6,33.6
24.9,29.7,739.53
3.1,19.8,61.38
10.7,18.1,193.67
0.0,5.8,0.0
14.1,21.1,297.51
4.7,16.8,78.96
0.0,4.3,0.0
98.7,1.3,128.31
0.0,0.0,0.0
2.0,14.0,28.0
6.1,16.3,99.43
5.3,10.5,55.65
0.0,17.2,0.0
11.6,23.3,270.28
0.0,0.0,0.0
43.8,47.9,2098.02
0.0,4.2,0.0
2.8,4.2,11.76
23.1,30.8,711.48
1.7,13.8,23.46
18.0,37.1,667.8
26.9,2.1,56.49
3.1,12.0,37.2
13.6,33.3,452.88
40.9,9.1,372.19
29.2,30.8,899.36
2.5,2.5,6.25
9.5,23.2,220.4
15.9,28.0,445.2
5.0,35.0,175.0
12.9,30.0,387.0
0.0,1.0,0.0
2.9,15.9,46.11
45.5,31.3,1424.15
5.4,9.5,51.3
7.9,30.2,238.58
26.2,35.9,940.58
12.5,33.3,416.25
20.6,30.8,634.48
5.1,21.4,109.14
5.4,15.5,83.7
10.1,48.1,485.81
5.7,30.2,172.14
9.1,28.4,258.44
0.0,6.8,0.0
0.0,25.0,0.0
2.6,19.1,49.66
15.3,25.9,396.27
0.6,5.8,3.48
6.6,10.8,71.28
55.4,20.7,1146.78
48.3,44.4,2144.52
13.0,26.1,339.3
2.6,15.6,40.56
0.0,6.5,0.0
29.7,54.5,1618.65
36.8,1.3,47.84
6.3,25.0,157.5
2.7,12.2,32.94
0.0,7.4,0.0
0.7,4.0,2.8
30.1,35.0,1053.5
10.5,5.3,55.65
19.6,37.5,735.0
0.0,23.1,0.0
6.7,16.8,112.56
2.1,17.0,35.7
2.0,17.6,35.2
0.0,9.7,0.0
38.8,26.7,1035.96
0.0,12.5,0.0
5.5,26.6,146.3
1.9,15.5,29.45
4.0,25.4,101.6
0.0,0.0,0.0
25.9,54.3,1406.37
9.4,15.6,146.64
33.0,31.0,1023.0
2.3,14.0,32.2
2.5,11.9,29.75
11.8,17.6,207.68
0.0,0.0,0.0
0.0,21.2,0.0
35.8,15.1,540.58
0.0,7.6,0.0
9.3,20.4,189.72
28.8,30.5,878.4
0.0,0.0,0.0
14.1,18.3,258.03
2.9,38.2,110.78
0.0,13.2,0.0
7.0,29.1,203.7
32.7,30.9,1010.43
0.0,0.0,0.0
18.1,23.6,427.16
33.7,42.6,1435.62
5.3,15.8,83.74
1.3,1.3,1.69
2.7,6.4,17.28
16.7,33.3,556.11
1.1,11.8,12.98
2.3,12.9,29.67
0.0,5.7,0.0
7.0,29.6,207.2
7.9,23.7,187.23
5.0,15.0,75.0
22.4,34.2,766.08
9.7,19.4,188.18
0.0,6.0,0.0
6.9,11.2,77.28
25.0,34.4,860.0
0.0,4.3,0.0
2.1,27.8,58.38
42.9,28.6,1226.94
0.0,13.3,0.0
2.4,38.1,91.44
11.8,22.7,267.86
10.1,31.9,322.19
0.0,13.3,0.0
11.8,30.4,358.72
6.7,23.3,156.11
7.7,20.5,157.85
10.0,20.0,200.0
1.6,34.4,55.04
4.9,31.7,155.33
0.0,0.0,0.0
4.7,10.4,48.88
13.5,29.5,398.25
3.6,5.4,19.44
0.0,14.6,0.0
10.2,18.6,189.72
12.5,30.0,375.0
12.8,27.7,354.56
3.6,9.1,32.76
2.9,20.0,58.0
87.8,11.7,1027.26
8.6,24.7,212.42
4.1,13.9,56.99
9.9,19.0,188.1
8.2,16.4,134.48
8.6,25.9,222.74
6.1,28.0,170.8
3.0,22.7,68.1
0.0,5.8,0.0
0.3,5.8,1.74
0.0,8.9,0.0
0.0,3.3,0.0
13.4,34.3,459.62
13.1,29.2,382.52
0.0,12.5,0.0
10.0,32.0,320.0
16.7,38.9,649.63
3.6,13.4,48.24
0.6,3.2,1.92
11.7,38.3,448.11
23.2,53.6,1243.52
13.1,41.4,542.34
6.6,15.3,100.98
5.3,13.2,69.96
19.5,37.6,733.2
1.6,10.9,17.44
38.7,2.6,100.62
1.8,12.5,22.5
1.1,8.0,8.8
15.9,22.0,349.8
0.0,6.3,0.0
53.2,24.2,1287.44
6.5,16.1,104.65
20.0,40.0,800.0
3.2,14.6,46.72
5.0,16.3,81.5
0.0,5.0,0.0
3.4,17.8,60.52
1.3,10.3,13.39
8.3,19.4,161.02
7.3,19.3,140.89
7.4,44.1,326.34
9.9,27.2,269.28
4.7,26.6,125.02
0.0,5.7,0.0
35.6,13.6,484.16
5.6,27.3,152.88
0.0,15.4,0.0
9.9,22.0,217.8
12.5,33.3,416.25
7.4,16.0,118.4
7.8,17.4,135.72
31.9,40.4,1288.76
6.0,12.0,72.0
23.8,34.4,818.72
0.0,5.1,0.0
25.6,24.8,634.88
0.0,5.5,0.0
5.9,22.9,135.11
0.0,0.0,0.0
2.0,3.4,6.8
5.3,28.9,153.17
0.0,5.4,0.0
14.7,67.6,993.72
7.5,38.8,291.0
23.2,26.5,614.8
12.4,20.3,251.72
15.4,45.7,703.78
8.8,24.5,215.6
14.3,28.6,408.98
0.0,9.6,0.0
30.7,36.2,1111.34
11.1,24.4,270.84
16.2,25.0,405.0
3.1,14.1,43.71
0.0,36.0,0.0
0.0,3.0,0.0
20.5,34.1,699.05
4.2,16.7,70.14
15.2,39.1,594.32
3.5,13.4,46.9
16.3,25.0,407.5
1.2,10.6,12.72
8.3,31.7,263.11
0.0,16.4,0.0
0.0,0.0,0.0
60.9,39.1,2381.19
0.0,6.6,0.0
12.1,25.6,309.76
21.1,28.1,592.91
13.7,28.4,389.08
53.2,19.4,1032.08
17.1,18.1,309.51
9.1,20.9,190.19
0.0,2.0,0.0
84.1,14.7,1236.27
8.5,28.7,243.95
40.3,3.0,120.9
29.2,37.4,1092.08
3.3,32.2,106.26
6.7,15.1,101.17
83.0,17.0,1411.0
7.3,27.3,199.29
4.3,8.7,37.41
49.0,19.0,931.0
0.0,7.1,0.0
0.0,0.0,0.0
2.1,16.0,33.6
12.7,19.0,241.3
9.8,23.4,229.32
6.8,21.6,146.88
1.5,19.1,28.65
7.1,27.1,192.41
0.0,14.3,0.0
6.0,19.3,115.8
1.1,9.2,10.12
23.3,34.2,796.86
16.4,30.9,506.76
4.0,12.1,48.4
2.2,6.5,14.3
3.7,27.8,102.86
12.5,12.5,156.25
18.9,45.3,856.17
10.3,14.4,148.32
15.7,30.7,481.99
2.3,11.5,26.45
10.3,17.3,178.19
50.3,13.2,663.96
97.3,2.4,233.52
0.0,2.0,0.0
15.3,30.6,468.18
43.6,43.6,1900.96
6.0,22.4,134.4
19.6,45.0,882.0
4.5,36.4,163.8
2.4,9.2,22.08
0.0,12.7,0.0
19.4,32.4,628.56
0.0,0.0,0.0
6.0,29.8,178.8
0.0,4.7,0.0
8.2,16.9,138.58
47.4,28.9,1369.86
5.0,15.0,75.0
34.2,36.4,1244.88
6.1,16.3,99.43
0.0,0.0,0.0
0.0,2.7,0.0
20.9,41.8,873.62
1.7,8.5,14.45
7.5,23.8,178.5
0.0,0.0,0.0
50.4,26.5,1335.6
4.7,20.6,96.82
0.0,14.3,0.0
14.2,28.3,401.86
4.0,21.8,87.2
2.0,22.2,44.4
0.0,6.3,0.0
0.0,0.0,0.0
2.5,17.5,43.75
3.4,18.0,61.2
1.7,8.3,14.11
39.8,17.6,700.48
7.3,17.1,124.83
10.6,36.2,383.72
0.0,6.4,0.0
2.2,5.9,12.98
39.8,38.9,1548.22
14.7,43.6,640.92
4.8,22.6,108.48
0.0,10.8,0.0
3.3,10.4,34.32
57.5,11.6,667.0
6.7,26.7,178.89
4.1,27.6,113.16
9.1,53.0,482.3
20.3,43.8,889.14
16.4,30.9,506.76
6.9,37.9,261.51
10.4,8.3,86.32
5.0,16.3,81.5
1.0,3.0,3.0
6.0,21.4,128.4
20.7,35.0,724.5
50.0,31.3,1565.0
41.0,29.5,1209.5
2.2,18.0,39.6
56.9,16.1,916.09
0.0,20.0,0.0
0.0,0.0,0.0
11.7,16.7,195.39
6.7,40.0,268.0
3.3,7.7,25.41
0.0,14.3,0.0
1.1,10.6,11.66
36.4,30.3,1102.92
26.2,32.7,856.74
57.1,3.6,205.56
16.7,37.2,621.24
7.5,28.3,212.25
10.3,30.9,318.27
0.0,1.4,0.0
10.7,17.9,191.53
10.5,21.1,221.55
10.0,25.0,250.0
26.7,24.4,651.48
3.5,17.6,61.6
1.4,11.0,15.4
6.0,20.0,120.0
10.1,12.8,129.28
5.9,13.3,78.47
52.9,19.5,1031.55
6.5,24.1,156.65
5.0,21.7,108.5
5.8,26.7,154.86
7.1,23.2,164.72
7.1,25.7,182.47
22.3,29.9,666.77
6.8,16.9,114.92
3.3,20.0,66.0
3.8,11.5,43.7
3.1,11.3,35.03
0.5,6.9,3.45
39.1,32.5,1270.75
44.9,24.7,1109.03
15.0,33.8,507.0
0.0,12.9,0.0
0.0,6.9,0.0
11.8,29.4,346.92
2.5,22.5,56.25
19.6,17.6,344.96
3.6,10.7,38.52
11.9,33.3,396.27
70.8,25.0,1770.0
18.8,17.2,323.36
0.9,20.6,18.54
1.9,20.0,38.0
8.1,31.5,255.15
17.5,19.8,346.5
53.8,23.8,1280.44
0.0,35.5,0.0
32.0,23.4,748.8
16.0,26.5,424.0
1.8,3.7,6.66
3.2,21.0,67.2
0.0,35.1,0.0
0.0,0.0,0.0
24.8,45.7,1133.36
8.3,14.8,122.84
2.2,5.4,11.88
23.7,41.5,983.55
8.0,28.0,224.0
4.6,17.8,81.88
3.0,18.0,54.0
38.4,27.3,1048.32
2.6,15.8,41.08
0.6,10.5,6.3
0.0,9.3,0.0
4.2,33.3,139.86
10.4,28.5,296.4
5.0,32.0,160.0
33.3,33.3,1108.89
27.0,42.9,1158.3
24.1,33.2,800.12
0.0,3.2,0.0
0.0,2.0,0.0
7.5,23.3,174.75
0.0,72.2,0.0
1.1,1.1,1.21
7.7,16.5,127.05
3.4,16.1,54.74
17.0,0.0,0.0
8.9,22.2,197.58
7.5,27.5,206.25
25.0,29.8,745.0
8.5,46.8,397.8
43.9,9.8,430.22
25.8,39.2,1011.36
6.8,15.9,108.12
13.0,16.7,217.1
18.8,33.3,626.04
4.8,4.8,23.04
0.0,8.9,0.0
7.3,14.0,102.2
9.6,46.1,442.56
28.7,50.2,1440.74
0.0,2.3,0.0
17.2,27.9,479.88
0.0,8.3,0.0
2.9,23.5,68.15
4.0,18.0,72.0
2.4,4.8,11.52
1.4,7.6,10.64
12.9,51.9,669.51
0.0,0.6,0.0
42.3,33.7,1425.51
1.3,23.1,30.03
13.5,23.0,310.5
7.1,11.9,84.49
4.3,18.6,79.98
25.5,47.3,1206.15
0.0,2.4,0.0
10.5,20.3,213.15
18.0,24.0,432.0
13.5,57.7,778.95
1.1,15.0,16.5
25.3,20.7,523.71
5.9,16.8,99.12
4.6,18.4,84.64
2.2,16.5,36.3
7.5,20.0,150.0
5.6,19.4,108.64
6.5,28.6,185.9
13.2,30.2,398.64
6.5,26.9,174.85
2.3,28.4,65.32
4.3,39.1,168.13
12.7,38.1,483.87
0.0,3.3,0.0
28.6,42.9,1226.94
10.6,23.4,248.04
15.1,34.5,520.95
17.4,24.4,424.56
0.0,26.0,0.0
5.0,7.5,37.5
8.5,12.7,107.95
0.0,13.6,0.0
3.0,12.0,36.0
12.2,24.4,297.68
2.4,11.8,28.32
4.4,11.1,48.84
0.0,22.2,0.0
13.0,8.7,113.1
11.1,20.2,224.22
0.0,0.8,0.0
8.1,26.0,210.6
6.4,21.8,139.52
19.2,27.4,526.08
36.0,27.2,979.2
6.7,10.1,67.67
2.4,14.6,35.04
3.2,11.1,35.52
2.6,6.1,15.86
3.3,23.9,78.87
3.2,14.5,46.4
0.0,29.6,0.0
12.8,34.0,435.2
0.0,7.5,0.0
6.1,15.2,92.72
9.4,24.7,232.18
3.4,15.3,52.02
11.8,17.6,207.68
1.0,10.1,10.1
1.1,15.3,16.83
2.2,27.6,60.72
19.6,27.2,533.12
0.0,0.0,0.0
1.8,24.6,44.28
0.0,7.9,0.0
46.3,5.7,263.91
7.1,19.3,137.03
0.0,11.5,0.0
26.0,43.0,1118.0
16.7,12.5,208.75
2.7,10.9,29.43
9.5,10.3,97.85
0.0,2.2,0.0
5.5,5.5,30.25
1.7,10.0,17.0
2.8,16.2,45.36
18.6,45.4,844.44
0.0,13.3,0.0
6.8,6.8,46.24
30.4,28.1,854.24
19.5,22.5,438.75
0.0,1.0,0.0
13.8,27.0,372.6
48.1,42.9,2063.49
5.6,18.9,105.84
0.0,10.1,0.0
6.3,15.6,98.28
29.8,42.6,1269.48
3.1,6.2,19.22
4.2,20.2,84.84
2.2,19.6,43.12
50.7,22.5,1140.75
0.0,15.6,0.0
16.7,35.7,596.19
10.9,31.3,341.17
11.8,29.4,346.92
9.9,22.5,222.75
10.3,26.1,268.83
5.8,11.5,66.7
2.0,2.0,4.0
22.0,49.2,1082.4
6.3,13.2,83.16
11.7,14.3,167.31
0.0,8.3,0.0
0.0,3.0,0.0
29.9,40.3,1204.97
23.2,23.2,538.24
18.5,29.0,536.5
0.0,3.1,0.0
62.2,5.4,335.88
43.0,27.3,1173.9
5.3,42.1,223.13
31.7,0.0,0.0
0.0,6.2,0.0
10.7,33.3,356.31
3.0,12.9,38.7
15.5,40.3,624.65
22.0,23.9,525.8
0.0,4.7,0.0
8.6,23.7,203.82
1.4,2.8,3.92
33.0,25.0,825.0
18.5,40.7,752.95
11.3,26.0,293.8
2.7,10.8,29.16
2.6,13.2,34.32
9.3,18.6,172.98
26.2,29.1,762.42
7.1,20.2,143.42
21.2,23.2,491.84
9.0,29.0,261.0
53.8,30.8,1657.04
10.3,15.9,163.77
0.0,3.1,0.0
0.0,5.0,0.0
38.1,38.1,1451.61
9.8,22.8,223.44
3.0,21.2,63.6
4.8,16.7,80.16
36.1,38.3,1382.63
3.2,0.0,0.0
5.6,21.3,119.28
4.4,15.6,68.64
6.5,16.1,104.65
25.0,31.3,782.5
0.0,0.8,0.0
18.5,30.3,560.55
0.0,21.7,0.0
5.9,13.6,80.24
26.2,36.9,966.78
9.2,9.2,84.64
0.0,0.0,0.0
30.5,33.3,1015.65
29.1,23.3,678.03
22.2,52.8,1172.16
50.3,30.3,1524.09
0.0,11.6,0.0
21.0,31.0,651.0
3.8,23.1,87.78
17.5,24.3,425.25
18.2,63.6,1157.52
2.1,12.0,25.2
0.0,4.4,0.0
2.7,27.0,72.9
7.1,21.4,151.94
6.1,30.4,185.44
8.2,23.3,191.06
3.8,23.1,87.78
62.8,14.9,935.72
1.1,9.7,10.67
47.5,42.5,2018.75
21.9,58.3,1276.77
0.0,13.3,0.0
5.9,33.3,196.47
0.0,13.7,0.0
0.0,8.6,0.0
8.2,22.1,181.22
6.0,31.3,187.8
14.1,42.3,596.43
9.4,32.9,309.26
2.6,0.0,0.0
2.6,17.1,44.46
0.0,15.6,0.0
2.4,24.4,58.56
0.0,2.4,0.0
59.2,36.7,2172.64
5.0,13.7,68.5
4.0,4.0,16.0
33.9,37.3,1264.47
16.7,54.5,910.15
9.1,25.5,232.05
4.7,14.1,66.27
5.3,22.8,120.84
26.8,32.5,871.0
7.1,26.6,188.86
0.0,23.1,0.0
1.5,5.5,8.25
7.7,18.0,138.6
14.7,33.5,492.45
9.2,19.7,181.24
0.0,0.0,0.0
0.0,4.4,0.0
7.5,18.8,141.0
0.0,15.4,0.0
10.3,29.3,301.79
23.8,29.9,711.62
8.5,16.0,136.0
2.6,20.5,53.3
3.0,27.3,81.9
14.3,39.3,561.99
13.0,33.7,438.1
6.4,27.8,177.92
2.8,6.7,18.76
9.5,14.3,135.85
10.6,31.8,337.08
1.1,17.1,18.81
0.0,1.8,0.0
19.8,18.9,374.22
94.1,1.5,141.15
14.7,30.2,443.94
6.0,9.5,57.0
0.0,19.7,0.0
10.5,27.8,291.9
8.6,23.8,204.68
4.8,23.8,114.24
1.2,4.3,5.16
35.0,40.1,1403.5
14.0,27.9,390.6
14.1,32.1,452.61
14.3,14.3,204.49
5.5,17.3,95.15
2.8,0.0,0.0
4.3,20.2,86.86
8.2,31.0,254.2
18.6,27.8,517.08
0.8,2.5,2.0
9.3,23.3,216.69
3.0,18.2,54.6
12.0,14.5,174.0
3.1,14.6,45.26
10.2,18.4,187.68
0.9,11.9,10.71
1.3,10.4,13.52
15.6,37.7,588.12
35.1,29.5,1035.45
11.0,20.7,227.7
12.7,36.3,461.01
5.1,24.4,124.44
10.9,27.3,297.57
0.0,19.0,0.0
2.2,8.7,19.14
14.0,28.1,393.4
1.9,11.4,21.66
13.4,16.1,215.74
6.7,7.8,52.26
0.0,18.4,0.0
15.5,17.5,271.25
10.7,27.7,296.39
12.5,25.0,312.5
0.0,0.0,0.0
0.0,2.9,0.0
11.5,29.5,339.25
45.7,17.1,781.47
5.3,13.3,70.49
21.7,26.7,579.39
0.0,0.0,0.0
9.1,24.6,223.86
0.0,39.3,0.0
0.0,4.8,0.0
8.5,22.5,191.25
7.1,16.1,114.31
2.2,13.3,29.26
0.0,13.0,0.0
14.6,26.9,392.74
1.1,4.5,4.95
1.5,9.1,13.65
0.9,11.4,10.26
13.3,24.2,321.86
4.7,19.5,91.65
49.8,34.5,1718.1
10.2,9.0,91.8
20.5,17.0,348.5
5.0,13.8,69.0
0.0,14.3,0.0
9.2,27.5,253.0
9.7,16.1,156.17
29.8,28.8,858.24
1.9,5.8,11.02
7.5,26.7,200.25
10.5,26.3,276.15
7.9,22.5,177.75
4.1,12.9,52.89
18.8,27.1,509.48
6.6,21.9,144.54
7.0,21.1,147.7
9.8,31.0,303.8
2.3,13.6,31.28
2.6,16.5,42.9
15.5,46.6,722.3
2.2,8.9,19.58
45.8,9.4,430.52
13.6,18.2,247.52
3.8,26.9,102.22
14.7,26.5,389.55
0.0,1.5,0.0
42.9,24.8,1063.92
1.0,8.7,8.7
9.4,28.3,266.02
7.6,34.2,259.92
0.0,2.6,0.0
1.4,21.9,30.66
10.1,15.2,153.52
14.9,28.7,427.63
4.3,17.0,73.1
4.3,23.1,99.33
29.2,3.0,87.6
1.9,8.4,15.96
13.3,10.0,133.0
6.9,23.1,159.39
12.2,17.1,208.62
16.7,35.7,596.19
0.0,9.8,0.0
2.9,12.9,37.41
14.8,14.8,219.04
14.5,24.3,352.35
13.4,22.7,304.18
6.1,33.7,205.57
32.6,38.6,1258.36
0.0,0.0,0.0
36.6,25.6,936.96
14.6,31.5,459.9
15.6,27.3,425.88
13.3,24.2,321.86
4.0,12.0,48.0
20.0,30.3,606.0
14.9,29.7,442.53
3.1,18.8,58.28
25.0,22.9,572.5
1.6,9.7,15.52
7.1,15.0,106.5
1.0,10.0,10.0
26.0,57.2,1487.2
22.9,45.7,1046.53
21.5,38.0,817.0
2.5,13.8,34.5
19.3,1.2,23.16
0.0,3.8,0.0
6.3,25.0,157.5
17.4,30.3,527.22
14.0,18.9,264.6
51.6,16.6,856.56
7.8,23.3,181.74
19.5,29.7,579.15
2.4,19.0,45.6
2.4,22.9,54.96
7.0,42.1,294.7
0.0,10.3,0.0
1.3,25.3,32.89
0.0,0.0,0.0
0.0,0.0,0.0
25.2,35.1,884.52
13.8,38.5,531.3
32.7,54.9,1795.23
8.6,41.4,356.04
0.0,14.3,0.0
13.5,27.0,364.5
48.1,42.0,2020.2
5.3,18.9,100.17
0.0,8.5,0.0
50.0,0.0,0.0
2.6,7.7,20.02
0.0,9.1,0.0
4.5,9.1,40.95
50.6,48.1,2433.86
0.0,18.2,0.0
39.3,26.0,1021.8
16.3,23.8,387.94
8.2,20.9,171.38
53.7,16.3,875.31
6.0,35.8,214.8
8.2,20.6,168.92
24.1,31.0,747.1
37.0,1.8,66.6
17.9,25.0,447.5
11.1,16.0,177.6
0.8,15.8,12.64
12.8,22.3,285.44
7.9,25.8,203.82
2.2,6.7,14.74
6.1,10.1,61.61
21.5,33.1,711.65
5.0,15.0,75.0
5.3,14.7,77.91
2.2,15.6,34.32
25.7,32.7,840.39
48.9,9.4,459.66
1.5,13.2,19.8
38.1,21.4,815.34
26.3,47.5,1249.25
4.4,22.2,97.68
0.6,4.2,2.52
1.2,8.5,10.2
6.8,19.9,135.32
28.9,38.9,1124.21
24.2,39.4,953.48
16.9,23.6,398.84
14.9,26.7,397.83
0.0,33.3,0.0
9.0,7.4,66.6
2.9,17.1,49.59
2.9,8.7,25.23
17.9,33.9,606.81
0.0,9.6,0.0
28.1,3.3,92.73
4.2,18.8,78.96
8.7,26.6,231.42
0.0,0.0,0.0
10.3,35.9,369.77
15.8,65.8,1039.64
4.2,8.4,35.28
63.6,27.3,1736.28
30.8,44.2,1361.36
5.7,34.9,198.93
32.2,33.9,1091.58
7.1,21.4,151.94
2.4,4.7,11.28
9.4,37.5,352.5
26.1,33.8,882.18
42.3,26.9,1137.87
3.9,15.7,61.23
0.0,12.5,0.0
3.5,12.9,45.15
12.3,23.3,286.59
0.8,9.2,7.36
2.1,20.6,43.26
13.6,19.3,262.48
16.0,40.0,640.0
13.1,29.5,386.45
25.0,32.8,820.0
6.6,13.2,87.12
1.4,10.1,14.14
2.2,13.2,29.04
17.9,27.4,490.46
2.5,14.9,37.25
3.8,22.0,83.6
32.2,27.6,888.72
46.2,28.9,1335.18
4.4,27.8,122.32
19.6,35.3,691.88
86.8,12.5,1085.0
15.9,18.3,290.97
1.8,5.5,9.9
0.0,0.0,0.0
20.0,21.5,430.0
16.3,44.2,720.46
6.0,27.1,162.6
16.1,35.5,571.55
31.7,34.1,1080.97
0.8,10.9,8.72
10.0,20.0,200.0
12.6,44.0,554.4
1.4,5.6,7.84
6.1,19.1,116.51
19.6,28.6,560.56
0.0,6.6,0.0
36.0,36.0,1296.0
0.0,17.3,0.0
6.7,15.7,105.19
1.8,13.5,24.3
6.2,22.7,140.74
0.0,5.1,0.0
16.4,30.9,506.76
37.0,26.3,973.1
2.4,28.6,68.64
2.4,12.0,28.8
1.6,40.3,64.48
21.2,28.2,597.84
7.4,37.0,273.8
0.0,4.3,0.0
3.2,6.5,20.8
3.1,12.2,37.82
7.9,23.7,187.23
3.8,11.4,43.32
37.5,31.6,1185.0
14.0,23.3,326.2
28.2,15.4,434.28
16.3,20.4,332.52
20.0,50.0,1000.0
26.9,34.6,930.74
6.8,27.1,184.28
5.7,21.6,123.12
9.5,29.5,280.25
5.5,16.5,90.75
0.0,13.6,0.0
6.0,29.1,174.6
12.2,36.6,446.52
1.6,8.0,12.8
9.9,13.2,130.68
20.5,40.9,838.45
6.3,21.7,136.71
16.7,16.7,278.89
0.9,15.8,14.22
0.0,15.9,0.0
11.9,16.7,198.73
11.5,35.2,404.8
0.0,10.3,0.0
0.8,15.1,12.08
10.3,37.2,383.16
0.7,10.0,7.0
37.5,43.8,1642.5
7.5,25.9,194.25
10.6,34.0,360.4
6.7,19.3,129.31
0.0,11.1,0.0
35.1,30.9,1084.59
15.6,33.3,519.48
16.5,31.6,521.4
11.1,24.2,268.62
9.0,24.3,218.7
8.8,26.5,233.2
7.1,12.9,91.59
0.0,19.4,0.0
1.1,5.3,5.83
0.6,1.3,0.78
26.6,34.4,915.04
17.8,20.1,357.78
0.0,20.7,0.0
5.3,13.2,69.96
11.5,27.1,311.65
10.7,26.2,280.34
0.0,5.0,0.0
44.3,14.8,655.64
0.0,8.9,0.0
9.2,15.4,141.68
17.9,17.9,320.41
4.5,27.3,122.85
0.0,1.3,0.0
0.0,4.8,0.0
2.6,8.6,22.36
4.7,14.7,69.09
2.1,11.5,24.15
6.6,23.0,151.8
32.2,32.2,1036.84
2.3,23.3,53.59
2.4,9.5,22.8
2.6,9.0,23.4
1.7,17.2,29.24
1.1,12.6,13.86
32.7,23.8,778.26
4.7,9.4,44.18
43.8,45.8,2006.04
39.8,17.5,696.5
0.0,4.3,0.0
25.0,46.7,1167.5
6.2,59.8,370.76
7.3,19.3,140.89
0.9,10.3,9.27
8.1,23.4,189.54
18.5,27.4,506.9
4.0,14.4,57.6
10.7,39.3,420.51
3.6,14.5,52.2
14.0,31.2,436.8
0.0,1.4,0.0
17.6,28.4,499.84
0.0,7.5,0.0
13.3,0.4,5.32
5.7,13.3,75.81
0.0,11.6,0.0
1.7,25.9,44.03
7.0,21.5,150.5
1.5,12.9,19.35
0.0,7.3,0.0
3.8,19.2,72.96
4.8,22.6,108.48
7.4,51.9,384.06
1.0,13.0,13.0
66.7,33.3,2221.11
26.0,31.1,808.6
8.3,18.1,150.23
14.0,22.8,319.2
40.5,52.4,2122.2
2.0,16.3,32.6
14.2,30.1,427.42
0.0,13.2,0.0
51.9,11.1,576.09
1.0,12.7,12.7
5.6,19.4,108.64
8.5,12.8,108.8
10.4,22.1,229.84
10.6,22.7,240.62
12.5,29.4,367.5
4.9,12.2,59.78
9.1,28.4,258.44
7.6,14.4,109.44
0.0,3.4,0.0
5.4,23.0,124.2
17.5,26.3,460.25
0.0,1.7,0.0
30.2,37.3,1126.46
14.4,25.6,368.64
10.1,21.7,219.17
2.7,13.7,36.99
26.5,42.9,1136.85
21.3,28.8,613.44
8.7,43.3,376.71
14.7,41.2,605.64
6.3,28.6,180.18
9.1,18.2,165.62
23.6,49.6,1170.56
47.9,2.1,100.59
25.2,46.8,1179.36
15.3,23.3,356.49
3.1,10.2,31.62
1.0,18.6,18.6
2.7,9.2,24.84
13.5,45.9,619.65
9.2,15.6,143.52
15.2,30.3,460.56
0.0,7.5,0.0
11.6,28.3,328.28
11.8,23.5,277.3
16.2,37.8,612.36
0.0,13.8,0.0
9.1,22.7,206.57
6.3,26.4,166.32
0.0,18.8,0.0
21.5,33.3,715.95
5.6,31.8,178.08
8.9,17.8,158.42
0.0,14.3,0.0
0.0,5.3,0.0
9.2,31.6,290.72
4.7,28.3,133.01
8.8,23.5,206.8
4.2,17.7,74.34
6.6,28.1,185.46
4.1,10.3,42.23
2.6,18.4,47.84
2.3,14.5,33.35
3.7,19.8,73.26
33.3,30.6,1018.98
14.3,46.0,657.8
2.9,10.6,30.74
20.4,28.6,583.44
18.2,38.2,695.24
32.0,56.0,1792.0
0.0,9.5,0.0
0.0,0.0,0.0
0.0,9.0,0.0
5.9,19.6,115.64
16.0,12.0,192.0
10.9,13.5,147.15
0.0,10.9,0.0
9.4,34.4,323.36
14.1,0.5,7.05
16.2,28.6,463.32
15.2,35.2,535.04
18.4,34.6,636.64
10.0,20.9,209.0
7.5,17.5,131.25
19.8,35.4,700.92
0.9,9.2,8.28
14.6,29.3,427.78
7.6,16.7,126.92
7.4,25.0,185.0
54.4,21.4,1164.16
4.6,12.8,58.88
13.7,34.7,475.39
2.8,18.2,50.96
12.1,27.6,333.96
8.7,22.0,191.4
12.5,26.8,335.0
19.7,33.3,656.01
34.1,37.0,1261.7
2.6,20.5,53.3
8.2,17.2,141.04
0.0,17.1,0.0
18.6,50.8,944.88
0.0,5.7,0.0
11.0,28.2,310.2
31.3,25.4,795.02
7.3,17.4,127.02
5.3,20.2,107.06
6.1,31.7,193.37
0.0,3.6,0.0
5.9,15.7,92.63
4.4,15.5,68.2
21.1,27.6,582.36
17.7,30.9,546.93
1.0,5.8,5.8
13.2,21.1,278.52
1.8,20.2,36.36
0.0,5.9,0.0
0.9,14.0,12.6
28.2,42.3,1192.86
6.2,13.8,85.56
0.0,4.3,0.0
4.0,13.3,53.2
8.6,24.8,213.28
11.0,22.0,242.0
25.4,31.0,787.4
0.0,4.3,0.0
18.9,30.5,576.45
10.4,27.1,281.84
4.2,22.9,96.18
11.1,29.6,328.56
2.2,8.7,19.14
1.1,11.3,12.43
4.6,20.2,92.92
93.3,6.7,625.11
3.4,21.9,74.46
7.0,24.1,168.7
27.2,23.7,644.64
3.0,18.2,54.6
50.4,8.6,433.44
47.3,23.9,1130.47
8.1,25.8,208.98
1.6,16.3,26.08
0.0,13.3,0.0
33.0,52.2,1722.6
0.0,0.0,0.0
2.3,11.5,26.45
27.2,43.7,1188.64
18.5,31.5,582.75
12.1,36.4,440.44
0.0,0.0,0.0
20.1,29.9,600.99
1.4,12.9,18.06
3.1,18.8,58.28
20.2,36.0,727.2
2.0,17.6,35.2
0.0,9.3,0.0
0.0,24.4,0.0
1.2,9.9,11.88
8.6,32.1,276.06
8.9,23.2,206.48
37.7,26.5,999.05
1.1,7.5,8.25
0.0,9.1,0.0
4.2,12.6,52.92
0.0,0.0,0.0
23.0,29.9,687.7
43.8,18.8,823.44
13.3,36.7,488.11
6.3,9.0,56.7
0.0,11.4,0.0
6.4,13.8,88.32
14.1,35.2,496.32
6.5,14.8,96.2
1.0,5.0,5.0
4.3,19.6,84.28
0.0,5.6,0.0
8.8,35.3,310.64
20.6,33.5,690.1
31.5,28.8,907.2
0.0,4.3,0.0
0.0,7.3,0.0
0.0,17.2,0.0
4.2,14.6,61.32
2.0,18.0,36.0
6.5,28.0,182.0
3.0,9.1,27.3
3.5,18.6,65.1
2.9,19.0,55.1
37.0,30.4,1124.8
17.3,33.1,572.63
1.5,10.4,15.6
39.3,53.6,2106.48
21.0,37.0,777.0
28.1,33.3,935.73
3.2,20.6,65.92
33.5,32.5,1088.75
12.7,22.5,285.75
29.2,25.0,730.0
9.5,28.4,269.8
17.1,22.4,383.04
0.0,3.3,0.0
7.5,18.8,141.0
11.1,13.9,154.29
23.4,29.7,694.98
4.2,16.7,70.14
8.2,16.3,133.66
8.5,23.2,197.2
10.3,17.5,180.25
6.9,24.1,166.29
9.8,0.0,0.0
22.1,30.5,674.05
0.0,12.5,0.0
28.0,29.7,831.6
10.3,38.2,393.46
5.9,5.9,34.81
4.6,14.4,66.24
0.0,0.0,0.0
2.2,30.3,66.66
37.3,26.3,980.99
3.7,16.8,62.16
0.0,3.5,0.0
36.8,31.6,1162.88
1.1,4.5,4.95
0.0,5.0,0.0
0.0,30.8,0.0
0.0,6.7,0.0
5.2,9.1,47.32
11.9,25.9,308.21
9.8,20.3,198.94
3.6,12.4,44.64
0.7,9.9,6.93
4.9,14.6,71.54
5.4,12.5,67.5
0.0,0.0,0.0
0.0,21.1,0.0
13.2,31.3,413.16
1.7,15.5,26.35
1.3,13.3,17.29
5.1,5.1,26.01
13.0,33.3,432.9
8.1,22.6,183.06
3.2,24.7,79.04
16.7,16.7,278.89
0.0,8.3,0.0
11.8,19.7,232.46
10.4,12.5,130.0
15.2,31.8,483.36
5.0,26.3,131.5
9.8,19.5,191.1
0.0,0.0,0.0
1.1,13.3,14.63
8.2,19.7,161.54
1.7,21.2,36.04
1.8,14.3,25.74
96.9,3.1,300.39
20.6,27.5,566.5
0.0,6.7,0.0
3.8,15.4,58.52
8.2,20.5,168.1
4.9,15.1,73.99
0.5,7.8,3.9
0.0,11.5,0.0
0.0,0.0,0.0
1.5,3.0,4.5
5.6,19.1,106.96
12.4,25.7,318.68
0.0,10.6,0.0
1.8,14.5,26.1
5.3,25.3,134.09
17.1,14.3,244.53
7.5,32.5,243.75
0.0,55.9,0.0
1.4,10.0,14.0
21.8,35.6,776.08
0.0,0.0,0.0
2.4,4.9,11.76
5.6,18.3,102.48
12.8,25.6,327.68
4.4,16.2,71.28
12.6,0.5,6.3
12.5,23.3,291.25
8.2,21.1,173.02
13.0,28.0,364.0
12.9,32.9,424.41
11.7,28.6,334.62
33.9,26.4,894.96
2.8,8.5,23.8
3.0,21.2,63.6
9.6,29.4,282.24
3.8,17.5,66.5
3.3,14.9,49.17
0.0,0.0,0.0
17.4,18.2,316.68
5.8,40.8,236.64
9.8,27.2,266.56
3.8,15.4,58.52
0.0,3.7,0.0
7.8,26.2,204.36
2.9,11.8,34.22
21.9,43.8,959.22
6.3,29.2,183.96
7.2,21.0,151.2
10.3,14.7,151.41
16.7,26.2,437.54
0.0,6.3,0.0
7.7,43.6,335.72
11.4,25.7,292.98
0.7,10.7,7.49
4.7,25.2,118.44
4.3,18.5,79.55
1.1,8.7,9.57
6.5,24.9,161.85
0.9,4.3,3.87
13.5,13.5,182.25
4.9,29.3,143.57
27.8,36.5,1014.7
18.3,37.6,688.08
19.7,21.1,415.67
37.7,29.5,1112.15
41.1,12.6,517.86
0.0,7.1,0.0
9.3,13.1,121.83
19.5,26.0,507.0
0.0,25.7,0.0
3.7,25.9,95.83
14.9,26.7,397.83
9.8,16.7,163.66
14.3,19.6,280.28
0.0,15.4,0.0
7.7,27.7,213.29
23.9,41.3,987.07
7.5,13.2,99.0
8.3,26.2,217.46
1.1,3.8,4.18
1.0,13.1,13.1
7.1,20.0,142.0
2.3,18.6,42.78
5.7,18.9,107.73
0.0,0.0,0.0
13.6,26.0,353.6
6.7,25.0,167.5
0.0,19.0,0.0
9.0,20.5,184.5
5.2,14.6,75.92
40.0,33.3,1332.0
6.7,16.7,111.89
10.0,40.0,400.0
19.3,33.3,642.69
4.3,29.0,124.7
0.0,4.1,0.0
5.0,0.6,3.0
4.3,21.3,91.59
15.8,22.4,353.92
10.0,27.5,275.0
19.5,26.3,512.85
10.7,25.2,269.64
19.6,41.2,807.52
5.9,15.7,92.63
39.6,49.1,1944.36
7.7,23.1,177.87
4.5,18.2,81.9
1.2,8.2,9.84
18.0,32.4,583.2
11.3,22.5,254.25
0.0,7.9,0.0
9.3,20.3,188.79
9.1,12.7,115.57
7.7,34.2,263.34
13.7,28.4,389.08
4.7,20.9,98.23
0.0,9.3,0.0
0.0,0.0,0.0
20.0,28.3,566.0
0.0,0.0,0.0
13.8,48.3,666.54
10.2,25.5,260.1
0.0,14.3,0.0
0.0,7.3,0.0
0.7,4.4,3.08
9.7,22.6,219.22
0.0,14.3,0.0
2.0,6.0,12.0
24.6,62.3,1532.58
12.5,50.0,625.0
31.7,25.0,792.5
0.0,5.9,0.0
3.9,19.6,76.44
3.8,28.2,107.16
3.2,14.3,45.76
33.3,23.8,792.54
0.0,0.0,0.0
0.0,0.0,0.0
6.3,25.0,157.5
5.3,28.7,152.11
0.0,16.0,0.0
14.5,30.9,448.05
12.5,12.5,156.25
1.0,9.5,9.5
5.4,16.1,86.94
51.0,49.0,2499.0
7.1,17.1,121.41
17.2,29.0,498.8
15.2,24.8,376.96
28.0,46.0,1288.0
29.6,37.3,1104.08
15.6,31.2,486.72
0.0,7.4,0.0
3.7,33.3,123.21
5.7,55.7,317.49
7.5,30.0,225.0
8.5,26.0,221.0
1.2,9.8,11.76
22.0,31.2,686.4
5.0,17.5,87.5
12.5,25.0,312.5
0.6,5.9,3.54
24.0,26.9,645.6
10.0,16.7,167.0
3.3,23.3,76.89
4.3,21.7,93.31
2.6,18.4,47.84
9.9,32.7,323.73
